seed,row_index,actual,predicted,probability_class_1
7,2747,0,0,0.4574158894063847
7,4596,0,0,0.30501974078850674
7,1598,0,0,0.41550072782041214
7,1764,0,0,0.14503448148422926
7,6458,1,0,0.4912203335835732
7,2261,1,0,0.25965732571533495
7,2055,1,1,0.676266718658277
7,1620,0,0,0.2761218974986557
7,6057,1,1,0.521779443301697
7,2034,0,0,0.4749745334359166
7,4895,0,1,0.557272743641766
7,1625,0,0,0.39277068054215025
7,5000,1,1,0.5148366778058816
7,2403,0,0,0.28763747420018576
7,6990,0,0,0.10650206355811213
7,4995,0,0,0.3092018756752005
7,1891,0,1,0.501273576690538
7,818,1,1,0.8292362290720496
7,6672,1,1,0.6398616618270385
7,2433,0,1,0.5788945083224396
7,2351,1,1,0.5165333171865929
7,3606,0,0,0.3144713547496806
7,6754,1,1,0.6694510855626428
7,100,0,1,0.5696207780513858
7,1048,0,0,0.16095753069091243
7,5613,0,0,0.36313438031827816
7,29,0,1,0.5221185222236961
7,5854,1,1,0.5988622775633841
7,5230,1,1,0.6653604106203409
7,6730,1,1,0.6668671941398021
7,2952,0,0,0.3686137468940077
7,2661,1,1,0.783613165806436
7,3540,0,0,0.32553452215508916
7,6239,1,1,0.7852939197837536
7,2571,0,0,0.25030985554150603
7,1412,0,0,0.462559011577064
7,180,0,0,0.49040833039628395
7,6153,0,1,0.5653144550365519
7,5187,0,1,0.6882167680685332
7,3694,1,0,0.3247718796616484
7,5143,1,1,0.5472663601591372
7,5122,0,0,0.33291960662356
7,1306,0,0,0.18222790671020403
7,1528,0,0,0.3027787384717714
7,5250,1,1,0.6426747549235385
7,5679,0,0,0.43323055672099575
7,3788,0,0,0.22933892726778846
7,1781,1,1,0.5514144675764889
7,3752,0,0,0.38609688628433075
7,6114,1,1,0.6849431578801435
7,6819,0,0,0.27196606542147633
7,5402,1,0,0.16978737596624424
7,6418,1,1,0.5771646811352724
7,3785,1,1,0.7300304266899759
7,4434,1,1,0.6787453394418088
7,4479,0,1,0.612380433118003
7,6187,0,0,0.23211686173673474
7,1113,1,1,0.7337772238888627
7,1716,1,1,0.6059799669389974
7,6483,0,1,0.7707004206751058
7,1612,0,0,0.29789235729089814
7,7028,0,0,0.44444833925445476
7,2024,0,1,0.7528004413126276
7,1480,1,1,0.646512687500919
7,2766,1,1,0.6169918024433421
7,1469,1,1,0.6164236472719236
7,4757,0,0,0.496542228605714
7,5728,0,1,0.6422438490186162
7,5232,1,1,0.5148562707270713
7,5901,0,0,0.19169040414179336
7,2248,0,1,0.5732746922384426
7,750,0,1,0.6849453723128527
7,4493,0,1,0.719605571283892
7,1962,1,0,0.45776345516448697
7,6453,0,1,0.5669119181360325
7,1749,0,0,0.16587958524051824
7,1788,0,0,0.30766435155368377
7,809,0,0,0.09129629445101524
7,3391,1,1,0.7374507056492691
7,5991,0,1,0.6077616414574619
7,3665,0,1,0.6126789222687193
7,4692,0,1,0.5406477638806936
7,6202,1,1,0.6219548568593628
7,3610,1,1,0.599924495007559
7,937,1,0,0.4630155844044677
7,6243,1,0,0.37712522326738596
7,836,0,1,0.6007853666110721
7,1475,1,0,0.3778071875375237
7,3758,0,0,0.1831687456554173
7,5816,1,1,0.5631160357186894
7,1052,1,1,0.7089820138715274
7,1955,1,1,0.6781071326468363
7,4815,1,1,0.6641782009708186
7,5621,0,0,0.2836498392873554
7,4163,0,0,0.322097431930555
7,1795,0,0,0.2154546798254466
7,5333,0,0,0.21907277139351386
7,6862,0,0,0.4676120758918047
7,940,1,1,0.6303029524051972
7,938,0,0,0.2464593002957324
7,5949,1,0,0.2669880681589735
7,2529,1,1,0.7619461273878203
7,814,0,1,0.658810046807348
7,5555,0,0,0.18627201641713065
7,2933,0,1,0.5913967587269859
7,2212,0,1,0.6851686307606483
7,4393,0,1,0.5328822803011353
7,2886,1,1,0.5268429480784321
7,4570,0,0,0.22949332757558946
7,3431,0,0,0.283943154113623
7,2844,1,1,0.5848338899531013
7,3950,1,1,0.5421761262204803
7,5298,0,0,0.14552682691457078
7,6859,1,0,0.44050644492447466
7,2928,0,1,0.6204642951158136
7,997,1,1,0.7772338179283363
7,2632,0,0,0.2509647973044383
7,1069,1,1,0.7964001050439371
7,4655,0,0,0.25118046345745304
7,1417,1,0,0.3431839382971862
7,1185,0,0,0.2638790159976157
7,649,0,1,0.5049354860120722
7,3029,1,0,0.2762928980599103
7,3184,1,1,0.7957316602516142
7,6592,1,0,0.29304699701775083
7,3406,0,1,0.5959567739784263
7,5652,0,1,0.6979908275142459
7,2235,1,0,0.44007491839535773
7,1556,0,1,0.6675125805677647
7,3388,1,1,0.6787574513348673
7,1847,1,1,0.8314449029761429
7,102,1,0,0.3295052946283783
7,4176,1,1,0.7328761700587577
7,1148,1,1,0.6956892675452964
7,2757,0,0,0.4029290802307959
7,3499,0,0,0.18117549803717448
7,2971,1,1,0.7418878299643349
7,3198,0,0,0.4907485585833297
7,5376,0,1,0.6198671031804611
7,297,0,1,0.5561651798357773
7,1184,1,0,0.282639640946652
7,4718,0,0,0.4046296689359707
7,853,1,1,0.7441408325402057
7,905,1,1,0.5449266844120367
7,3255,0,1,0.6983247128472108
7,6459,0,0,0.3883952028178338
7,2635,1,1,0.7279716968086557
7,4538,1,1,0.6334913778660713
7,3204,0,0,0.31100280711659445
7,4725,1,0,0.2546045243245451
7,1337,1,1,0.5743146610657183
7,6349,0,1,0.6007492039173139
7,4024,0,0,0.1808889647369884
7,1921,0,1,0.6787498077620092
7,534,0,0,0.26802723029741055
7,32,1,0,0.33306474389033214
7,6489,1,1,0.7395288700058091
7,2122,1,1,0.7135691839053738
7,3732,0,0,0.111173541825591
7,3932,0,0,0.19102085360120932
7,4075,1,1,0.5638594065704072
7,4319,1,0,0.4786595502928629
7,5551,0,0,0.33793788578353495
7,4793,1,1,0.847325894530659
7,6935,0,0,0.20192629412616384
7,866,0,1,0.7026964893039593
7,4841,1,0,0.23407079893860394
7,1223,1,1,0.5805429394549583
7,5282,0,0,0.13222172053224784
7,2336,1,1,0.7558382938626866
7,3024,0,0,0.3676527416019508
7,1748,1,1,0.7862867208035207
7,1514,0,1,0.7441716713044043
7,234,0,1,0.598795876853919
7,4771,1,1,0.6757114262700344
7,1729,1,0,0.1520384473283649
7,4821,0,0,0.32000159808954964
7,1245,1,1,0.5680538524655154
7,6806,1,1,0.7855487106411658
7,6932,0,0,0.36317708637093504
7,4386,0,1,0.5745892006956684
7,6851,0,0,0.4046260204709516
7,6931,1,1,0.7457617527326232
7,5233,1,0,0.33992838098357014
7,2704,1,0,0.22929791404147765
7,5360,0,0,0.3041088156616313
7,3952,0,0,0.3876164636800571
7,5763,0,1,0.5831606468313555
7,4580,0,1,0.5871555209757477
7,5317,0,0,0.10150197703351925
7,852,1,1,0.704902467458795
7,6640,1,1,0.7510966975675558
7,2339,1,1,0.5392871628024033
7,6093,1,0,0.21240061490222098
7,1038,0,1,0.658326912877222
7,2627,0,0,0.32451948309757905
7,2577,0,0,0.19033749086794297
7,5574,0,0,0.3782317676275178
7,4258,0,0,0.18852817861471416
7,2783,0,1,0.5097639429939282
7,4284,1,1,0.7957809426881121
7,4842,0,0,0.2605604631354449
7,6560,0,0,0.27464432298595143
7,1399,1,0,0.24487295496536107
7,5387,0,1,0.546288576910962
7,3661,1,0,0.4685588267423207
7,2037,1,1,0.7880434175606461
7,6095,0,0,0.2670821873154123
7,6397,1,1,0.5707819000215832
7,3918,1,1,0.8838756371226826
7,3520,0,1,0.5715693157736863
7,3896,0,1,0.6155590053703759
7,1076,1,1,0.6402238143246705
7,692,0,0,0.4676369018079144
7,3191,1,1,0.6554104962242543
7,5804,1,1,0.7882942397565064
7,6388,1,0,0.3623533638069034
7,6191,1,0,0.49126429277914685
7,4978,0,1,0.7579119259135958
7,3158,1,1,0.6411941599266129
7,695,1,1,0.6378323073209466
7,1018,0,0,0.29569556446737866
7,728,1,1,0.5228191768799699
7,3693,0,0,0.2538479290004981
7,2554,0,0,0.3782957449625652
7,3089,0,1,0.6270396441259083
7,4390,0,0,0.1620445484492753
7,1773,0,0,0.35100017853967286
7,4727,0,0,0.2700289740958584
7,6777,0,0,0.455354229822043
7,6911,0,0,0.340248446676072
7,1220,0,1,0.5243850432442548
7,1389,1,1,0.6730851785814793
7,3356,1,1,0.6302560951974402
7,1033,1,1,0.5904865895773677
7,4550,1,1,0.529417957774948
7,933,0,0,0.39749461476127873
7,271,0,1,0.6434245926763423
7,961,1,1,0.7651979880080328
7,1191,1,1,0.6896116040061537
7,769,0,0,0.2044464744732168
7,3921,0,1,0.5433447025425785
7,241,1,1,0.6016414156777967
7,1062,1,0,0.4627069138086354
7,5757,1,1,0.780676913049759
7,4818,0,0,0.4126078191435222
7,1957,1,1,0.6166733148543495
7,135,1,1,0.6475987526326114
7,1830,1,1,0.7703052899819494
7,4100,1,1,0.6205522350260754
7,106,1,0,0.2141570190152616
7,6927,0,0,0.24192799364840667
7,6608,1,0,0.3907709811455836
7,73,1,1,0.7726471630130031
7,6279,1,1,0.6233525272931298
7,3012,0,0,0.3522646772808325
7,5092,1,0,0.4707757165987169
7,18,0,1,0.7182047251626316
7,4281,1,1,0.5716578150274745
7,3285,1,1,0.7084482040628675
7,5255,1,0,0.47377721224741526
7,4622,0,1,0.6143929449799558
7,3597,0,0,0.17293110931004482
7,5262,0,0,0.15889536385598507
7,1008,1,1,0.6858670721317598
7,4205,0,0,0.4641998050379482
7,3273,0,1,0.5681251133464071
7,1125,1,0,0.3428269442413963
7,6699,1,1,0.5193321631838819
7,412,0,1,0.6209458107968345
7,6380,0,0,0.3173698442599764
7,4416,1,1,0.6758270809622998
7,3470,0,0,0.2392892645932142
7,1733,0,0,0.45431361644250484
7,6360,1,1,0.5033566009785776
7,5180,1,0,0.2742396052638776
7,6869,0,0,0.4540960149042368
7,4632,1,1,0.6785789334966322
7,6128,0,0,0.20544500831491178
7,6107,0,1,0.5044379146837378
7,5213,0,0,0.24640989374190944
7,5017,1,0,0.47731720550655055
7,1370,0,0,0.4929739460421303
7,3228,0,0,0.1264136848852781
7,6925,0,0,0.18831036701960055
7,1455,0,1,0.7485304684338095
7,58,0,1,0.5157289182841073
7,5916,0,0,0.1962281551665563
7,6545,0,0,0.26539686828249837
7,1172,0,0,0.38096785540904926
7,2940,0,0,0.27001716478550614
7,4704,0,0,0.4354047575949601
7,3302,1,0,0.3236419771598255
7,2426,1,1,0.7883917736149857
7,6866,0,1,0.7007459142846828
7,1505,1,0,0.23713972593970561
7,4794,0,1,0.5319149001427593
7,417,0,0,0.40661766864853377
7,5587,0,0,0.2232001314664047
7,1646,1,1,0.7444993519716182
7,5120,1,1,0.6219249114494588
7,1898,1,1,0.5507446617971941
7,6846,1,1,0.5594781007559311
7,2012,1,1,0.7665051206408815
7,1265,1,0,0.49114964429911706
7,1614,1,1,0.5614569054600282
7,4031,1,0,0.3669683295324139
7,3999,0,1,0.7002119669198046
7,1796,1,0,0.4962345115197762
7,1586,0,0,0.289610115389992
7,1449,1,0,0.3059077577433841
7,3462,1,1,0.5816989251319526
7,2328,0,1,0.6156073385345442
7,2752,1,1,0.726667445373445
7,4567,0,0,0.4855054323340503
7,5957,0,0,0.37756599721280143
7,2938,1,1,0.5915999910313555
7,4517,0,0,0.28826733992090026
7,4974,1,0,0.1770869644247034
7,539,0,0,0.4490149252885402
7,5499,0,0,0.15617864773200896
7,3240,1,0,0.37914900976177834
7,4556,0,0,0.4919088163854534
7,5846,0,0,0.4982560910315833
7,1183,1,1,0.625098434702165
7,295,0,1,0.6514667806673693
7,4883,0,1,0.5334626625390996
7,2205,1,1,0.7318771466855035
7,4856,1,1,0.6850433438695772
7,3656,0,0,0.3657551974710838
7,6109,0,0,0.33912011260395053
7,6392,1,0,0.34066042570662775
7,6328,0,0,0.1657691652166883
7,1840,0,1,0.5621498869816671
7,5054,0,0,0.4699993336428591
7,5803,0,0,0.2733910852113788
7,1903,0,1,0.7297258580378049
7,623,1,1,0.5593070211572553
7,6788,1,1,0.5275721872991129
7,5385,0,0,0.3333225208765121
7,6773,1,1,0.626520893463647
7,4694,1,1,0.5348886216893302
7,5747,1,1,0.6051106893381535
7,2925,0,0,0.1369436157210012
7,2557,0,1,0.552219334022082
7,6745,1,1,0.8431101324039598
7,6308,0,1,0.5780171272926058
7,2299,1,1,0.8040777646481617
7,251,1,1,0.6223510225083804
7,1386,1,1,0.6402420747360984
7,1448,0,0,0.16292015553230663
7,2767,0,1,0.6418378709126051
7,5463,0,0,0.26743738607522116
7,4025,0,0,0.1909267560664848
7,2218,0,0,0.3858784197252262
7,920,0,0,0.22007910840067402
7,1385,1,1,0.6621691135305177
7,6276,1,0,0.37341401172462063
7,1732,0,1,0.5625014556469812
7,5215,0,1,0.6750932400817826
7,5507,0,1,0.621717160302805
7,5711,1,1,0.7060794287678713
7,524,1,1,0.748150245200495
7,5257,1,1,0.5511922215826192
7,547,1,1,0.7303644896544199
7,1552,0,1,0.5331805137020614
7,729,1,1,0.653999577381756
7,4520,0,0,0.48961630376122195
7,4733,0,0,0.2557053497973386
7,1483,0,1,0.6139808286754957
7,5306,1,1,0.6446408727846595
7,432,1,1,0.7731918625582094
7,929,1,0,0.30916468634575883
7,7030,1,1,0.5646062864362014
7,5110,1,1,0.8371801132857556
7,72,0,0,0.18174467731551536
7,4474,1,1,0.662154103165679
7,5116,0,1,0.6165052050332386
7,3651,0,1,0.5878763916447654
7,4098,1,1,0.7892927111221214
7,6090,0,0,0.37747512117873544
7,3218,1,1,0.6302643221444293
7,1509,1,0,0.3725691111797034
7,3658,0,0,0.49874513147433086
7,781,1,0,0.25548472453499355
7,6784,1,0,0.4692726047224086
7,908,0,1,0.5692491331668666
7,1864,1,1,0.5632930636404909
7,5412,1,1,0.5576371140624248
7,2082,1,1,0.6050638441167364
7,4970,0,0,0.20099107354445475
7,3485,0,0,0.34026743803307796
7,3542,0,0,0.21168583903493504
7,5322,0,1,0.5681049803740522
7,4202,0,1,0.6297259167946552
7,1434,1,1,0.6697744958107497
7,5536,1,1,0.68116371763405
7,5302,0,0,0.28113128396647413
7,495,1,1,0.5278938488098547
7,6958,0,0,0.4476684290934658
7,4141,0,1,0.7785717419606788
7,1452,0,0,0.265335634094816
7,3366,0,0,0.4131561521439799
7,2596,0,0,0.48895185386970963
7,2582,1,1,0.7625743346622342
7,6540,0,1,0.5762629385428517
7,6886,1,1,0.7036675951203869
7,5919,1,1,0.6632494942995779
7,2666,1,1,0.6080904903824079
7,2088,1,1,0.5018475172926455
7,1342,1,0,0.4761825365807136
7,562,1,1,0.5901594568684345
7,1192,1,0,0.4789990993101436
7,403,1,0,0.46336357190159344
7,416,0,0,0.3548119770397925
7,4067,0,0,0.2726716330561911
7,6283,0,0,0.3484375465671477
7,4094,1,0,0.2926475437369306
7,69,0,0,0.21851928178471403
7,5310,1,1,0.6578859742992774
7,1640,1,1,0.5499154713572969
7,5520,1,1,0.5838015404695867
7,6928,0,0,0.1782794753340673
7,2074,0,0,0.45044944555369554
7,5967,0,0,0.22394773525979275
7,1889,0,0,0.2124975847767779
7,4272,1,1,0.7481270913848235
7,4127,0,0,0.12272970343265815
7,4465,1,1,0.6600040981409209
7,5806,0,0,0.44187934369968335
7,5672,1,0,0.49716381030089385
7,1787,1,1,0.7264328811774675
7,6010,0,0,0.19037163153062908
7,3723,1,0,0.4200959340103053
7,916,1,1,0.7303302002580645
7,239,1,1,0.8075317647249721
7,888,0,1,0.5228320034941752
7,5055,1,0,0.2040587863668608
7,3242,1,1,0.8416704326303456
7,6576,0,0,0.3706847739043772
7,2793,1,1,0.7178431759451673
7,136,0,0,0.10482418821961487
7,6790,0,0,0.4286225590127112
7,474,0,0,0.18998629936814715
7,3559,0,1,0.7099991749533582
7,4481,0,0,0.4781790808588273
7,5303,0,0,0.22395537963972656
7,5043,1,1,0.5993063670861524
7,3854,0,0,0.4166119917645355
7,5297,0,0,0.4971324750991228
7,1563,0,0,0.3456007604523392
7,726,1,0,0.46561024230638676
7,2550,1,1,0.6654257168339026
7,5154,0,0,0.11129079150535806
7,2215,1,0,0.41839781391809966
7,334,0,0,0.2534381764192011
7,3994,0,0,0.20479274820241886
7,2290,1,1,0.7002100411021888
7,5194,1,0,0.48680065152991164
7,4681,0,1,0.604939341555701
7,5906,0,0,0.3909758518182557
7,5940,0,0,0.3757050591495897
7,4339,1,1,0.7844268692209394
7,1791,0,0,0.14250512624835218
7,5457,1,1,0.7613744469358734
7,5714,1,1,0.6402531941425063
7,209,1,1,0.727099497503519
7,4643,0,0,0.3614534761676625
7,705,1,1,0.590202981614667
7,1138,0,0,0.20643509054613748
7,1000,0,0,0.260529273863151
7,4044,1,0,0.3919913832370657
7,5614,0,0,0.45090816216801655
7,5506,1,0,0.1940375223550149
7,4199,0,1,0.5967314407074693
7,123,0,1,0.6942334123306808
7,1154,1,1,0.6708640784981549
7,157,0,0,0.20735089505601534
7,6675,0,1,0.7876115355934561
7,5468,0,0,0.21014290775681357
7,713,1,0,0.4376350365846782
7,2214,0,1,0.774604141122561
7,5179,0,1,0.6213551125937632
7,6005,1,1,0.7570590498462062
7,5628,1,1,0.6330706599194798
7,3007,1,0,0.443621974467445
7,4130,1,1,0.8794105721632869
7,433,1,1,0.5498657342050361
7,5363,1,0,0.4108074214751494
7,4969,1,1,0.6357622206821507
7,4525,1,1,0.583487604117759
7,6596,0,0,0.13803769516166484
7,6661,0,1,0.6862763598817389
7,6266,1,1,0.7656940592812235
7,3472,0,0,0.24558676254793946
7,5109,1,1,0.5481686811028847
7,620,1,0,0.4942384977345563
7,3197,1,1,0.7523720912828735
7,5052,0,0,0.20010160255977177
7,6032,1,1,0.6969774135802862
7,4823,0,1,0.8005929321990305
7,5238,0,0,0.09215513916215165
7,944,1,1,0.7666714915252513
7,3687,0,1,0.7317816119797277
7,1133,0,1,0.50862735585636
7,120,0,0,0.31017378232762716
7,1555,1,1,0.5285798380410955
7,4104,0,0,0.35132676705782206
7,6688,0,1,0.707770233293292
7,1934,0,1,0.623890410777493
7,3105,0,0,0.40532570000047097
7,4090,0,1,0.6902389181265587
7,6565,0,0,0.30782010227292156
7,310,0,0,0.2201042865799969
7,1170,0,1,0.6938620121174955
7,6348,0,0,0.42222062995660614
7,2992,1,1,0.6071280966594709
7,3339,0,0,0.40976048934100884
7,5610,0,0,0.49369118068484413
7,6965,1,0,0.4600771909862697
7,6974,0,0,0.1392175449539307
7,5729,0,0,0.35603491679980864
7,1235,1,0,0.3102867883169488
7,1886,1,1,0.6612504121027946
7,1868,1,0,0.4180689096018842
7,891,1,0,0.48630372297334834
7,4311,1,0,0.20121194909072335
7,3748,0,0,0.4814443050124173
7,2087,0,0,0.35452756064593977
7,4151,1,1,0.7530951636677017
7,480,0,1,0.6343485825557057
7,300,1,0,0.22743252430192284
7,6498,0,0,0.1872667203979316
7,2690,1,0,0.466686081997924
7,5642,0,1,0.7286784210523412
7,1873,1,1,0.6224394485846695
7,3353,1,1,0.6392916012036675
7,4052,0,1,0.5103442681098413
7,6160,1,1,0.6352399215056284
7,4949,0,0,0.4049277908584713
7,4007,0,0,0.19794065708337416
7,1205,1,0,0.44439960520421784
7,2479,0,1,0.6747052102976305
7,3478,0,0,0.30502834572963056
7,5454,0,0,0.23019702349759233
7,6001,0,1,0.5714152487965674
7,2162,1,1,0.5898422620347854
7,5395,1,0,0.47520516747287256
7,3963,1,0,0.27852594816424303
7,1811,0,1,0.5248143499818441
7,450,1,1,0.7403252914952156
7,1264,1,0,0.3560433838436978
7,4326,0,1,0.6762326614317491
7,3452,0,1,0.5401637956206679
7,3756,0,0,0.3531678512323482
7,1221,0,1,0.6352692675956745
7,3781,0,0,0.17439952276382711
7,594,1,0,0.35953341839129066
7,6810,0,0,0.14077062661964299
7,3345,0,0,0.3125656384643461
7,478,1,1,0.644367969205407
7,64,0,0,0.1483686146943898
7,2378,1,1,0.6631689500378712
7,6704,0,0,0.4363072229042721
7,6767,0,0,0.44526112117292665
7,6412,1,0,0.30153746360374706
7,3705,1,1,0.7495184036325562
7,3698,0,1,0.6793181030423078
7,6451,1,1,0.5824268987794438
7,3908,0,1,0.543304941998632
7,4717,1,1,0.6112623481457409
7,2944,0,1,0.66479532431821
7,3954,0,0,0.4649816395117831
7,6994,0,0,0.202734224760307
7,3946,0,0,0.2978625713365802
7,6505,0,1,0.7257336995895034
7,6098,0,0,0.25135022605095053
7,6327,0,1,0.5778058013429106
7,2363,0,0,0.3805443513733527
7,5882,1,1,0.6094362532234681
7,684,0,0,0.14756905088944153
7,641,0,0,0.17567502729842177
7,761,0,0,0.2796617143429909
7,4648,1,1,0.6348934371836081
7,3222,0,1,0.769323466551431
7,6966,1,0,0.4429540109426698
7,6333,0,0,0.3121168793408527
7,1856,1,0,0.2394750616066068
7,5944,0,1,0.6634520522316746
7,326,1,1,0.8834120015437074
7,4514,1,0,0.3255220650217609
7,5817,1,0,0.17894854039329539
7,5419,1,1,0.7046182327929638
7,2726,0,0,0.3933048148333161
7,2681,1,0,0.24268223688834809
7,2570,1,1,0.6957344307242732
7,3367,1,0,0.42431610773841033
7,571,0,0,0.21206050334687382
7,1571,1,1,0.6171375026650666
7,4884,0,0,0.21935113654945612
7,6306,1,1,0.6285049075174756
7,3403,0,0,0.3540774704914128
7,3744,0,0,0.3262320253832217
7,6760,0,1,0.6698656274875817
7,4136,1,1,0.7918339831009402
7,4876,0,0,0.12036255071056881
7,2526,0,0,0.22298174242274307
7,3862,0,1,0.7103857736688416
7,3117,0,0,0.4381592486136056
7,1036,0,0,0.11639131108394292
7,4254,0,0,0.3927741715304294
7,94,1,0,0.13410610495724679
7,3937,1,1,0.6894653879379167
7,1016,1,0,0.35167239799910327
7,2137,0,0,0.35433194249772537
7,6583,0,1,0.5185476154031817
7,2703,0,0,0.3379736201969279
7,1940,1,1,0.608946399488857
7,4721,1,0,0.18646937191040677
7,2101,0,1,0.6397172168964887
7,1818,1,0,0.3577492548059786
7,1905,0,0,0.42231915075214044
7,110,0,0,0.21616067429560398
7,2357,1,1,0.56636005689177
7,5612,0,0,0.24482778613461986
7,6547,0,1,0.8154435417853578
7,5235,1,1,0.586666035396495
7,6084,1,1,0.5258627609138455
7,883,1,1,0.6133822351430493
7,1653,1,1,0.6240723211171232
7,4039,0,0,0.25127752895917665
7,3342,0,1,0.5802345304798193
7,2734,0,0,0.24617796590354338
7,351,1,1,0.6222624207695824
7,577,0,1,0.7070098014621699
7,5212,1,1,0.7204948582203468
7,932,0,1,0.5059092253962139
7,3407,1,0,0.2621563083627098
7,6944,0,0,0.26710740299188046
7,4011,0,0,0.23991658668911836
7,3746,1,0,0.47663791548843243
7,1566,1,1,0.7383633507860038
7,1415,1,1,0.7323005896928357
7,3880,0,0,0.3678959420255499
7,2513,1,1,0.7354874954095552
7,4497,1,1,0.5932479968546307
7,5912,1,0,0.3989327109838663
7,5153,1,0,0.4946113447306347
7,3465,1,0,0.14973594925340733
7,1175,0,0,0.29930026641029495
7,2540,1,0,0.3348560681357509
7,6776,0,0,0.4530229853867773
7,6575,1,0,0.2481574498471984
7,5406,1,1,0.6177607756805574
7,6979,1,1,0.5610349877494966
7,5953,0,1,0.6777653375160319
7,4774,1,1,0.6153104166369975
7,996,0,0,0.3560417816803697
7,5136,0,0,0.2866809851710014
7,5229,0,1,0.610012062755515
7,1743,0,0,0.3164830790215778
7,3428,0,0,0.420665341994266
7,473,1,1,0.7385688550176426
7,5832,0,0,0.2067277388246349
7,2541,0,1,0.5523468849467136
7,6769,0,0,0.15171440255882207
7,2292,0,0,0.3878911764204828
7,421,0,0,0.31162102894142385
7,430,1,1,0.561242578203318
7,4614,1,1,0.6615188555724106
7,5616,1,1,0.5279967733726889
7,6269,0,0,0.28503165614372733
7,3965,1,0,0.26087549647658215
7,2555,0,1,0.6983949815547145
7,6329,1,1,0.5928423499019534
7,6372,1,0,0.36328917580364106
7,1848,0,0,0.2467393212425838
7,3678,0,0,0.20573858119369173
7,5908,1,1,0.6147790294391149
7,1726,1,1,0.6434363180579481
7,3582,0,0,0.22455700728982453
7,4881,1,1,0.7200595478123041
7,3707,1,1,0.7335517675862924
7,5086,0,0,0.24079038427233868
7,737,0,0,0.4618310754330619
7,5632,0,0,0.32295401322910255
7,6570,1,0,0.3242003018352316
7,3716,0,0,0.2914781208057774
7,3482,0,1,0.6339910343198956
7,3164,0,0,0.21556305071559567
7,3780,1,1,0.5809271465751169
7,6813,0,0,0.2571928925639576
7,4834,0,0,0.3171757690906133
7,6939,0,0,0.25464167241848645
7,4298,0,0,0.1054962387184209
7,1906,0,0,0.13858426345075045
7,4919,1,0,0.49179350140342637
7,4304,1,0,0.34864659870184095
7,5259,1,1,0.7168627352107012
7,5227,1,0,0.456670896193543
7,2405,1,0,0.2837026366645853
7,4172,0,0,0.4119926049636199
7,6544,0,0,0.40293399599277085
7,622,1,0,0.2545292287890982
7,475,1,1,0.6120410250088263
7,2385,1,1,0.7887679876591689
7,3832,0,0,0.4958110331454777
7,46,0,1,0.8241702480273506
7,50,0,0,0.21186531092423289
7,132,0,0,0.20879238813960427
7,2377,0,0,0.34438636653277743
7,182,0,1,0.6370435326601899
7,5026,1,1,0.7704011489782335
7,3206,0,1,0.6779041653054177
7,4768,1,0,0.4183092777253664
7,3543,1,0,0.3243988285943476
7,5607,0,0,0.3046748419108636
7,6753,0,0,0.1798278789496751
7,1956,1,1,0.819129207332061
7,2406,0,0,0.18590859585654812
7,4577,0,1,0.5321630966922116
7,3900,0,1,0.6247661194681482
7,5253,0,0,0.20256396269589372
7,748,0,0,0.10680657866275124
7,1846,1,1,0.7738504708943216
7,579,0,1,0.6621865616558305
7,4858,0,0,0.3100544098210408
7,3101,0,0,0.25648368882585376
7,1730,0,1,0.6205067084006645
7,6394,1,0,0.39331178802357325
7,2949,0,0,0.46270059549087134
7,2053,0,0,0.14176781808483077
7,6825,1,0,0.30350464306855296
7,1813,0,1,0.5681545010576032
7,3783,1,1,0.516894432704997
7,401,1,1,0.7295835777522056
7,250,1,0,0.4810836560573386
7,6071,1,0,0.46810665402489215
7,4261,1,1,0.7109351759254515
7,2133,1,0,0.41806090641311955
7,5370,0,0,0.19103242569684237
7,1046,1,0,0.11766081362149935
7,4616,1,1,0.5275222199460395
7,3249,0,0,0.2736308350025439
7,1410,1,1,0.6003281497956517
7,3892,1,0,0.4483362366888831
7,3411,0,0,0.1619910602721263
7,760,0,1,0.6978432212396091
7,3150,1,0,0.4584470255309382
7,1911,1,0,0.33450911399404865
7,2517,0,0,0.25001326335017215
7,1158,1,1,0.7151819317693151
7,5836,1,1,0.6805716866015364
7,5918,0,0,0.19138795802479183
7,3799,0,0,0.2372174179795048
7,4830,1,0,0.35565991231303634
7,6241,1,1,0.6698370476888705
7,1959,1,1,0.8937683825022125
7,1011,0,1,0.5619812755582092
7,3195,1,1,0.7114051556089934
7,865,0,0,0.11125212704875656
7,2764,0,0,0.12805422834111121
7,4674,0,0,0.4502413960180087
7,4566,0,0,0.3800610759450319
7,1976,1,1,0.5263818859604298
7,3513,0,0,0.2165129761273827
7,2802,0,0,0.32594400813345004
7,6877,1,1,0.7328694658967223
7,635,1,1,0.5509913224007729
7,3068,0,0,0.2924731360333142
7,2830,1,0,0.3606655902970971
7,5388,0,0,0.45240238189129134
7,6591,0,0,0.19728191013105548
7,5176,0,0,0.19667628864495187
7,6086,0,0,0.3480082514401637
7,5265,0,0,0.2531344351302006
7,5084,1,1,0.7510437253245084
7,1708,0,0,0.24993809189782884
7,3907,1,0,0.39302749870107023
7,4329,0,0,0.3163580425494343
7,2191,0,0,0.47173938625904466
7,1547,0,0,0.17975301293985735
7,1362,0,0,0.24223430996288847
7,2310,0,1,0.6306975934797998
7,1488,0,0,0.43326577170242636
7,5341,0,0,0.25340855521903843
7,255,0,1,0.6164203653021801
7,1799,0,0,0.4675108788555899
7,1532,0,0,0.2754987973535019
7,365,1,1,0.6251848004187794
7,1762,0,0,0.24177727242203048
7,788,0,1,0.5463549332555944
7,4910,1,0,0.37142931050256567
7,515,0,0,0.2831859795611675
7,2452,0,0,0.0952685312109267
7,1674,1,0,0.1752662195469515
7,3646,1,1,0.6022632135878223
7,368,1,0,0.3309271802236783
7,6718,1,0,0.3423586200011544
7,1981,1,1,0.8186340105547643
7,22,1,1,0.6561783008906032
7,3609,0,1,0.7671279196923281
7,3961,0,1,0.513756171613966
7,3291,1,1,0.5160241537996846
7,2920,1,0,0.3677020974290485
7,6801,1,1,0.6229862302061051
7,3775,0,0,0.15125152355678786
7,4420,1,1,0.6236939065157252
7,4018,1,1,0.6935435737598489
7,3438,0,0,0.2516801978711639
7,5742,0,0,0.22499063854783277
7,7,1,1,0.627136846662677
7,33,1,1,0.551129646910547
7,4490,1,1,0.7595210201624749
7,6169,0,0,0.3524881590282841
7,6214,0,1,0.6051246854086126
7,1040,0,0,0.19725562095685573
7,5080,0,1,0.6218383201868055
7,5732,1,1,0.6431384037074374
7,5962,1,1,0.7047445814157955
7,1578,0,0,0.48008935191501984
7,111,1,1,0.663878328245494
7,5461,0,0,0.333725547318623
7,4447,1,1,0.7673755736321876
7,2167,0,1,0.6000699321807652
7,701,1,1,0.7218500064786848
7,1390,1,1,0.5763832559977659
7,4237,0,0,0.26221180437368313
7,4737,0,1,0.6559767415999092
7,3190,0,0,0.27433427084564743
7,2182,0,0,0.20928245834818887
7,3154,1,1,0.7137619147868486
7,5971,0,0,0.26311717000476775
7,2834,1,0,0.44020671241315895
7,4976,0,1,0.5121857411639237
7,2791,1,1,0.7066389071464071
7,6261,1,1,0.5680677874260813
7,2911,1,1,0.5839995928465465
7,6400,0,0,0.43991387476240756
7,6929,1,1,0.547151305834479
7,4753,1,1,0.7036074478507439
7,1470,0,0,0.4702270804608708
7,2168,0,0,0.21163843030535281
7,774,1,1,0.5012581850760703
7,4585,0,0,0.2852176231440928
7,4117,1,1,0.5902749196767545
7,3111,0,0,0.4005591357312356
7,1585,0,1,0.6245840199212632
7,4441,1,1,0.6361839913852543
7,6178,0,0,0.1796626096642239
7,907,0,0,0.18803768017089278
7,5446,1,1,0.545991662224754
7,733,0,0,0.4278171457527824
7,2371,0,0,0.2634652490980414
7,2353,0,0,0.42420924172489466
7,3677,0,0,0.3367241032917608
7,3258,0,1,0.6065316573807131
7,6889,1,1,0.8062419842031977
7,1739,0,1,0.6672212889078576
7,371,0,0,0.28075272211113983
7,3119,1,1,0.7205220889338472
7,2108,1,1,0.5689761810736431
7,2945,0,0,0.2855942568730957
7,1916,1,1,0.7507873241346243
7,3701,0,0,0.41348264492042824
7,3035,0,0,0.486135455804638
7,5266,1,1,0.7351465596994413
7,1136,0,0,0.31931243187993485
7,4116,0,0,0.20148694795697308
7,5659,0,0,0.1729317654062566
7,6624,0,0,0.4973123350457867
7,559,1,1,0.5327521129295303
7,288,0,0,0.4222582490476805
7,1802,0,0,0.25043858281893017
7,4121,1,1,0.7418456204392626
7,1216,0,0,0.3840753295946952
7,4890,1,0,0.35580230361398807
7,4666,0,1,0.6796702671678135
7,6807,1,0,0.47393014046269494
7,5899,0,0,0.08382163378119901
7,5670,0,0,0.22687363950854783
7,1659,0,0,0.35688559117488106
7,3432,0,1,0.6276264188714027
7,447,1,1,0.6766706592135232
7,4817,0,0,0.16690624114985728
7,3536,1,0,0.4812308195507523
7,3484,0,0,0.16921579180208834
7,2370,0,0,0.09865350540447489
7,897,0,0,0.36041059812202547
7,2618,0,0,0.4069904640506118
7,2335,0,0,0.16824170363788965
7,3598,1,0,0.20459538041465458
7,998,1,1,0.5704426551676486
7,4671,0,0,0.312733001556624
7,5828,1,0,0.2812577009306512
7,4696,0,0,0.40806025683327657
7,4592,0,1,0.6342874760449329
7,1135,1,1,0.5866163763364414
7,4377,1,0,0.4226682847162263
7,6299,1,0,0.42285887295400165
7,2222,1,1,0.5762646043023376
7,3984,0,0,0.3264028753676058
7,6817,1,1,0.5999994542763663
7,6900,1,1,0.5720067218370174
7,4134,1,1,0.6745234068242598
7,3968,1,0,0.4475501312946659
7,2004,0,0,0.20984303278408795
7,2097,0,0,0.23008570746064255
7,5078,1,1,0.6741655669731508
7,2193,0,0,0.41531088516105574
7,3050,0,1,0.6731169004000578
7,4063,0,1,0.6926553108071037
7,2701,1,0,0.3893729059772498
7,1246,1,1,0.6298379431445035
7,465,0,0,0.36171542439848103
7,4282,1,0,0.3708044037705306
7,394,0,0,0.31831740355677834
7,1378,1,0,0.1806559858754655
7,4854,0,0,0.15770045084768197
7,6707,0,0,0.24221106150486268
7,4707,0,0,0.12542652425198877
7,1985,0,0,0.3089078360488509
7,1472,1,0,0.47881370707057447
7,4190,1,1,0.5519633079220444
7,4308,0,0,0.1345388816616668
7,5113,1,1,0.5643548581434835
7,6322,0,0,0.3949369697941708
7,1594,1,1,0.5084210293258792
7,3767,1,0,0.29484484917558634
7,5791,1,1,0.5130911773242822
7,971,0,0,0.42621060183739107
7,4615,0,1,0.7276063332812166
7,575,1,1,0.7139193434445517
7,6258,0,0,0.17586926911585615
7,4149,1,0,0.15989125204059162
7,116,1,1,0.7739103203821118
7,2146,1,1,0.5789273067011939
7,5108,1,0,0.41691581901484176
7,3973,1,1,0.5453613435613863
7,2894,1,1,0.5925925842638811
7,5332,0,1,0.6266123326108451
7,1146,0,0,0.21056855907710212
7,683,1,0,0.1718914610658727
7,1255,1,0,0.4913876672590706
7,5582,0,0,0.38582410087692776
7,5831,1,1,0.7249981833450923
7,2085,0,0,0.22290424175915505
7,2296,0,0,0.19775527713830765
7,1193,0,0,0.18265319300169694
7,3812,0,1,0.5205250246440898
7,6534,1,1,0.6440152136939232
7,21,0,1,0.5890769378994599
7,354,1,1,0.5023592698115853
7,2446,1,1,0.7111995494246254
7,593,1,0,0.2614725754596459
7,3778,0,0,0.36644793395303454
7,4289,1,1,0.6758839895920417
7,2450,0,0,0.3721616165850195
7,5667,1,1,0.5239321449143629
7,5158,1,1,0.7451966477064561
7,2498,1,1,0.7015725637263565
7,4056,1,1,0.8140197865950435
7,5924,1,1,0.6687965764077562
7,1823,1,1,0.6653624705253995
7,4519,1,0,0.3319687689112713
7,6683,0,1,0.5129694869288178
7,4593,0,0,0.12501287078239298
7,1198,1,1,0.5928795470449171
7,4210,1,1,0.5602247870459898
7,6077,1,1,0.5863023949277297
7,4250,1,1,0.628610617313262
7,542,0,0,0.20062508814064436
7,1675,1,1,0.5702396346602764
7,5849,1,0,0.41874090032604966
7,1828,0,0,0.2656028230830712
7,4634,1,0,0.3350766000483166
7,1080,0,1,0.5579514486459759
7,3441,1,1,0.81956936510676
7,696,0,1,0.5366406873653824
7,5478,0,0,0.33559030162193343
7,1966,1,0,0.1948721376067189
7,1481,1,0,0.4861393836476967
7,1747,1,1,0.6028662672078359
7,6478,0,0,0.2132829600575657
7,1815,1,0,0.2209807639945211
7,5584,1,1,0.7679949226948378
7,5635,1,0,0.24198222814512346
7,2707,0,0,0.3575704498119434
7,1704,1,1,0.8080105281309834
7,4224,0,0,0.11569865787898558
7,1721,0,0,0.43401641343991465
7,1103,1,1,0.776976790041225
7,6778,0,1,0.5245931487454305
7,6821,1,1,0.5429334837438066
7,5183,1,0,0.4678268032667115
7,78,1,1,0.5895177013484412
7,233,0,1,0.7005860039372803
7,3067,1,1,0.5386356497791449
7,172,0,0,0.22236095028947284
7,308,0,1,0.5824375962083841
7,4010,0,0,0.25638580212773826
7,5722,0,0,0.3635029169421026
7,3450,0,0,0.19936623238288634
7,2744,0,0,0.13697203447606715
7,1862,1,1,0.6070232672029594
7,1590,0,0,0.4068624595792581
7,3124,1,1,0.6772782996849052
7,5611,1,1,0.7016048774273868
7,2307,0,1,0.6422865875376678
7,6113,0,0,0.3622417251816429
7,1672,1,1,0.7908803005123904
7,5111,1,1,0.7266201090524224
7,6847,1,0,0.19647582967316585
7,4255,1,1,0.7500174252133266
7,5272,1,0,0.22709462003087622
7,4900,0,0,0.3757743401456605
7,2809,1,1,0.6127943488886839
7,4345,0,0,0.48669592110313464
7,5295,1,1,0.778091654395926
7,201,1,0,0.34341947561993086
7,1774,0,0,0.3522129686725591
7,1396,1,1,0.6454415671442861
7,3380,0,0,0.3727051012291448
7,4557,1,0,0.47438505426420907
7,6172,0,0,0.3598623397934674
7,3183,1,1,0.8111031439545258
7,3014,0,0,0.3277624884405576
7,1379,0,1,0.5963562933850672
7,2288,0,0,0.21911873753485625
7,6581,0,0,0.15298177363070783
7,4275,1,1,0.7595864130102032
7,2696,1,0,0.44408852151344447
7,7017,0,0,0.2913695758705697
7,878,1,1,0.5372605955617201
7,2436,1,0,0.3935484720646286
7,2814,0,0,0.27665348485399743
7,6442,0,1,0.5875402472723086
7,6003,0,0,0.2889577704500514
7,1838,1,0,0.39591930777252377
7,2158,1,1,0.5356129945666693
7,3507,0,0,0.09632574747176462
7,6174,0,0,0.10948261534251646
7,3244,0,0,0.1708098831116318
7,3137,1,0,0.20283320007378802
7,7031,0,0,0.23313630003503447
7,4429,0,1,0.5453692679636274
7,2140,0,0,0.2335691375570597
7,2104,0,0,0.18892433700705305
7,1061,0,0,0.1545820511211641
7,4813,0,1,0.7982700246879909
7,3773,0,1,0.6803622521209977
7,491,0,1,0.6583058857672892
7,3097,0,0,0.44308972952132913
7,1745,0,1,0.6888435136800033
7,5195,0,0,0.2573057253549558
7,1667,1,1,0.6090190443379723
7,614,0,0,0.2892325408478405
7,3172,1,0,0.3977562222613468
7,1641,1,0,0.3053545176842148
7,1989,1,1,0.6448855381987767
7,6740,0,0,0.23909730604489374
7,5762,1,0,0.4926250939706207
7,3595,0,0,0.14327131854938296
7,5932,0,0,0.32481690087702403
7,3152,0,0,0.3258833657884925
7,6403,1,0,0.48790726925054606
7,1871,1,1,0.6530835465628724
7,4133,1,1,0.5296620657950833
7,2869,1,1,0.6900961507028388
7,1876,1,0,0.37605229572863513
7,3245,1,1,0.6327448541643654
7,3132,0,1,0.5646677990232757
7,985,0,1,0.7995102131406051
7,5307,0,1,0.857426274150408
7,4105,0,1,0.5622654224985966
7,3200,0,1,0.700511835884537
7,5261,0,0,0.193616257799034
7,4531,0,0,0.4474942893472745
7,5033,1,0,0.3417137759630556
7,643,0,0,0.37503640619511114
7,4761,0,0,0.40199967844074086
7,6610,1,1,0.5732624801111839
7,5581,1,0,0.4667478210587328
7,4708,1,1,0.6296983651097195
7,153,0,0,0.18454383032723604
7,3695,1,1,0.6367336077608218
7,1233,0,0,0.22503752287987655
7,24,1,1,0.62457553923403
7,2872,0,0,0.41723966485623254
7,5668,0,0,0.22423811976370606
7,4171,1,1,0.729890272709062
7,44,1,0,0.3663301076981533
7,2698,1,1,0.5842407446606629
7,671,1,1,0.6799735727694878
7,4701,1,1,0.604466131577625
7,3303,1,0,0.4784116857546753
7,6542,0,0,0.3171413918697435
7,496,0,0,0.1814946889360062
7,3215,1,0,0.4918493926102201
7,195,1,1,0.5657102550279378
7,3421,0,1,0.6127557243561291
7,2043,0,0,0.2315378960829737
7,4118,0,1,0.6639762425655527
7,1230,1,0,0.3731846914437892
7,5885,0,1,0.6486943856279703
7,6409,0,1,0.7074731805457363
7,1151,1,1,0.5031300072938935
7,4814,1,1,0.5409921855006555
7,4231,0,1,0.5453143779561679
7,1168,0,0,0.3317663260933464
7,5753,1,0,0.3087754543890281
7,6129,1,1,0.5164941857857034
7,5436,0,1,0.5264728347362434
7,3092,0,0,0.25064717425243
7,4810,0,0,0.2979537747574466
7,5637,1,1,0.66684791173459
7,2638,0,1,0.5928307984823727
7,5989,1,1,0.7705225273822818
7,1348,0,1,0.587893208086773
7,1785,1,1,0.7196677821887421
7,1147,1,1,0.8003442506983448
7,4512,1,1,0.7487936678600031
7,1131,1,0,0.41783429762623
7,423,0,0,0.32567296024589903
7,3362,1,1,0.5258344768479931
7,5910,1,1,0.5880045523733332
7,5003,0,0,0.4046461413422596
7,6530,0,0,0.47021946846813173
7,2995,1,1,0.7034068759987256
7,5380,1,1,0.5195310819213547
7,1844,0,0,0.3242430725596078
7,3194,0,1,0.5231365576306931
7,3025,0,1,0.6251742669866809
7,1253,1,1,0.8125791025186534
7,296,0,0,0.10821317996732421
7,444,0,0,0.44774811478143617
7,503,1,1,0.5268737370526834
7,6009,0,0,0.4169087252155323
7,489,1,0,0.4810252316658522
7,5316,1,0,0.27254023914959175
7,1107,1,1,0.5437298825697493
7,1269,1,1,0.6858720202135178
7,2663,1,1,0.5874093386994284
7,968,1,0,0.3447143248181319
7,1579,0,0,0.3712129927016216
7,4450,0,0,0.1398068238118665
7,3735,1,0,0.4347527235159891
7,134,0,0,0.4191857896803634
7,426,0,1,0.5065113418398567
7,6205,1,0,0.3152161485133618
7,2394,0,0,0.11217232978214454
7,5444,1,0,0.08343199930484249
7,1784,1,1,0.8050196207732988
7,3457,1,0,0.1904948250955838
7,6157,1,0,0.16088413990478154
7,1308,1,1,0.6987431798176712
7,5182,0,0,0.2722049347834376
7,3263,0,0,0.42009596107435854
7,6617,0,1,0.583954143308573
7,1047,0,1,0.6942976507635944
7,4201,0,1,0.6436960572488428
7,6419,0,0,0.18614016282523482
7,6047,1,1,0.7874000077131617
7,4956,1,0,0.3899096548406096
7,3374,0,0,0.2117367537441546
7,1275,1,1,0.5776353659788659
7,2645,0,1,0.5351565076419128
7,5734,0,1,0.6517237611931295
7,3669,0,0,0.4499538959182988
7,1677,1,0,0.4418047258060291
7,6274,0,0,0.24397208612192747
7,3251,0,1,0.5554809266075393
7,3275,1,1,0.6167551510057648
7,372,0,0,0.4498260587993288
7,4913,0,0,0.3082207423443079
7,3541,1,0,0.34328825939731183
7,5503,0,0,0.4175600354174546
7,5669,0,0,0.1830430412003763
7,1373,0,0,0.26158876173875717
7,5448,0,0,0.1430440321760822
7,2974,0,0,0.4564585759730775
7,2985,1,0,0.41438605241224885
7,3090,1,1,0.6121884097571303
7,5852,1,0,0.3011006565485204
7,1895,0,0,0.3739959950420352
7,4641,0,0,0.35961379235312513
7,2153,1,1,0.7226179239660724
7,4200,1,1,0.612377190252322
7,4421,0,0,0.3563214704101538
7,2183,0,0,0.2921635424638807
7,3017,0,1,0.5479588873590043
7,4864,0,0,0.2557333911755605
7,3688,1,1,0.6724022643494201
7,4041,1,1,0.6092401782644675
7,3093,0,0,0.24922324572559326
7,5605,0,0,0.08020349254739974
7,5292,1,1,0.5168401307545909
7,6940,0,1,0.538860346855782
7,2448,1,0,0.41335174012489334
7,2174,0,0,0.398399967726434
7,5377,0,0,0.177810470508541
7,2304,0,0,0.32079846937507284
7,1736,0,0,0.18272642255251945
7,3358,0,1,0.6941792556910292
7,9,0,0,0.27489252181327317
7,2578,0,0,0.2727251449247597
7,4990,1,0,0.27106109642018766
7,3591,1,1,0.6507714647614612
7,3613,0,0,0.2984891002186705
7,261,0,0,0.12812648678410893
7,2247,1,0,0.25409540274625525
7,6012,0,0,0.3083659862464013
7,598,0,1,0.5256705429361617
7,5973,1,1,0.5970685537216055
7,627,0,0,0.370525463428673
7,4801,1,1,0.7382453032571041
7,5005,1,0,0.27405407082127353
7,5651,0,0,0.39478911855507204
7,1112,1,0,0.30950740660933007
7,5197,0,0,0.28714107792232973
7,1529,1,0,0.47308820697138815
7,1283,0,0,0.3562414632516685
7,2788,0,0,0.4089208948478192
7,6969,0,0,0.4329490750146406
7,2279,1,0,0.35611554829346015
7,2373,0,0,0.12851439568709144
7,1149,0,0,0.3242458749153788
7,4954,0,0,0.4562433869044234
7,1714,0,0,0.3959706631997822
7,6606,0,0,0.3848107103067475
7,6463,0,1,0.5806822108870964
7,1292,0,1,0.7145116606130677
7,2585,0,0,0.28820897271454565
7,4855,1,0,0.4387086401509377
7,2233,1,1,0.5225272225415176
7,1899,0,1,0.5646968706958996
7,5004,1,1,0.7657047896397936
7,2709,1,1,0.5191564962893568
7,4038,1,1,0.5232182871528107
7,2312,0,0,0.34055805960995594
7,124,0,0,0.4836447228373507
7,4766,0,0,0.22237836676146439
7,3555,1,1,0.5839537676949287
7,1572,0,0,0.17126083776811044
7,1249,1,0,0.38199594638912293
7,3170,1,1,0.6378852761925379
7,6603,0,0,0.36739338379847725
7,2811,0,0,0.21103041273017054
7,67,0,0,0.3027014583550692
7,3288,1,1,0.541808760456977
7,5759,0,0,0.27458022877368826
7,5964,0,0,0.3579874443535001
7,4242,1,1,0.7520382382969777
7,2815,0,0,0.28894156025866086
7,3177,1,0,0.4241981719949147
7,2996,0,0,0.34755864460674113
7,4114,1,1,0.5737295557682778
7,6136,1,1,0.7476442858419843
7,5636,1,1,0.7046908277721589
7,5775,0,1,0.5883295857707715
7,3116,0,1,0.5621739986867189
7,4590,1,0,0.44178344681098364
7,4563,0,0,0.3877121396500189
7,1913,0,0,0.25056318121741206
7,6132,1,1,0.6478385671295968
7,6452,1,0,0.19078742641828553
7,838,1,1,0.7053836305822974
7,1711,1,0,0.17937723966686325
7,3622,0,0,0.3411973118683996
7,4371,0,1,0.5675819017105382
7,311,1,0,0.24816764691631657
7,1947,0,0,0.31859877759588695
7,1877,1,1,0.626818813421738
7,5471,1,0,0.39969651398648703
7,3418,0,0,0.22982652651697022
7,6383,0,0,0.2540951595603122
7,1318,0,0,0.16870571525037542
7,2584,1,1,0.6525171308824436
7,4139,1,1,0.5282359216420197
7,634,0,0,0.2819761323188089
7,1460,0,0,0.38532841121706557
7,5710,1,0,0.33218099205683704
7,1527,0,1,0.6342552057180693
7,1967,0,0,0.36345834463365306
7,5820,1,1,0.835365761777952
7,5866,0,0,0.3775464071366021
7,5835,1,0,0.4787261237488756
7,2142,0,1,0.5527845680030413
7,2900,1,0,0.46056763639526116
7,6791,1,0,0.3169454990626533
7,1226,1,1,0.5832998597864842
7,5130,0,0,0.4287699963020405
7,1365,1,1,0.664688590824409
7,4097,0,1,0.8518072859112725
7,5682,0,0,0.18107363303565807
7,6495,0,1,0.743497543937697
7,3293,1,1,0.703005631184373
7,1536,1,1,0.6274685836887371
7,5535,0,0,0.4888952845719313
7,1605,0,1,0.6090269485571715
7,3574,1,1,0.727423457746883
7,5177,0,1,0.6421937049630999
7,734,0,0,0.29000197567611957
7,459,1,0,0.4720311277438337
7,6598,0,0,0.4856755725369206
7,825,1,0,0.20574875210804136
7,6361,1,1,0.8283797361021632
7,2960,1,1,0.5734029684552534
7,42,1,1,0.6791150914269309
7,1980,1,1,0.7065508753205502
7,6968,1,0,0.4846111786715729
7,4271,0,0,0.3092631730644272
7,6964,0,1,0.655619350997313
7,4286,0,0,0.3068613571392319
7,4480,1,0,0.37937902453552813
7,65,0,0,0.1365132399755567
7,4759,0,1,0.5710580452175227
7,2474,0,1,0.6424300749113019
7,2161,1,1,0.5267462587081927
7,1613,1,1,0.6563137379349093
7,6168,1,0,0.4955779813670327
7,4322,0,0,0.20999977620370863
7,137,0,0,0.2418979353284166
7,5492,1,1,0.7439325389567969
7,5627,1,1,0.6121538149110944
7,2837,1,1,0.5786453810536589
7,5705,0,0,0.12313973131941994
7,3385,0,0,0.22485493665359305
7,4325,0,1,0.5579070698143626
7,931,0,0,0.31874526011515025
7,6028,0,0,0.44319046762899933
7,4942,1,1,0.5854451331873944
7,194,1,0,0.39242837648630885
7,1510,0,0,0.30139812007519756
7,1468,1,1,0.7255287730245468
7,1857,0,1,0.6770900798767923
7,5379,0,1,0.5864703180777179
7,5577,0,1,0.6650543225009685
7,3572,0,0,0.30779733007535204
7,4248,0,0,0.38633386616006943
7,5815,0,0,0.173365112517586
7,277,0,0,0.4994739305120158
7,3216,0,0,0.2299686451562639
7,312,0,0,0.3468025169471405
7,1925,0,1,0.6507334550830306
7,6961,0,1,0.6002170823538896
7,3539,1,0,0.44182863588543964
7,5396,0,1,0.5434299268174849
7,262,0,0,0.471759230647683
7,3618,0,0,0.3148254961958811
7,2623,1,1,0.5317992006468678
7,591,0,0,0.349470332638028
7,4294,1,1,0.5507581562584141
7,4941,1,1,0.5593080587396508
7,3234,1,0,0.33345589928131336
7,3064,0,1,0.687979188433121
7,5244,0,0,0.16464757747878495
7,3585,0,0,0.4394732284680672
7,3927,0,0,0.4131259638507529
7,2008,0,0,0.10808531304399202
7,6622,1,1,0.6291463582413181
7,1063,0,0,0.24998015245477762
7,637,1,0,0.28537569223874065
7,3640,0,0,0.19998856810619606
7,1570,1,1,0.6539873639554221
7,4147,0,0,0.28096486945160815
7,2505,1,0,0.33410370333717543
7,6180,0,0,0.05125706476666869
7,2865,0,1,0.6669269854257968
7,1890,0,1,0.5773669896792041
7,3805,0,1,0.66797841719209
7,1717,1,0,0.14694508720588706
7,2660,0,0,0.4536400956179292
7,2090,0,0,0.31636034393408347
7,4803,1,0,0.33226379655822513
7,2407,1,0,0.2638869992694992
7,4312,1,0,0.20509147937454278
7,5673,1,0,0.2829046330268773
7,2475,0,0,0.10988217007149395
7,2083,0,1,0.6795322440063952
7,452,0,0,0.23601863685460517
7,6698,0,1,0.5438812998522516
7,4425,1,1,0.6111785748962713
7,507,1,1,0.6912645924084366
7,5988,0,0,0.31029160489288005
7,2073,0,0,0.4749859207551652
7,4342,0,0,0.2858586334185885
7,2756,1,0,0.29934747111024984
7,3282,1,1,0.6244274000683199
7,1174,0,1,0.6742527809652161
7,3063,0,0,0.285140443629291
7,5868,1,1,0.6558893994016688
7,989,1,1,0.5765817787050569
7,451,0,0,0.1727408808417808
7,688,1,1,0.625191192678749
7,2893,0,1,0.6817559373281294
7,2355,0,1,0.5397666347150974
7,3526,0,0,0.15824420182587604
7,1727,1,1,0.7231838026308957
7,5313,0,0,0.3058963781932095
7,4853,0,1,0.6487183461971857
7,3463,0,0,0.2421222613701927
7,6091,1,1,0.543339246438012
7,3909,0,0,0.24979170539404325
7,3301,0,0,0.2651118360979954
7,4661,0,0,0.42374850526330066
7,3840,0,1,0.5953737832014239
7,5837,1,1,0.5858986953818248
7,3804,1,1,0.6792883725456471
21,731,1,0,0.3293643137659081
21,12,0,0,0.19275566161443203
21,2328,0,1,0.6187105672773487
21,1919,0,0,0.33384475979028483
21,449,1,1,0.625935993884883
21,2656,0,0,0.41902591445328136
21,920,0,0,0.21627187191239644
21,1349,1,1,0.7331566864065724
21,299,0,1,0.645006147260506
21,1604,1,0,0.4616524152512708
21,4668,0,1,0.573396411139029
21,4119,0,0,0.3618058566681972
21,4518,0,1,0.6196655806205963
21,730,0,1,0.7575202046909454
21,662,0,1,0.5831580143713708
21,5438,0,0,0.1260779566323671
21,2986,0,0,0.22534090449364808
21,5102,1,0,0.2720745042745271
21,1926,1,1,0.6629857294719637
21,3475,1,0,0.45586204226846816
21,6920,0,0,0.18890755870363332
21,2509,0,0,0.3069796621842404
21,2174,0,0,0.3941750054518417
21,3038,0,0,0.3887851843997156
21,3023,0,0,0.39101782400643853
21,4616,1,1,0.5338452749520859
21,4777,0,0,0.2599709720655015
21,4672,0,1,0.6790698633877464
21,3168,0,0,0.21464786241079375
21,3450,0,0,0.2152660268535685
21,5519,0,1,0.7611051623983518
21,271,0,1,0.5992424572578356
21,5598,0,0,0.18523839175267254
21,4742,0,1,0.6407451243035702
21,5109,1,1,0.5267933083600271
21,276,1,1,0.8665832165028134
21,704,1,1,0.5695385593752211
21,6388,1,0,0.35550409715666315
21,6746,1,0,0.34851185933249973
21,4351,0,0,0.16502561857805279
21,4422,0,0,0.452439561276705
21,4291,1,1,0.560987849573862
21,4892,1,1,0.7325347055042177
21,5041,0,0,0.30717926093931563
21,5357,0,0,0.2196241757066958
21,3275,1,1,0.6395154892353002
21,1654,0,0,0.14876084510425053
21,6477,1,1,0.539515319759176
21,100,0,1,0.5417634260284211
21,2751,1,0,0.4535966806428804
21,2462,0,1,0.5051646901164202
21,5759,0,0,0.24195312517727097
21,3977,0,0,0.3208298307494247
21,7024,0,0,0.397365279264164
21,2083,0,1,0.6959041769292661
21,2946,1,1,0.6690614786630122
21,1778,1,1,0.5460644960782954
21,6769,0,0,0.14315587872011185
21,4670,0,0,0.19159564978382798
21,2543,1,1,0.5592815585793492
21,3616,1,0,0.43220636270725965
21,6683,0,1,0.5451743738232326
21,3551,0,0,0.36618124938676133
21,1904,0,1,0.5704384164544953
21,3847,0,0,0.2259800666513249
21,3443,1,1,0.6551789730849571
21,1214,0,1,0.5141521060134767
21,5145,0,1,0.5301653824058493
21,2292,0,0,0.40233930086618847
21,6413,1,0,0.2699992925618703
21,378,0,1,0.5085880918172342
21,5176,0,0,0.19600179621559555
21,1462,0,0,0.13887207310822447
21,2684,0,1,0.661845803442865
21,1638,1,1,0.6463097473960433
21,4441,1,1,0.6532011331849588
21,4411,0,0,0.2894318358283322
21,5756,1,1,0.6653787884549308
21,846,0,0,0.33860028489243055
21,6653,1,1,0.7190091767071775
21,2016,0,0,0.3498337612257696
21,5050,1,0,0.3279344548623292
21,7021,1,1,0.8136531415096179
21,5147,1,1,0.7931744775382539
21,560,0,0,0.3127489030664275
21,6250,0,1,0.6165578747978224
21,5952,1,1,0.6369224986898644
21,2906,0,0,0.19602078203228085
21,6372,1,0,0.3448527780418242
21,2282,1,1,0.5364990631368669
21,352,0,0,0.49954915327697824
21,3257,0,1,0.5970654474620036
21,4306,0,1,0.58428644433663
21,1555,1,1,0.5311545871537855
21,2318,0,0,0.44291797276680656
21,3338,0,0,0.34342144558568005
21,3788,0,0,0.25408492912781583
21,2608,0,0,0.31603776193921324
21,2018,1,1,0.6522489402427055
21,4847,1,0,0.1836813957579067
21,5528,1,0,0.38111553229931494
21,5067,0,1,0.6415217957503067
21,2096,1,1,0.6609148221537626
21,4383,0,0,0.2421114415414923
21,1755,1,1,0.7307616983108248
21,255,0,1,0.6497605242185235
21,2125,0,1,0.5376879429355778
21,3917,1,0,0.27703879350810273
21,2227,0,0,0.2921973524136114
21,6730,1,1,0.674437769617571
21,4784,0,0,0.20918206144276635
21,6183,0,0,0.23708768796599744
21,5043,1,1,0.6166775909800658
21,5146,0,0,0.31109748323925485
21,75,1,1,0.5218045441002582
21,3124,1,1,0.6908236668325723
21,250,1,0,0.49351605872992566
21,3206,0,1,0.6709212777751038
21,1265,1,0,0.49660641356597035
21,3746,1,1,0.5022099771347658
21,82,0,1,0.5344023162837109
21,3729,1,1,0.7041819131781971
21,6277,0,0,0.38661098944680045
21,3325,0,0,0.46120869840048545
21,5370,0,0,0.18719807324463847
21,2151,1,1,0.6091832812062005
21,6292,1,1,0.5329648887321782
21,2721,1,0,0.22928934008281154
21,3643,1,0,0.27216253020646836
21,3155,0,0,0.18477309526482524
21,1948,0,1,0.7617331188338351
21,2364,0,0,0.31398857975644173
21,2777,0,0,0.17548765621949855
21,822,0,0,0.264431397598572
21,2137,0,0,0.38182132678928227
21,6796,0,0,0.11370812494261567
21,1795,0,0,0.22639992293541475
21,6544,0,0,0.3794189581204287
21,5702,0,0,0.3877404316064526
21,2162,1,1,0.5893184542575023
21,3959,0,1,0.6151345140455784
21,2428,0,0,0.3012239440514312
21,2850,0,1,0.6287692261310666
21,2456,1,1,0.7033731636204674
21,2094,0,1,0.6334802995389738
21,2572,0,0,0.3772732755356402
21,5484,0,1,0.5405798959422087
21,499,1,0,0.2538921441690098
21,3355,0,0,0.22749406102251526
21,6995,0,0,0.2554418180379733
21,2987,0,0,0.1579193201526345
21,2433,0,1,0.5605184339835209
21,991,1,1,0.5682891986754843
21,3550,0,0,0.2592703922489856
21,2238,1,1,0.60137780237527
21,14,1,0,0.3771935435621061
21,6026,0,0,0.4617220857629105
21,1164,0,0,0.2180339014956924
21,5019,0,0,0.3686904892094722
21,3356,1,1,0.6287700044263861
21,4778,1,1,0.7286819046429269
21,6417,1,1,0.5219296118560824
21,5142,0,0,0.3494190378093096
21,3684,0,1,0.6040834604634493
21,3245,1,1,0.6503400980443408
21,2977,1,1,0.6819835424826112
21,1532,0,0,0.2863873389228189
21,4428,0,0,0.45885506961740935
21,887,1,0,0.41460998358257506
21,5642,0,1,0.7032538819288625
21,164,0,0,0.3646688329002674
21,5374,1,1,0.6474440951063719
21,2911,1,1,0.584284024201094
21,632,1,0,0.4479903476263415
21,116,1,1,0.7580441506886212
21,177,1,0,0.38480906015296035
21,6279,1,1,0.6124235876653528
21,6193,1,0,0.24854984117759082
21,4391,1,0,0.2888479755602832
21,3535,0,0,0.2351027958373853
21,3524,1,1,0.6561152132346753
21,1547,0,0,0.19287587073634194
21,4123,1,1,0.5370680746156574
21,6239,1,1,0.7822016154059833
21,5804,1,1,0.7909887240034998
21,5048,1,1,0.6504627525523781
21,5863,1,0,0.36424825758430607
21,464,0,0,0.24648528638077608
21,98,0,1,0.8092149156778594
21,2770,1,1,0.5835847216764006
21,3169,1,1,0.6732972380475315
21,1690,1,0,0.2761403969976391
21,4165,0,0,0.3311909257047968
21,2004,0,0,0.19044113388489112
21,1674,1,0,0.17210961786062856
21,2992,1,1,0.606902219541411
21,3415,0,0,0.1803522782307896
21,4398,1,1,0.54755982892904
21,5255,1,1,0.5147022461063113
21,3050,0,1,0.6641446222345166
21,5688,1,1,0.7995315585554565
21,4770,0,0,0.23609041093359726
21,4278,0,0,0.22246425929233127
21,3785,1,1,0.7548966266173088
21,3192,1,1,0.5654341600642251
21,5724,0,0,0.43217922935535524
21,825,1,0,0.2012003639196236
21,3519,0,1,0.7074158785086905
21,3322,0,0,0.2295338349918973
21,2003,0,0,0.15897954002214534
21,146,1,0,0.4112552135554663
21,6812,1,1,0.601141919400026
21,1088,0,0,0.26561547998622803
21,3892,1,0,0.4537570858758271
21,4953,0,0,0.441689929574953
21,3786,1,1,0.6410382589890624
21,1995,1,0,0.2056893771814296
21,1797,1,0,0.48963756307065365
21,7010,1,1,0.5112550317306396
21,4514,1,0,0.2887053483327039
21,5040,0,0,0.277419949866658
21,6732,1,0,0.2740732358390056
21,2327,0,0,0.2070265618838764
21,322,0,1,0.5020784727962943
21,5987,0,1,0.541669833969077
21,6542,0,0,0.3031784811008919
21,5403,0,0,0.09268992012703647
21,3630,0,1,0.5309689429285005
21,1681,0,0,0.44507723313481623
21,6174,0,0,0.11039917397184865
21,1390,1,1,0.6206818456558607
21,3035,0,0,0.48420832594240043
21,327,1,1,0.739985201051094
21,3607,0,0,0.3161910453939432
21,4569,1,1,0.6656873931466575
21,6941,0,0,0.3157153292499022
21,3578,0,0,0.2945624777414355
21,5014,1,0,0.47641582826198053
21,6606,0,0,0.40292184974103723
21,2635,1,1,0.7159417444339359
21,4375,1,1,0.7337077385555004
21,5304,1,1,0.6151755918261189
21,3259,0,0,0.35507778393304196
21,6790,0,0,0.43571626706824607
21,1260,1,0,0.49964699083080344
21,4086,1,1,0.8138232074902664
21,611,1,1,0.8008325116610443
21,889,0,1,0.5768623360593187
21,979,0,0,0.2519270458903898
21,6666,1,1,0.7481720027214065
21,5214,0,1,0.6917021270816776
21,2588,1,1,0.5470196038097157
21,3156,0,0,0.47640293524317634
21,6136,1,1,0.7247437463259377
21,5537,0,0,0.4364272477329602
21,1409,0,0,0.25848217117894245
21,2474,0,1,0.6277788255562154
21,3291,1,1,0.5605332379487769
21,3703,1,1,0.5910155484372194
21,764,1,1,0.6435549992393446
21,6621,0,0,0.40244339347685903
21,304,0,0,0.3362415655457411
21,3612,0,0,0.4530754643518923
21,1270,1,1,0.6388511677308523
21,1233,0,0,0.22744946512911718
21,2682,0,0,0.057507655020780785
21,3142,1,1,0.6766616039593762
21,4706,1,0,0.24433717985288858
21,853,1,1,0.7666860772082617
21,426,0,1,0.528311660659962
21,4239,1,1,0.6060113025308922
21,5949,1,0,0.23798588292920397
21,4077,1,0,0.2336161637138821
21,4074,0,1,0.6355088237803351
21,5261,0,0,0.1811354711621291
21,3164,0,0,0.18735002437321885
21,431,0,1,0.5278926474933486
21,4394,0,1,0.6331809164888594
21,5372,0,0,0.15525761947478225
21,503,1,1,0.544031332036061
21,5427,0,0,0.25588631839992937
21,6359,1,0,0.4369320683600077
21,230,0,0,0.4995706655312416
21,2011,0,0,0.32698149516202996
21,3894,1,1,0.5484964729977921
21,4578,1,1,0.6985615471935284
21,4132,1,1,0.573387741457024
21,2050,1,1,0.7311697954930212
21,4299,1,0,0.31396209393178426
21,47,0,0,0.19465789818285473
21,1335,0,0,0.06688162097163534
21,6310,1,0,0.2509672486939424
21,3337,0,0,0.22503904370862615
21,347,1,1,0.8021996243136634
21,842,0,0,0.29237339031279547
21,5558,1,0,0.3291508991435147
21,5999,1,1,0.6631766680387904
21,4496,1,0,0.16441239421771717
21,4038,1,1,0.5433987314409268
21,5958,0,0,0.20674618381486504
21,702,0,1,0.5127046801977473
21,6422,0,0,0.1988264436453677
21,2781,0,0,0.37970149254454205
21,6147,1,0,0.42233799422969787
21,5599,0,0,0.14583803285438632
21,3319,1,0,0.22902928459817196
21,6236,0,0,0.44607098893691355
21,6039,0,0,0.4476192343361339
21,4968,1,0,0.4609616415512129
21,2579,0,1,0.7041783282218912
21,750,0,1,0.6900657663749923
21,6788,1,1,0.5135329901174626
21,1523,0,0,0.22021981939945084
21,6957,1,1,0.8511862974374793
21,5500,0,1,0.5898816485364061
21,5909,1,1,0.8021045486738061
21,5473,1,1,0.5515538587601065
21,5221,1,1,0.6008873564019533
21,3280,0,0,0.2725216449834176
21,6160,1,1,0.6271031247885039
21,3090,1,1,0.6129164112545301
21,2947,1,1,0.6758684210005143
21,5315,0,1,0.6522596466841616
21,4665,0,0,0.293726974297531
21,193,1,1,0.7276737223222859
21,5934,0,0,0.23555619978319145
21,5375,0,1,0.7267978528802452
21,3717,1,1,0.6503169625783335
21,5722,0,0,0.36832813004340825
21,3548,0,0,0.4110449802653192
21,18,0,1,0.7248649907040506
21,6318,1,1,0.7401432339284233
21,856,1,0,0.4585506363424008
21,5170,0,0,0.2778079216862528
21,538,1,0,0.4611640336120695
21,630,0,0,0.18528909411120334
21,380,1,1,0.5802995782778628
21,6328,0,0,0.1603434648160955
21,2494,0,1,0.5395326259618387
21,623,1,1,0.5837068599308792
21,2214,0,1,0.7725777692081173
21,788,0,1,0.525962014595234
21,3268,1,1,0.8269382803941583
21,6286,0,1,0.7078817299098347
21,6180,0,0,0.04905620628122521
21,5740,1,0,0.2555797144717047
21,6992,0,0,0.24636741907482118
21,6140,1,1,0.6429187722235737
21,6674,0,1,0.6230282952714923
21,2970,0,1,0.644758153431355
21,68,0,0,0.40687051861513635
21,695,1,1,0.680600989549381
21,5294,1,1,0.7323630319662262
21,2418,0,0,0.29618827961453686
21,4133,1,1,0.5429932367976548
21,6515,1,1,0.6046408079648299
21,933,0,0,0.4173515909107521
21,6484,0,1,0.5194980850619597
21,6698,0,1,0.581889614170162
21,2117,0,1,0.5467055866045099
21,4489,1,1,0.6231168784019092
21,39,0,0,0.3216028823414818
21,2541,0,1,0.5590281752140563
21,3851,1,1,0.679626114992287
21,3281,1,1,0.5634047287282146
21,3998,1,0,0.42164553333269866
21,894,0,0,0.2759440163821178
21,5823,1,1,0.537147176718644
21,4834,0,0,0.3353097405324415
21,6692,0,0,0.21230548411024278
21,5364,0,0,0.4261119386389918
21,2934,0,0,0.22666130670084103
21,6880,1,0,0.41845009029946184
21,6322,0,0,0.42534655814897016
21,25,0,0,0.2194226301312708
21,3697,1,0,0.3112320244244231
21,233,0,1,0.6859061216930231
21,4280,1,0,0.26265152343509757
21,1082,0,0,0.22883009298162513
21,3184,1,1,0.7903879751884566
21,4413,1,1,0.6613058777140925
21,5152,0,0,0.19278215965475198
21,606,0,0,0.30381570020838256
21,6139,1,1,0.585253181469236
21,1476,1,1,0.7639896856199342
21,4168,0,1,0.5183566467802948
21,4803,1,0,0.2940407468224798
21,4547,0,0,0.32492285950770666
21,2490,1,1,0.6610133810225235
21,2270,1,1,0.6770476406336329
21,4416,1,1,0.6816744697378312
21,4094,1,0,0.2840778241834569
21,43,0,0,0.11475769739622235
21,6090,0,0,0.38618954545230105
21,5728,0,1,0.6399964588019897
21,87,1,0,0.32364189970552754
21,4827,1,1,0.5293367356752035
21,344,1,1,0.6572755510164555
21,5194,1,0,0.457817169079204
21,5126,1,0,0.27342868951050553
21,3965,1,0,0.27559478611674737
21,6895,0,1,0.7958467911958829
21,6050,0,0,0.27887701228536915
21,4263,1,0,0.3868707593093662
21,6994,0,0,0.1880409114070916
21,2653,1,1,0.8233058857154981
21,5523,0,1,0.7304218168667532
21,6663,1,1,0.5686623769777082
21,6269,0,0,0.3000469514771694
21,3620,0,1,0.5262145931268135
21,5192,0,0,0.36925474036858713
21,535,0,0,0.30549278394337515
21,2113,0,0,0.20810258097081316
21,3878,1,1,0.595533277720323
21,4134,1,1,0.6859683055000009
21,5666,0,1,0.5768439728933704
21,1588,0,1,0.6129970677635195
21,3682,0,0,0.3295088374172347
21,2165,1,0,0.3038765740607208
21,1856,1,0,0.24704838938448076
21,4970,0,0,0.21492263306781714
21,6640,1,1,0.7331946796561803
21,4642,1,1,0.7274344916989217
21,5252,0,0,0.24675540871452964
21,6004,0,1,0.5054971478304424
21,681,1,0,0.4882650927194304
21,307,0,0,0.2838894775196094
21,1124,0,0,0.16914406381459735
21,6983,1,1,0.642108925698946
21,4659,1,0,0.3406845627784972
21,1511,0,0,0.22029190035096927
21,3069,0,1,0.5003827799967516
21,2921,0,0,0.18403164833112684
21,6432,0,0,0.34730428841302896
21,2829,0,0,0.12787027142077442
21,6168,1,0,0.49071360271077075
21,1027,1,1,0.5296666919964415
21,2118,1,0,0.3605075128687276
21,1646,1,1,0.777064421633024
21,2701,1,0,0.3927399280954856
21,4284,1,1,0.7945489965749777
21,5440,0,0,0.26051863711283585
21,6574,0,0,0.2797639344393398
21,4188,0,0,0.2727665067330159
21,6052,0,1,0.7143635400261287
21,6507,0,0,0.23203608198390802
21,6547,0,1,0.8101431519494572
21,1583,0,0,0.48520451444110185
21,6037,0,1,0.5942000352798223
21,1132,0,0,0.22762186066461834
21,4961,1,1,0.6962117426852389
21,581,0,1,0.5457512577367188
21,1513,1,1,0.5689814139761251
21,3868,1,1,0.6217636017650685
21,6753,0,0,0.14910417723744882
21,2390,1,1,0.6476865853826209
21,2836,1,1,0.614765431169783
21,188,1,0,0.2204045377768031
21,1813,0,1,0.5628929373461411
21,1515,1,1,0.740740485941458
21,4488,0,0,0.4813161423394524
21,5254,1,0,0.432259084792164
21,4866,0,1,0.5693509368897999
21,5809,1,1,0.6214749022680279
21,1145,0,0,0.3529768577826418
21,976,0,0,0.29365662828356764
21,5678,0,0,0.27359154514843426
21,5117,0,0,0.3735902821807862
21,5163,1,1,0.5009627912874139
21,334,0,0,0.2388664241678547
21,3673,1,0,0.4410689883906684
21,2486,0,1,0.6510088702478205
21,4332,0,1,0.5744915064880931
21,2061,1,0,0.3042288714074336
21,2693,0,1,0.5270168265323879
21,3789,0,0,0.2077877993403184
21,3857,1,0,0.18809323100590133
21,1181,1,1,0.5895879547585656
21,4928,0,1,0.668225697172041
21,6601,1,0,0.49512071964675425
21,379,1,1,0.7828444015467624
21,4750,0,0,0.2985400906499444
21,5900,1,0,0.4300067278965611
21,5768,0,0,0.2133489675137206
21,2975,1,1,0.6320615182552725
21,2954,0,1,0.6302207188267648
21,4178,1,1,0.7812959840311194
21,1536,1,1,0.639595232402931
21,4285,1,0,0.42076125098655626
21,1863,1,0,0.4718910177031523
21,2171,0,0,0.3623823754646224
21,701,1,1,0.7272005597389786
21,6373,0,0,0.33639963180575444
21,4693,0,1,0.5392813477470128
21,6420,1,1,0.7383048889027144
21,5217,0,0,0.1301578812522405
21,3307,1,1,0.7105872045251057
21,6731,1,0,0.3821462120930684
21,139,0,0,0.2095890481929659
21,4071,0,1,0.8582524420037588
21,4227,0,0,0.33447680439055283
21,2755,1,1,0.6555375102638259
21,6779,0,0,0.35421912433430786
21,6452,1,0,0.16217021678345425
21,3861,0,1,0.5236207296471809
21,4159,1,1,0.6878923370289327
21,1937,1,1,0.786127481776669
21,714,1,1,0.7848108837530422
21,5943,1,0,0.27206611066795366
21,5844,0,1,0.7087409261393673
21,7038,1,1,0.5271137852505791
21,677,0,1,0.7093327727743429
21,5162,1,0,0.2168192321172411
21,5529,0,0,0.1799205125426778
21,5319,0,0,0.2439134216206307
21,3705,1,1,0.7337800267452657
21,6336,1,0,0.41149276330456475
21,4504,0,0,0.27282505524162426
21,5675,1,1,0.5028414035564213
21,3692,1,0,0.4936231050785551
21,2300,1,0,0.26990505954152844
21,4186,1,0,0.4668763360480405
21,1540,1,1,0.5680124327735282
21,5699,1,1,0.5637724913936005
21,2792,0,0,0.10494834839836462
21,1746,0,0,0.2993597890822097
21,5783,0,1,0.5956108391042222
21,5391,0,0,0.18747534126003063
21,3840,0,1,0.6028436753476606
21,5223,1,1,0.7505379163786362
21,3380,0,0,0.390257627986884
21,3436,1,1,0.6032818114961365
21,5763,0,1,0.573231906687384
21,5281,1,1,0.7226430869021802
21,5390,0,0,0.09640897926456864
21,4058,0,0,0.3240904477234528
21,1965,0,0,0.21526764720975974
21,4908,1,1,0.6099238528811168
21,4818,0,0,0.38691847897853937
21,74,0,1,0.5744815947862991
21,6232,0,1,0.5690613420657853
21,6807,1,0,0.4864210492644535
21,3515,1,1,0.7863098053218018
21,6290,1,1,0.6617105497577886
21,421,0,0,0.30349720212926906
21,7041,1,0,0.24479592874253991
21,3599,0,0,0.2758078705062231
21,4377,1,0,0.3945861827322071
21,2268,1,1,0.6952170456346984
21,2248,0,1,0.5483654863476082
21,2556,0,0,0.4655878960745491
21,2344,1,0,0.38498085796034814
21,1307,0,0,0.2726924968239942
21,4831,0,0,0.42169262785352096
21,5066,0,0,0.1692490551572112
21,4587,0,0,0.3913403327795499
21,2146,1,1,0.5359466940278791
21,6700,1,1,0.6692856026355416
21,364,0,0,0.34767637431953224
21,5442,1,0,0.36428714752319036
21,5936,0,0,0.18932233145191124
21,2671,1,0,0.48687425950222224
21,1278,0,0,0.3203296850644003
21,4536,1,1,0.5382853856561222
21,6035,0,1,0.6621882374340323
21,6231,0,1,0.6823518048534287
21,143,0,0,0.46500330103801735
21,2476,1,1,0.6610479689469339
21,5918,0,0,0.17238032802262032
21,3015,1,1,0.5761892259752445
21,3373,1,1,0.6782471233674034
21,4439,0,0,0.4635336606366251
21,556,0,0,0.21292766717333197
21,3561,0,0,0.48328406758784986
21,3544,1,1,0.6072641648719659
21,6833,1,1,0.7104739904282092
21,446,0,0,0.20430580626783193
21,2729,1,1,0.6310268813320175
21,6959,1,0,0.44502571674988656
21,2927,1,1,0.6159354048266993
21,1461,1,0,0.2306109537561165
21,5723,0,0,0.18159686935820366
21,6486,1,1,0.5551501427221766
21,6940,0,1,0.5474602227585461
21,3815,1,0,0.3440898909302762
21,6669,1,1,0.6667854598207295
21,4557,1,0,0.47788771246557366
21,3285,1,1,0.7026036926482223
21,6561,0,1,0.6832651044185098
21,4386,0,1,0.5582764208814214
21,3698,0,1,0.664630324099267
21,3392,0,0,0.1520662281448881
21,1826,1,1,0.5621542715487272
21,4456,0,0,0.3566478252646649
21,3476,1,1,0.6585388298916581
21,664,0,0,0.336500990743302
21,5381,0,1,0.536879743984521
21,1841,1,1,0.6856507115607718
21,1563,0,0,0.36501800371109133
21,4762,0,0,0.466143316463529
21,3261,1,1,0.5982628463973267
21,5262,0,0,0.14565193550138922
21,296,0,0,0.11921293730684843
21,6946,0,1,0.5105945730850073
21,3342,0,1,0.5740356479877277
21,2645,0,1,0.5482260012668523
21,1694,0,1,0.5395631386687828
21,4931,0,0,0.15185366470494538
21,1337,1,1,0.5776888357791979
21,4790,1,1,0.7273929478781357
21,1575,1,1,0.6794434054421156
21,2957,0,0,0.12613945573069069
21,4435,0,0,0.2589802966163138
21,1584,1,1,0.8179381904812552
21,6907,1,1,0.7598283804254476
21,4220,0,0,0.2064482973798668
21,675,1,1,0.6608684910333773
21,4338,1,1,0.6102031502596117
21,6437,0,0,0.2921154415093143
21,4423,0,1,0.8377334298090522
21,5086,0,0,0.2543766402580557
21,6888,1,1,0.8139084306156259
21,2298,1,0,0.39878612615597087
21,1993,1,0,0.16696648870191924
21,3278,1,0,0.29871208576331065
21,2854,1,0,0.3566626132480718
21,6266,1,1,0.7312753902177876
21,3931,0,1,0.6924174834717509
21,6072,0,0,0.31877956497732074
21,1632,0,1,0.7590707741599383
21,651,1,0,0.4680926339205942
21,758,1,1,0.7017927766734493
21,4237,0,0,0.25467401889509445
21,1793,0,0,0.3524850472677801
21,5306,1,1,0.660222204542392
21,6558,0,0,0.41182974570092556
21,2892,0,0,0.25814517897632294
21,5656,1,1,0.7959818604391875
21,4199,0,1,0.5827231851941125
21,4344,1,1,0.6357703049525376
21,4062,0,0,0.26113708244712047
21,342,0,1,0.6377135399223008
21,407,0,1,0.5946609119850198
21,4560,0,0,0.1848458452855508
21,1455,0,1,0.7370089687912597
21,5079,0,0,0.3306222944358553
21,5956,0,1,0.5711787950630375
21,6230,1,0,0.4613153765748458
21,3123,0,0,0.2549964288741694
21,4711,1,1,0.6637608635878547
21,4823,0,1,0.8031911346423826
21,663,1,1,0.5123070771577554
21,1868,1,0,0.383073954398038
21,3593,1,0,0.2640111549710031
21,5466,1,0,0.3043297342406797
21,4198,1,1,0.7130934762356214
21,3279,1,1,0.5165968898659916
21,2819,0,0,0.26647362093021465
21,2942,0,1,0.5010313463578259
21,1779,0,0,0.07412382444741109
21,4899,0,0,0.16806730928614394
21,4944,0,0,0.3611515151828731
21,5251,0,1,0.5997709750650305
21,834,1,1,0.6759946257863505
21,118,0,1,0.5147438425847342
21,5750,0,0,0.17606032663701635
21,3600,0,0,0.31903733740498236
21,3260,1,0,0.39154644827877594
21,3963,1,0,0.246689687930592
21,3969,0,1,0.5633187647392812
21,6528,1,0,0.4125542268782193
21,5119,0,0,0.496803042372774
21,6595,0,0,0.29355979215070493
21,3289,0,0,0.19635004727576094
21,1748,1,1,0.7455252527185985
21,7033,0,0,0.1694889308470534
21,4802,1,1,0.5361099098505367
21,453,1,1,0.6131986721001219
21,5779,1,1,0.6513582911390566
21,4639,0,1,0.5852456483615579
21,693,0,1,0.528921420531019
21,5917,1,0,0.3327064895535896
21,6023,1,0,0.3833991945054383
21,2368,0,1,0.7397089097188115
21,6748,0,0,0.25179066287436097
21,5336,0,0,0.12105307907472494
21,1014,0,0,0.13008475906917194
21,2800,1,0,0.35496905285860864
21,5026,1,1,0.7468921813604814
21,2774,0,0,0.2168893566073133
21,2186,1,1,0.8316299275678971
21,4487,0,1,0.5416695038896007
21,2881,0,0,0.3523120106594364
21,357,1,1,0.5258160558427296
21,2093,0,0,0.3033749514634453
21,5412,1,1,0.5359206277579269
21,2053,0,0,0.1485178476541067
21,1968,0,0,0.23527827592379522
21,899,0,0,0.36197867563950303
21,1195,1,1,0.6000258623143837
21,5970,0,0,0.2898380458629829
21,95,0,0,0.22096378986029755
21,5478,0,0,0.31821361125308295
21,4533,1,1,0.6539716429379748
21,4207,1,0,0.3604709341206627
21,1504,0,0,0.24500942561275044
21,2273,0,0,0.15829139401708905
21,5282,0,0,0.15499604466100514
21,1419,1,1,0.5947700365647454
21,175,1,0,0.28763948409330165
21,1108,0,0,0.19620315902539245
21,2401,0,1,0.5743669794856763
21,1606,0,0,0.4371277846138618
21,2641,1,1,0.6540844459648539
21,2662,0,1,0.5359728243398953
21,1610,1,1,0.6031557858955937
21,458,1,1,0.58178095611451
21,801,1,1,0.647488027425538
21,2460,1,1,0.7288983950209238
21,724,0,1,0.5860511187325206
21,265,0,0,0.12589210077689583
21,3983,0,0,0.22848482870168538
21,1176,0,0,0.10646949799087996
21,4148,1,1,0.7220382869515999
21,3078,0,0,0.46047316346903167
21,2041,1,0,0.39243067398696113
21,5805,1,1,0.6988047422144099
21,5134,1,1,0.7838945786518089
21,995,1,0,0.2940882923197389
21,447,1,1,0.6606492655281555
21,1423,1,0,0.4660613451739901
21,7025,0,1,0.5189926928548628
21,6387,0,1,0.7699632791617673
21,6974,0,0,0.1479664654593083
21,502,1,1,0.605578582050767
21,1859,0,0,0.29782311072049805
21,6944,0,0,0.29082168669563646
21,5356,1,1,0.8380492883070327
21,5437,0,0,0.48046056687886346
21,1577,1,0,0.4850075400198972
21,1636,1,1,0.6462404191125587
21,5318,0,1,0.6960056444673837
21,2523,0,1,0.5091033479944715
21,3145,1,1,0.7515489229560125
21,2507,0,0,0.2150134884026119
21,3985,0,0,0.3399466273368307
21,4641,0,0,0.37236449509054054
21,6445,0,0,0.2542298821212301
21,2743,0,0,0.39224087593680773
21,3240,1,0,0.38997744202061757
21,844,0,1,0.6226900725035251
21,2731,1,0,0.3695671445597899
21,4889,0,0,0.14183817735764032
21,3170,1,1,0.6324141902836783
21,6906,0,0,0.40836227233038636
21,5694,1,1,0.5947478611613504
21,1396,1,1,0.6403090019474097
21,6958,0,0,0.4370989335835037
21,1601,1,1,0.635051858777427
21,361,1,0,0.3644017565839518
21,2994,1,1,0.6730070561308716
21,15,1,0,0.24597047539989925
21,5373,1,1,0.633700335982821
21,4776,1,1,0.6891049359185125
21,5435,1,1,0.7790240019723862
21,2128,1,1,0.6880406426311789
21,6997,1,0,0.4241726538532854
21,4835,1,1,0.7304732971015884
21,6055,1,1,0.7497688191943134
21,1527,0,1,0.6339833878730777
21,6619,1,0,0.4405545044001147
21,641,0,0,0.16949493747635735
21,5839,0,1,0.5395462240377662
21,5011,0,0,0.34236809682771513
21,325,0,1,0.6040020130112881
21,3207,1,1,0.5395360450561517
21,27,0,0,0.4671970552791508
21,2561,0,0,0.25361499165305723
21,5876,0,0,0.2531859827173052
21,1832,1,1,0.5683132231712034
21,5136,0,0,0.27766426258413973
21,3455,0,1,0.5959465660502398
21,2169,0,1,0.6538409270304377
21,6818,1,0,0.22573594926219478
21,5957,0,0,0.39810986350363203
21,2008,0,0,0.10009345545055522
21,534,0,0,0.2516169451242481
21,3498,0,0,0.18952375376823988
21,4863,1,1,0.5575085073403343
21,6381,1,1,0.6473845944543045
21,3464,1,1,0.6549179284830885
21,3331,0,0,0.11537259304831522
21,5149,0,0,0.22914605437629884
21,1295,1,1,0.7253378384177465
21,6874,0,0,0.46132913372465917
21,195,1,1,0.5870780107221233
21,6132,1,1,0.6683314373565943
21,5573,0,0,0.19117331484409114
21,866,0,1,0.685908569315243
21,3264,0,0,0.4841522740282807
21,273,0,0,0.13811978302900998
21,4708,1,1,0.6277255487070169
21,5593,1,0,0.4492037248311539
21,5115,1,1,0.6972356629424116
21,2756,1,0,0.29716078052935935
21,4431,1,0,0.17393679969068346
21,7009,1,1,0.6901128892435701
21,1754,0,0,0.2753182220831157
21,3385,0,0,0.2419877587251952
21,4140,1,1,0.7536564989974713
21,1466,1,1,0.6028881679192855
21,6238,1,1,0.6021003048482567
21,5961,0,0,0.39364127389807124
21,2430,0,0,0.35201298971314016
21,5539,1,1,0.5965568392990658
21,3922,0,0,0.47692354917561747
21,70,0,1,0.6766671683872533
21,673,0,1,0.6901444652108949
21,257,1,1,0.6825277682573396
21,1047,0,1,0.701675558470624
21,2913,0,0,0.4157607759511062
21,709,0,0,0.2972816167347316
21,1177,0,0,0.06697026613682047
21,2101,0,1,0.6399702550860177
21,2355,0,1,0.5599366359086608
21,2890,0,1,0.5137196473734453
21,5639,0,0,0.3291246069929715
21,1535,0,0,0.3633804178027676
21,4891,0,0,0.4413247764416575
21,1596,0,0,0.4649814460474845
21,1910,0,0,0.2851744444067999
21,4691,0,1,0.58553355739245
21,3034,0,0,0.18642630389407996
21,416,0,0,0.30115615168302245
21,106,1,0,0.21645685967087264
21,6608,1,0,0.40286404371558227
21,4059,1,0,0.44340212334671525
21,4680,0,0,0.41851433270939037
21,4788,1,1,0.7067205045243984
21,5042,0,0,0.2421615162047939
21,2847,0,1,0.5597558640432766
21,2542,1,0,0.454893068019079
21,3310,0,0,0.17987967411680522
21,5896,1,1,0.6683101123391407
21,2889,0,0,0.225307728277498
21,6490,1,0,0.4541806448822847
21,5861,1,1,0.5835102665830618
21,6625,1,1,0.5648527615028481
21,3517,0,0,0.14213638255135502
21,4757,0,1,0.522252814822341
21,5269,1,1,0.8449065565130927
21,3537,0,0,0.31093426558523757
21,3099,1,1,0.6871460074256979
21,1723,0,0,0.4624507170296322
21,614,0,0,0.2702002023225938
21,6514,1,1,0.6394086198882604
21,9,0,0,0.27397121655612
21,6479,1,0,0.37528580438120374
21,573,1,0,0.4729109267447084
21,85,0,0,0.2792560274528858
21,2123,1,0,0.47485313051661804
21,1592,1,0,0.22273854283653685
21,722,1,1,0.6630713770011419
21,738,1,0,0.4973134100757304
21,2010,1,0,0.12663085699728135
21,232,0,0,0.32583205160279444
21,3199,0,1,0.6131930580352823
21,4028,1,1,0.606159325191972
21,1786,1,0,0.3889930847957576
21,841,1,0,0.3218492181332961
21,3902,0,0,0.1618683215817923
21,6141,0,0,0.08412403244256877
21,4498,1,1,0.6725775457455512
21,3677,0,0,0.33158713910143683
21,4796,0,0,0.193305747730586
21,5188,1,0,0.22531751690043952
21,5681,1,1,0.6904018341880969
21,4406,0,0,0.231747098498157
21,4345,0,1,0.5199579322792316
21,1460,0,0,0.4020948666835583
21,3317,0,0,0.2925169561409408
21,2252,1,1,0.6882771830626189
21,1999,1,1,0.6236674499098397
21,1391,0,0,0.1700743512560886
21,5739,1,1,0.7187976428248237
21,3092,0,0,0.2510386856926389
21,430,1,1,0.5712931880198748
21,2019,0,1,0.5151252094887658
21,4457,1,1,0.670804532012921
21,6929,1,1,0.5872383218099506
21,2293,0,1,0.7097521642416081
21,2365,0,1,0.7418311700641068
21,765,0,0,0.10018695104500162
21,4039,0,0,0.22051811663289844
21,1193,0,0,0.1819838790126654
21,3654,0,0,0.3862959473395688
21,1142,0,0,0.3168506086037792
21,3173,0,0,0.08423908391686798
21,5889,0,0,0.27368770645459783
21,1627,1,0,0.4568448560426567
21,5130,0,0,0.4284041818232392
21,1960,0,1,0.5512263786504057
21,6996,1,1,0.5293605115094843
21,7042,0,0,0.45608216102998617
21,6342,1,1,0.8395153288343735
21,5425,0,0,0.3613111088300042
21,6628,0,0,0.373218029929452
21,4162,0,0,0.4413823222474893
21,3187,1,0,0.47941159325061117
21,7032,0,0,0.39000528046540023
21,1857,0,1,0.6784755893649214
21,1576,0,0,0.41915788331957826
21,2716,1,1,0.6170509854422792
21,6221,0,0,0.361971476471875
21,5183,1,0,0.4596961112686956
21,6167,0,0,0.2918879419773532
21,3624,0,0,0.3941895209112731
21,3666,1,1,0.5792378337646676
21,1073,0,1,0.662024679480043
21,2167,0,1,0.5779454640698818
21,6161,0,0,0.4542468610880636
21,2554,0,0,0.3676888747794159
21,3401,0,0,0.33859538712853277
21,1059,1,0,0.4419806011585436
21,2481,0,0,0.4692245449803551
21,2473,0,1,0.7520635947313934
21,1296,0,0,0.1906284630764501
21,3877,1,0,0.406081674272418
21,5310,1,1,0.643708125700696
21,6885,0,1,0.5354467895144088
21,2032,1,0,0.3544785134177744
21,2840,0,1,0.5206502961886932
21,5747,1,1,0.6128034175219572
21,4698,1,1,0.6485403035230115
21,4036,1,0,0.32183725767957755
21,2470,1,0,0.4853001770156792
21,1096,0,0,0.3415884498474193
21,5735,0,0,0.4884609460323307
21,157,0,0,0.2008840511506904
21,5450,0,1,0.6121760410563132
21,6529,0,1,0.6206521731453266
21,2614,0,0,0.31827793522816644
21,386,1,1,0.707624860514002
21,4185,0,1,0.5726782587503602
21,4771,1,1,0.659142489927595
21,501,1,0,0.2510967449074385
21,609,0,0,0.20506103404930517
21,5191,0,0,0.3830879007310243
21,896,0,0,0.2070558142301286
21,6538,0,0,0.20737023691446774
21,3419,1,1,0.6370966466667596
21,6822,1,0,0.35577649264502786
21,4143,1,1,0.6483300087556292
21,6428,1,0,0.49506618513873
21,4983,1,1,0.6808291526890741
21,4545,0,1,0.6654933820943658
21,3918,1,1,0.8752968876761402
21,2023,1,1,0.6007471146626221
21,6531,0,0,0.309730420126394
21,6386,1,0,0.45198000408482486
21,6861,0,0,0.24856100823726848
21,6454,1,1,0.616592984252735
21,2466,0,0,0.24500385414823617
21,2962,0,0,0.37925500251485517
21,2577,0,0,0.17334400261781155
21,121,0,1,0.6467285119197244
21,6727,1,1,0.6566387895028778
21,2655,1,0,0.43625495821212884
21,4459,0,0,0.3295300377445266
21,3128,0,0,0.1909741645844632
21,1613,1,1,0.611830151999737
21,2769,0,0,0.1650928134095322
21,4286,0,0,0.3121066894358239
21,4215,0,1,0.6375410357320626
21,683,1,0,0.15956758194901785
21,5749,0,1,0.7469032297900671
21,173,0,0,0.27616936015742355
21,6513,1,1,0.642876108393047
21,2980,1,0,0.39564073051548027
21,189,1,1,0.6003785089411122
21,3527,0,1,0.5878475074493641
21,4302,1,1,0.6424001857089234
21,1422,0,1,0.7738113192392216
21,5701,1,1,0.6436577476771355
21,5995,1,1,0.7699079612175781
21,6656,1,1,0.6516277678594654
21,6624,0,1,0.511095272642403
21,4201,0,1,0.6029002834711881
21,6527,0,0,0.38290261625415306
21,1990,0,1,0.5355941434357052
21,5624,1,1,0.5787286656670696
21,4260,0,1,0.5531972258425198
21,4271,0,0,0.3265324053056879
21,1429,0,0,0.1489892745631653
21,966,0,0,0.1863848411572836
21,7028,0,0,0.45224624377862355
21,5487,0,0,0.11679424124671406
21,1103,1,1,0.7799469364424658
21,6087,0,0,0.19432405849965592
21,1770,0,0,0.22521755176288585
21,5797,0,1,0.5125451994940322
21,4327,0,0,0.4452816637060457
21,1115,0,0,0.4158132995067751
21,1586,0,0,0.2703593484012655
21,6870,0,1,0.5179595055576877
21,4584,0,0,0.37859883376146747
21,5894,1,0,0.34833050163456847
21,5005,1,0,0.2622858121494009
21,5419,1,1,0.7029905415905507
21,1491,0,0,0.1679704868041562
21,4349,0,0,0.2877519791859889
21,3908,0,1,0.5215182916337706
21,2224,0,0,0.17665453620926558
21,6173,0,0,0.2760199303924039
21,6448,1,0,0.2637060416847827
21,4936,0,0,0.4521775576108437
21,5111,1,1,0.7456927682811036
21,2402,1,1,0.6752290484614776
21,980,1,1,0.5412270747374145
21,2232,1,1,0.5934843602723497
21,4709,1,0,0.3731117374798114
21,3695,1,1,0.6293098393423164
21,4842,0,0,0.28041399531712013
21,635,1,1,0.5792951849337556
21,6714,1,1,0.7257497038842704
21,1143,0,1,0.6354442603237657
21,4849,1,1,0.6754129544413922
21,6199,0,0,0.2947665358537586
21,3042,1,1,0.5638715962500376
21,6930,0,0,0.42366095311034685
21,4232,0,1,0.598952667356815
21,6001,0,1,0.5916665021292683
21,1386,1,1,0.6095723384588643
21,306,1,0,0.3688760551117455
21,4142,1,0,0.1209025956820921
21,2868,0,0,0.23455312553625046
21,5349,0,0,0.17307088074685523
21,4850,0,1,0.5404335623646198
21,6970,0,0,0.08681763592221611
21,3114,1,0,0.1756803680656488
21,1235,1,0,0.3200289504125168
21,5096,0,0,0.2643977908587231
21,5088,0,0,0.27804432867012824
21,2342,1,0,0.35009413369947245
21,6235,1,1,0.7512787573467432
21,2707,0,0,0.375642614301512
21,749,1,0,0.35230408447423667
21,187,1,1,0.544117755742915
21,3521,0,0,0.30023441781823623
21,4647,0,1,0.6904584651277516
21,1717,1,0,0.13445003901656902
21,6773,1,1,0.6267858562802804
21,1443,0,0,0.2368414911788431
21,2152,1,1,0.5096277658781705
21,956,0,1,0.5297817914805563
21,2783,0,1,0.50332927606389
21,3634,1,1,0.6633638132974577
21,4404,0,0,0.3037657481678071
21,3286,0,1,0.5010703530961609
21,4525,1,1,0.5765612592719375
21,3471,1,1,0.6058937433746329
21,4256,0,0,0.24215216102990914
21,5222,1,0,0.4814736206315052
21,5971,0,0,0.2769615705730735
21,5985,0,0,0.29930071368406275
21,2316,1,1,0.5446595388748546
21,2733,0,0,0.18781303673757302
21,2150,0,0,0.36245861926474265
21,4348,0,0,0.406194032909761
21,389,0,0,0.2580077532604428
21,1944,0,0,0.2905999234678569
21,3879,0,0,0.2421326369664105
21,6214,0,1,0.5637928238251952
21,2647,1,1,0.5842735695929464
21,2153,1,1,0.7097978456950443
21,4830,1,0,0.3366193756040562
21,1946,0,1,0.5716807131224112
21,2213,1,0,0.2093795076498613
21,5689,1,0,0.42067063940445787
21,3852,1,1,0.6438384650228788
21,1842,0,1,0.631590648836802
21,4883,0,1,0.545942444913256
21,4674,0,0,0.465818817403936
21,2201,0,1,0.6019474504212214
21,5296,1,1,0.7224312552917919
21,1269,1,1,0.6915711771754186
21,1806,1,1,0.6424850528758256
21,5692,0,0,0.47084733603464585
21,1903,0,1,0.7137344774669856
21,1325,1,0,0.2849320896749772
21,466,1,1,0.6358688316592763
21,6883,0,0,0.32853013639106543
21,6458,1,1,0.5101182877233235
21,6172,0,0,0.36513182033912833
21,42,1,1,0.6495626992757191
21,5591,0,1,0.5502706963873671
21,2964,1,1,0.5150248734013234
21,4909,0,1,0.7524067958344179
21,5061,1,1,0.5140669819845952
21,4107,0,0,0.49064753349252327
21,1291,0,0,0.16350927829782194
21,5458,0,0,0.17692529873788196
21,2413,0,0,0.3919150513412349
21,4156,0,0,0.34501502936653944
21,5034,0,0,0.16908772963612229
21,2949,0,0,0.4969018617958236
21,1620,0,0,0.28494231744869325
21,5525,1,1,0.6898255773040929
21,2698,1,1,0.5783180244305308
21,474,0,0,0.19464502898882335
21,1208,1,0,0.3356124228562612
21,6516,1,1,0.7379468074831618
21,4335,0,0,0.32727220564414133
21,1440,0,0,0.26416987886707655
21,2064,1,1,0.6548478028645256
21,369,1,0,0.46844048016686046
21,5574,0,0,0.35215449849498476
21,5012,0,0,0.18650753110387658
21,5250,1,1,0.6681973134478336
21,2872,0,0,0.39799100250118613
21,987,0,1,0.5608193590759998
21,35,1,1,0.6664417136864126
21,1048,0,0,0.1429589782977434
21,4972,0,1,0.7935188174757922
21,4463,1,1,0.7039645335466936
21,3441,1,1,0.8196421274521102
21,3492,0,0,0.47168127759188244
21,4339,1,1,0.7821103769273485
21,2967,0,1,0.5241738612320513
21,4085,1,1,0.6519101940465228
21,423,0,0,0.35760633939951264
21,962,0,0,0.17589550612340074
21,286,0,0,0.17395931408687854
21,937,1,0,0.4277200201689237
21,3596,0,1,0.700696399554896
21,2100,0,0,0.3339730428278445
21,3579,0,1,0.5270483848072789
21,2857,1,0,0.3944385578756589
21,2894,1,1,0.5748714928482374
21,1814,1,0,0.1747924589271559
21,3107,1,0,0.4927293408913694
21,6560,0,0,0.2835169734207204
21,1216,0,0,0.3724114984532717
21,2242,1,0,0.23774453674513982
21,1492,1,0,0.23596498544224861
21,482,0,0,0.2904677726092342
21,2672,1,0,0.47064488687924694
21,875,0,0,0.4110977555699548
21,3117,0,0,0.44188144398404816
21,6423,1,1,0.5750869787449935
21,3219,1,0,0.291884192448844
21,1192,1,0,0.4820296867041514
21,4600,1,1,0.6814536648285028
21,3972,0,1,0.5497989232586172
21,3984,0,0,0.3139432199673366
21,6208,1,0,0.260131575182085
21,1924,1,1,0.5928596963143292
21,1480,1,1,0.6305457724296576
21,3628,0,1,0.700903678996386
21,6311,0,0,0.34612336690405876
21,461,0,1,0.5626423601556684
21,1750,1,1,0.6873057908888828
21,6434,1,0,0.3351397661235743
21,6262,1,0,0.3848052676733326
21,326,1,1,0.8734110998123248
21,1891,0,1,0.5360535104284538
21,5032,1,1,0.6473246198006911
21,6718,1,0,0.3444932843612653
21,3748,0,0,0.4759312153540501
21,6312,1,1,0.6201842963209274
21,6634,0,1,0.7343719570777782
21,755,1,1,0.7620093660300146
21,1430,1,1,0.7685984126088625
21,4024,0,0,0.1908001440617623
21,5196,1,1,0.5224001007603013
21,111,1,1,0.6677672498908113
21,1509,1,0,0.3515428554912554
21,2329,0,1,0.7412150121699526
21,1671,0,1,0.7882087875961035
21,4906,0,1,0.6260988852302068
21,6449,1,1,0.5706148119807742
21,387,1,0,0.22467398471570518
21,3407,1,0,0.29992889370432557
21,4555,0,0,0.4144830629801872
21,898,0,1,0.5521387076284715
21,6633,1,0,0.19272190226458288
21,3970,0,0,0.2313967945736124
21,5463,0,0,0.27214225594275826
21,6500,1,1,0.5995531999252106
21,4602,1,0,0.39706901976569087
21,4912,0,0,0.26219537275436894
21,3115,0,0,0.1618431372338676
21,6237,1,1,0.5517688128046064
21,3288,1,1,0.5412168059350362
21,5133,0,0,0.23648111959114276
21,3989,1,0,0.4265834780481047
21,5172,1,1,0.6557180061553392
21,2535,1,1,0.6489449730362016
21,6248,0,0,0.28607711822605814
21,7015,1,1,0.794677426526269
21,3037,0,0,0.20068775625861945
21,2874,1,0,0.34249979811540776
21,4822,0,0,0.32618097476560404
21,6000,1,1,0.6562052449776343
21,405,0,0,0.36975181227306275
21,2670,0,0,0.27793902583191366
21,1378,1,0,0.19048674973980784
21,3075,1,1,0.6878496476796169
21,6573,1,1,0.6452564262421149
21,6162,0,0,0.1221983988878226
21,1645,1,0,0.35655735149743517
21,2600,0,0,0.1682815839476187
21,1819,1,1,0.5039211989128333
21,3992,0,0,0.3197240525656465
21,6216,0,1,0.5426190450994469
21,333,1,1,0.6163638503134973
21,5886,0,0,0.21947725094079698
21,2972,1,0,0.26252615523339207
21,4337,1,0,0.31736452832185047
21,759,1,1,0.6127449882903538
21,3663,1,1,0.6571564324995812
21,1483,0,1,0.6148295662241016
21,6298,0,0,0.22474311545733203
21,4106,0,1,0.5864798603940614
21,2155,0,0,0.10005461797072782
21,6687,1,1,0.6738396852452357
21,4568,1,0,0.25335869455438537
21,6723,1,0,0.21270266753009737
21,5388,0,0,0.4449626239527945
21,5841,1,0,0.31977926975220305
21,5661,1,1,0.6154975936468409
21,2188,0,0,0.22957863146580848
21,5981,0,0,0.2596966395156193
21,2487,1,0,0.43551803795536986
21,6597,1,0,0.46344559556078774
21,1130,0,1,0.5614995209396114
21,4876,0,0,0.10499051317413503
21,356,1,1,0.5806467351578084
21,1728,0,1,0.6137342037579192
21,4553,0,0,0.33219984208928627
21,4402,0,1,0.6313933303016714
21,3485,0,0,0.3209555769276292
21,2484,1,1,0.7538962808767546
21,2526,0,0,0.23011941362500443
21,6081,0,0,0.3956519847401915
21,4317,0,0,0.17516647219185474
21,4049,0,1,0.5443607079310624
21,2499,1,1,0.7069368577945194
21,4400,1,1,0.51878580419748
21,5347,0,0,0.2068396754380765
21,183,0,0,0.2593063620230017
21,6521,0,0,0.4075539217402168
21,1560,1,0,0.24882990691477125
21,2727,0,1,0.5184410693600572
21,4204,0,1,0.7190248149393554
21,4657,0,1,0.5066964376859973
21,2071,1,1,0.5674198760611837
21,158,0,0,0.18421075252677624
21,6937,1,0,0.2077184500863081
21,4305,1,0,0.4093772877892989
21,1,0,1,0.554944738511579
21,6121,0,0,0.43159065434534816
21,1525,0,0,0.35132448522099013
21,1431,1,0,0.3859952124311222
21,713,1,0,0.4625263297928158
21,5213,0,0,0.2541358330342729
21,6459,0,0,0.3948747937165437
21,5916,0,0,0.1953477659282353
21,5116,0,1,0.6484621078426478
21,5171,1,0,0.48631141645432974
21,4019,1,1,0.7994611359825788
21,5721,1,1,0.7183600217811003
21,1339,1,1,0.7267817421953051
21,3308,0,1,0.5254659886752847
21,1741,1,1,0.6328397076761733
21,575,1,1,0.7016156476785119
21,4513,0,1,0.7984919101798027
21,5513,0,0,0.33408924879642204
21,489,1,0,0.4718801566719289
21,4702,1,1,0.7649559204525537
21,5184,1,1,0.5631142242890618
21,3410,1,0,0.31120964444961674
21,4329,0,0,0.31638369627531954
21,1354,1,1,0.7502596661273278
21,3052,0,0,0.1616754037142392
21,1821,0,0,0.3352416140291016
21,862,1,1,0.8032069232351068
21,3393,1,1,0.6892015791751205
21,6950,1,1,0.5325545952158023
21,1971,1,1,0.7553052983176375
21,648,0,1,0.5744916321363014
21,5378,1,0,0.4316128551629387
21,3821,1,1,0.8283196196685315
21,2842,0,1,0.5019983303119138
21,6288,1,0,0.3271798275429425
21,5623,1,0,0.34795332226810727
21,6017,1,0,0.17976542508356377
21,4690,0,0,0.2485118307645693
21,6128,0,0,0.20239750264242884
21,6120,1,0,0.2257168339979248
21,2424,0,0,0.4924436714956649
21,5597,0,0,0.40181336441331755
21,79,0,0,0.24521347043638012
21,1274,0,0,0.16314301028993736
21,1245,1,1,0.5599604198414392
21,3466,1,1,0.6890174790409391
21,1085,0,0,0.2897300544848265
21,5506,1,0,0.1972511246943463
21,6089,1,0,0.24235083188080023
21,5046,0,1,0.6803563375293479
21,4214,1,0,0.45095429200843556
21,5047,0,0,0.21978896054367691
21,3719,1,1,0.6148732953472575
21,1303,0,1,0.5980192589859101
21,4516,1,0,0.45758516907859725
21,6988,1,0,0.3425808970959199
21,4183,1,1,0.5465537129029601
21,5983,1,0,0.43314302292348295
21,3131,0,0,0.10709586893736996
21,4060,1,1,0.6869215361955965
21,5798,1,0,0.3001660398905487
21,6051,0,0,0.2381252444444212
21,6155,1,0,0.4249344450914512
21,4451,0,0,0.17549483519992332
21,5452,0,0,0.23696850173325953
21,3229,1,0,0.2875727684237925
21,1957,1,1,0.6070427930166654
21,5456,0,0,0.13484867736332534
21,763,0,1,0.5692690596192906
21,6689,0,0,0.31326701385166883
21,6365,1,0,0.311903140644165
21,2732,1,0,0.42848399050315195
21,2584,1,1,0.6673423977861825
21,5300,0,1,0.6898410757886447
21,3838,0,0,0.23231802592678139
21,4857,1,1,0.5632568912885206
21,11,0,0,0.4812718874919012
21,3832,0,0,0.4670054957215381
21,2963,0,0,0.4435877850101015
21,6777,0,0,0.4316714697797381
21,5414,0,0,0.26382089669933007
21,1151,1,0,0.4796480136328016
21,3459,1,0,0.3899967358600143
21,3520,0,1,0.5630238148232234
21,3271,1,1,0.5205570391945138
21,6502,0,1,0.5659268405941084
21,1017,0,0,0.2878708175364148
21,1199,0,1,0.7320275553683415
21,6149,1,1,0.6746424567891394
21,210,1,1,0.7250598540338463
21,4736,0,1,0.6526927385448645
21,1997,0,0,0.2905534547316071
21,2354,0,1,0.5848033928514991
21,69,0,0,0.23972315637387157
21,6185,1,1,0.8312553544378657
21,3665,0,1,0.6011800905087191
21,1708,0,0,0.27957815371052086
21,3835,0,0,0.3285489107346668
21,3330,1,0,0.3985597137304796
21,1285,1,0,0.2496541606485424
21,141,1,0,0.4531753913789252
21,3171,0,0,0.31908292188026005
21,4396,1,0,0.4675457257275439
21,924,0,1,0.6239392491988371
21,2086,1,1,0.5167963592121319
21,1452,0,0,0.2743261031297233
21,2049,1,1,0.5896603396145472
21,5432,0,0,0.1370358436370274
21,5859,0,0,0.148357553261205
21,6095,0,0,0.2842431350282306
21,5434,0,1,0.6015263138780828
21,1146,0,0,0.21194504659781127
21,6012,0,0,0.29576909544227553
21,3400,1,0,0.3815252564630655
21,2126,1,0,0.37773232001636176
21,4261,1,1,0.7150800906217177
21,1185,0,0,0.26437649004798064
21,6868,0,0,0.3149090191886356
21,4276,0,1,0.628387899467865
21,5157,0,0,0.44761722660022263
21,4124,1,1,0.728793748123908
21,208,0,1,0.6371488696215263
21,5193,0,1,0.6515482733542038
21,6805,1,1,0.5062581762361156
21,2516,0,1,0.7146706076559167
21,4728,0,1,0.6279069786094632
21,3632,0,0,0.26940899750794367
21,5071,0,0,0.13558169348447996
21,3836,1,0,0.36880918881343283
21,53,1,1,0.8004642667358149
21,5903,1,1,0.6268733667377785
21,541,1,1,0.7081481960127092
21,849,1,0,0.30113902720488284
21,911,0,1,0.5423381098907781
21,4273,0,0,0.24150460531867532
21,4506,1,1,0.7316657544944848
21,1018,0,0,0.27231746372057997
21,4251,1,0,0.20039237892788048
21,809,0,0,0.08963380770085283
21,1959,1,1,0.8862537674811386
21,6887,1,1,0.6166629940250687
21,6287,0,0,0.27021802670433703
21,4281,1,1,0.5261904235287995
21,6884,0,0,0.2769981907989558
21,4724,0,0,0.2766406559828072
21,1149,0,0,0.3182696596611878
21,3067,1,1,0.547681509373311
21,970,0,1,0.5480309123969324
21,5182,0,0,0.25561419325183476
42,5446,1,0,0.353340909090909
42,5339,0,0,0.4197142857142857
42,3559,0,1,0.5450555555555555
42,4365,0,0,0.3148333333333333
42,6683,0,1,0.5291529581529582
42,2898,1,1,0.7749861111111112
42,6234,1,0,0.3765
42,5445,0,0,0.38822727272727275
42,1335,0,0,0.109
42,222,1,1,0.5104841269841269
42,5669,0,0,0.23034126984126982
42,2074,0,0,0.29846428571428574
42,1524,0,1,0.5391071428571429
42,616,1,0,0.45090476190476186
42,3990,1,0,0.3714166666666667
42,3871,0,0,0.23808333333333334
42,3141,0,1,0.7410476190476192
42,6885,0,0,0.3304404761904762
42,1397,1,1,0.6946904761904763
42,5803,0,0,0.2657380952380952
42,341,1,1,0.6739134199134199
42,6028,0,0,0.4503571428571429
42,6305,0,0,0.29536111111111113
42,2205,1,1,0.6167142857142858
42,3749,0,0,0.3574236694677871
42,5736,0,0,0.22233333333333327
42,494,0,1,0.5811785714285714
42,2151,1,1,0.6622380952380951
42,6266,1,1,0.5583809523809524
42,2353,0,0,0.3519285714285714
42,26,0,0,0.47422117794486207
42,6330,1,0,0.3080952380952381
42,3138,0,0,0.16620887445887447
42,6509,0,0,0.23936580086580084
42,5055,1,0,0.2650257936507936
42,2391,1,0,0.4267857142857143
42,4641,0,0,0.25829761904761905
42,3332,0,0,0.17351984126984127
42,6207,0,1,0.593936507936508
42,1809,1,1,0.5922936507936508
42,5374,1,1,0.723722222222222
42,3202,0,0,0.33266666666666667
42,4204,0,1,0.6419920634920634
42,2697,0,0,0.22524999999999998
42,6079,1,1,0.6751428571428569
42,824,1,0,0.4430555555555556
42,1892,0,1,0.5669761904761905
42,4139,1,1,0.6522738095238094
42,4221,1,1,0.6025634920634921
42,282,1,1,0.6077261904761904
42,5124,1,0,0.4243578643578643
42,527,0,0,0.2888333333333334
42,6151,0,0,0.2270624098124098
42,2015,0,1,0.5490670995670995
42,4676,0,1,0.5677023809523809
42,3152,0,0,0.40253571428571433
42,1088,0,0,0.24864285714285714
42,5660,1,0,0.177452380952381
42,3614,0,0,0.3381666666666667
42,6762,0,0,0.3545472582972583
42,2054,0,1,0.5505833333333334
42,6894,1,1,0.6662792207792206
42,5687,0,0,0.20349999999999993
42,5487,0,0,0.24996428571428567
42,2780,0,1,0.5738412698412698
42,2122,1,1,0.649547619047619
42,3216,0,0,0.2561785714285714
42,2668,1,0,0.45927525252525264
42,5779,1,1,0.548404761904762
42,6585,1,0,0.4765714285714286
42,2853,1,0,0.35540476190476183
42,5742,0,0,0.25273809523809526
42,3924,0,0,0.4710519480519481
42,6543,0,0,0.1345
42,6898,1,0,0.30078571428571427
42,3434,0,0,0.16758333333333333
42,4990,1,0,0.25641341991341987
42,7012,0,1,0.6236400266400266
42,4829,1,1,0.5829404761904763
42,6551,0,0,0.44115440115440124
42,6727,1,1,0.6117186147186147
42,4881,1,1,0.62245670995671
42,5851,1,0,0.37035714285714294
42,2908,0,1,0.5029186507936507
42,4069,0,1,0.6431666666666668
42,1584,1,1,0.5981082251082251
42,4339,1,1,0.7243809523809523
42,1639,0,0,0.34267857142857155
42,2337,0,0,0.4055909090909091
42,3057,0,1,0.5104415113871635
42,627,0,0,0.3267738095238095
42,6386,1,0,0.41247619047619055
42,1408,0,1,0.5122500000000002
42,5634,0,0,0.39470238095238097
42,18,0,1,0.5722678571428573
42,6116,1,0,0.2210873015873016
42,5601,0,0,0.3083412698412699
42,454,1,1,0.5434299719887954
42,5936,0,0,0.29894047619047615
42,1831,1,1,0.6891666666666666
42,1236,0,0,0.3828888888888889
42,933,0,0,0.3502142857142856
42,1676,0,0,0.19992460317460314
42,3002,0,0,0.48980952380952375
42,5148,0,0,0.2033333333333333
42,2137,0,0,0.4708333333333334
42,4859,1,1,0.7468686868686869
42,2223,1,0,0.34123260073260075
42,3333,0,1,0.7237857142857141
42,1751,0,0,0.4217499999999999
42,254,0,0,0.4254880952380952
42,2322,0,0,0.48937593984962396
42,1269,1,1,0.6453149350649351
42,6053,0,0,0.27959523809523806
42,5205,1,0,0.4044047619047618
42,2025,0,0,0.15642857142857144
42,3986,1,1,0.7656428571428568
42,3655,0,0,0.27959523809523806
42,2132,0,1,0.5182803030303031
42,5957,0,0,0.4022200577200577
42,3621,0,1,0.6812777777777778
42,4228,0,0,0.21192460317460315
42,7038,1,1,0.6298174603174602
42,5474,1,1,0.637047852474323
42,6696,0,0,0.14744047619047623
42,6485,1,0,0.39126515151515157
42,3295,1,0,0.3493253968253968
42,2096,1,1,0.747452380952381
42,1488,0,0,0.39681746031746035
42,2567,0,1,0.5324151138716356
42,3555,1,1,0.5007261904761905
42,327,1,1,0.6296309523809525
42,55,0,1,0.5095099206349206
42,34,0,0,0.2682559523809524
42,2476,1,1,0.5116666666666667
42,6792,1,1,0.5658253968253968
42,210,1,1,0.6352738095238099
42,1332,1,1,0.6998214285714286
42,5261,0,0,0.3323214285714286
42,2885,0,0,0.28289560439560435
42,4924,1,0,0.23464285714285715
42,5097,1,1,0.5618181818181819
42,4991,0,0,0.4158571428571428
42,5994,0,0,0.19395634920634922
42,6317,1,1,0.5250595238095239
42,4571,1,0,0.35950000000000004
42,2357,1,1,0.6199888167388168
42,3512,0,1,0.5651428571428573
42,1917,0,0,0.3384404761904761
42,2712,0,0,0.31566666666666665
42,3182,0,0,0.3362380952380952
42,2876,0,0,0.19900595238095234
42,3082,0,1,0.5457857142857142
42,3103,0,0,0.441938492063492
42,4763,1,1,0.5653611111111111
42,1671,0,1,0.5944300144300144
42,3111,0,0,0.35494841269841265
42,5862,1,1,0.6027460317460319
42,5686,0,0,0.2996666666666667
42,6383,0,0,0.31978571428571423
42,726,1,0,0.48690476190476184
42,4364,1,0,0.49561111111111117
42,6400,0,0,0.4004404761904762
42,1381,1,1,0.6405714285714285
42,771,1,1,0.5806153939836805
42,921,0,0,0.26705555555555555
42,4477,0,0,0.30251587301587307
42,4705,0,0,0.2165
42,5911,0,0,0.22511904761904764
42,3369,0,0,0.25182142857142864
42,6906,0,0,0.36926190476190485
42,4296,0,0,0.4790426065162906
42,2496,0,0,0.35114285714285715
42,5179,0,1,0.6352380952380954
42,5714,1,1,0.6217222222222223
42,6487,1,1,0.678595238095238
42,2055,1,1,0.6278015873015874
42,5023,1,0,0.4963650793650794
42,1107,1,1,0.5293896103896104
42,3234,1,0,0.3739007936507936
42,2052,1,1,0.6980476190476189
42,2338,1,1,0.5441233766233767
42,776,0,0,0.26081684981684977
42,1051,0,1,0.5155353535353536
42,2641,1,1,0.6678809523809522
42,570,1,0,0.411857142857143
42,2649,0,1,0.5353630952380953
42,1125,1,0,0.4019702380952383
42,2140,0,0,0.2332002164502164
42,5783,0,0,0.49419047619047624
42,4037,0,0,0.4059166666666667
42,835,1,0,0.21623809523809523
42,1893,0,0,0.24969913419913414
42,422,1,0,0.26930952380952383
42,1658,0,0,0.4063690476190476
42,4700,0,1,0.6044325396825396
42,382,0,0,0.45703968253968263
42,489,1,0,0.4980238095238096
42,4057,0,0,0.2305
42,5304,1,1,0.6289166666666667
42,4952,1,1,0.6406313686313686
42,706,0,0,0.2698766233766233
42,1993,1,0,0.23088095238095246
42,5988,0,0,0.27078571428571424
42,778,1,1,0.5669166666666667
42,1896,1,0,0.36708928571428573
42,30,0,0,0.3524880952380952
42,1348,0,0,0.491265873015873
42,4993,0,0,0.397
42,431,0,1,0.5072738095238095
42,6575,1,0,0.21073809523809525
42,2604,0,0,0.48473202614379085
42,5662,1,1,0.6687817460317461
42,7040,1,1,0.7300257936507936
42,3645,0,0,0.27654761904761904
42,6342,1,1,0.6272417582417582
42,5441,0,0,0.13973809523809522
42,2594,1,1,0.7327777777777778
42,271,0,1,0.6906904761904762
42,6270,1,1,0.7297077922077922
42,1259,1,1,0.6318333333333335
42,5756,1,1,0.6265436507936508
42,3461,1,0,0.4285873015873017
42,316,0,1,0.6921843434343437
42,5661,1,1,0.6603214285714284
42,4153,1,1,0.693531746031746
42,4856,1,1,0.588857142857143
42,232,0,0,0.2526071428571428
42,1456,1,0,0.2171388888888889
42,5275,0,1,0.5841666666666666
42,4024,0,0,0.3095
42,650,1,1,0.58658658008658
42,6377,0,0,0.38866666666666666
42,2956,1,1,0.6106507936507936
42,3788,0,0,0.22659523809523807
42,3516,1,0,0.37522619047619055
42,6298,0,0,0.28961843711843716
42,1384,0,0,0.193
42,4180,0,0,0.1972142857142857
42,4042,1,0,0.15466666666666667
42,3055,0,0,0.343297619047619
42,4514,1,0,0.269281746031746
42,3457,1,0,0.3287817460317461
42,659,1,1,0.6841255411255411
42,6018,0,0,0.41282539682539676
42,6176,1,0,0.4713333333333333
42,4710,1,1,0.5085079365079366
42,483,1,1,0.671595238095238
42,4587,0,0,0.317329365079365
42,1032,1,1,0.573797619047619
42,3062,1,0,0.42704761904761895
42,2070,1,1,0.520041071247593
42,203,0,1,0.6353055555555556
42,2915,1,0,0.3155119047619047
42,6034,0,0,0.15052777777777776
42,6872,0,0,0.35603174603174603
42,6720,0,0,0.361734126984127
42,6542,0,0,0.29388492063492067
42,1825,0,1,0.6419999999999999
42,3131,0,0,0.18253968253968256
42,2264,1,1,0.6848606230370935
42,409,1,0,0.4541547619047619
42,4524,0,1,0.5659880952380952
42,5999,1,1,0.7857976190476191
42,6327,0,1,0.5580079365079366
42,6757,1,0,0.2630873015873016
42,4648,1,1,0.6813095238095238
42,6130,0,0,0.36061904761904773
42,6831,0,0,0.22583333333333333
42,3552,1,0,0.38890476190476186
42,3290,0,1,0.5319358974358974
42,1510,0,0,0.3173214285714286
42,1599,0,0,0.32832539682539674
42,3395,1,1,0.6094761904761905
42,4274,1,0,0.3484494949494949
42,1602,0,1,0.6594047619047619
42,6941,0,0,0.47130952380952384
42,2177,0,1,0.6392619047619048
42,4318,0,0,0.2702261904761905
42,5150,0,0,0.24769047619047618
42,5695,0,1,0.5648809523809524
42,6587,0,1,0.6640833333333331
42,6433,0,1,0.5575396825396827
42,1035,1,1,0.8281413308913308
42,6938,0,0,0.139
42,5427,0,0,0.17908333333333337
42,1821,0,0,0.4184126984126984
42,5722,0,0,0.34346428571428567
42,6717,0,0,0.4264523809523809
42,3878,1,1,0.6180416666666667
42,1058,1,1,0.5128343685300208
42,1827,1,0,0.46678571428571436
42,5448,0,0,0.15422222222222223
42,5749,0,1,0.7178809523809525
42,5576,1,1,0.6956666666666667
42,5782,0,0,0.3199962121212122
42,2061,1,0,0.3863730158730158
42,4411,0,0,0.22336904761904758
42,3901,1,1,0.5710714285714286
42,6622,1,1,0.6601031746031745
42,2105,1,0,0.3580674603174603
42,255,0,1,0.5737225829725832
42,334,0,0,0.19040476190476194
42,197,1,0,0.15635714285714286
42,3661,1,0,0.44513095238095235
42,172,0,0,0.2660833333333333
42,5412,1,1,0.5500952380952381
42,3970,0,0,0.1728650793650794
42,609,0,0,0.33779761904761907
42,5410,0,0,0.3861456582633053
42,5639,0,0,0.2631349206349207
42,3934,0,0,0.25551587301587303
42,3163,0,1,0.5345952380952381
42,3526,0,0,0.1249206349206349
42,1124,0,0,0.1805
42,5532,1,0,0.43972222222222224
42,4841,1,0,0.42878571428571427
42,5003,0,1,0.5468281979458451
42,705,1,1,0.5747062104562104
42,3059,0,0,0.20486507936507933
42,2376,0,0,0.35665476190476186
42,5573,0,0,0.2164444444444444
42,3172,1,0,0.43088888888888893
42,4650,1,1,0.6166190476190475
42,1685,1,0,0.3032738095238095
42,3300,1,1,0.6716666666666667
42,502,1,1,0.6912658730158731
42,4243,0,1,0.5913427128427129
42,6613,0,0,0.3925753968253969
42,5741,0,0,0.2189285714285715
42,6644,0,0,0.3928333333333335
42,186,1,1,0.7424999999999998
42,2539,0,1,0.709563492063492
42,4396,1,0,0.41757936507936505
42,2804,0,0,0.2545216450216451
42,4923,0,1,0.5564285714285715
42,5211,1,0,0.4453146997929608
42,6674,0,0,0.4656666666666668
42,1478,0,0,0.1596666666666667
42,3326,1,0,0.16312896825396822
42,356,1,1,0.5791428571428571
42,6245,1,0,0.46102882205513784
42,2252,1,0,0.4211959706959707
42,438,1,1,0.534695664629488
42,3384,0,1,0.6466872294372296
42,1634,0,1,0.5373601121101121
42,1002,1,0,0.4702499999999999
42,258,1,0,0.20901190476190476
42,597,1,1,0.749595238095238
42,4521,0,1,0.6602424242424242
42,625,1,0,0.37249567099567105
42,6747,0,0,0.3791309523809524
42,2114,0,0,0.28316666666666657
42,5315,0,1,0.5439728487886382
42,6870,0,1,0.5280119047619048
42,6126,1,1,0.7436605090311985
42,751,1,1,0.6080918803418803
42,3804,1,1,0.6661950710108604
42,3882,0,0,0.4108983516483516
42,5379,0,0,0.4700238095238096
42,4759,0,0,0.4401468253968255
42,2540,1,0,0.38119444444444456
42,5974,0,0,0.14983333333333332
42,1999,1,0,0.4653095238095238
42,2133,1,0,0.4092460317460318
42,5852,1,0,0.33844642857142854
42,2877,0,0,0.2716190476190476
42,6672,1,1,0.7587539682539683
42,5359,0,0,0.19868650793650794
42,2571,0,0,0.3820039682539683
42,7003,1,1,0.7420317460317459
42,4847,1,0,0.25666666666666665
42,6740,0,0,0.4326818181818184
42,6531,0,0,0.4681991341991341
42,3312,0,1,0.705267316017316
42,5606,0,0,0.25812445887445884
42,6114,1,1,0.5094632034632035
42,4483,1,1,0.7478095238095238
42,5290,0,0,0.21788095238095243
42,4690,0,0,0.3226111111111111
42,4329,0,0,0.2867301587301588
42,3012,0,0,0.3772380952380952
42,5334,0,0,0.37072222222222223
42,5472,0,0,0.24341666666666664
42,2850,0,1,0.6210472582972584
42,6412,1,0,0.4076439393939394
42,1238,1,1,0.6717696747696746
42,1186,1,1,0.5030396825396825
42,4554,1,0,0.43001731601731596
42,3155,0,0,0.2752005772005772
42,1833,0,1,0.6901944444444443
42,4864,0,0,0.2044285714285714
42,6562,1,0,0.4391666666666667
42,4789,0,0,0.2599047619047619
42,963,0,0,0.35230128205128197
42,3146,0,0,0.29984231411862994
42,2565,0,0,0.4373917748917748
42,4073,0,0,0.39036111111111116
42,2522,1,0,0.44226489686783793
42,5685,1,1,0.8050833333333334
42,1829,0,1,0.6470714285714284
42,1509,1,0,0.34024999999999994
42,2633,0,0,0.4791103896103896
42,3949,1,0,0.34779166666666667
42,6980,0,0,0.17410714285714282
42,3797,0,0,0.30548015873015877
42,869,1,0,0.4603766233766234
42,731,1,0,0.2838095238095238
42,2402,1,1,0.6387857142857143
42,1280,0,0,0.21983333333333335
42,1336,0,1,0.5410952380952381
42,22,1,1,0.6649014041514042
42,666,1,1,0.699674603174603
42,601,1,1,0.6388636363636364
42,132,0,0,0.11997619047619047
42,4262,0,0,0.39605952380952375
42,854,0,0,0.29858333333333337
42,5103,0,0,0.19675396825396826
42,2183,0,0,0.292374060150376
42,5254,1,0,0.479510101010101
42,6460,1,0,0.4887485569985571
42,6024,1,0,0.19135714285714286
42,1470,0,0,0.4960833333333333
42,800,1,0,0.20031684981684983
42,2858,1,0,0.34430402930402937
42,4075,1,0,0.4901746031746033
42,1053,0,0,0.22564285714285715
42,2436,1,0,0.300375
42,3808,0,0,0.31485073260073265
42,1897,0,1,0.6575952380952381
42,4407,0,0,0.3894642857142857
42,6846,1,1,0.5303333333333333
42,5306,1,1,0.7167857142857144
42,2997,0,0,0.4950436507936508
42,2686,0,0,0.21484126984126983
42,679,1,1,0.5015
42,1152,0,0,0.42604761904761906
42,5993,1,1,0.598217209690894
42,2814,0,0,0.2782756132756133
42,2536,1,1,0.6207142857142859
42,319,0,0,0.4140787545787545
42,5597,0,0,0.3315555555555555
42,1201,1,0,0.4482142857142857
42,3168,0,0,0.29466666666666663
42,6144,0,0,0.2198809523809524
42,5752,0,1,0.5856932773109244
42,2108,1,1,0.5141792717086836
42,1308,1,1,0.7439285714285714
42,5525,1,1,0.6536468253968255
42,6468,0,1,0.6615079365079365
42,1394,1,1,0.606439393939394
42,6926,1,1,0.8182633477633474
42,3919,1,1,0.5883062770562771
42,6866,0,1,0.5766239316239316
42,4904,0,0,0.17733333333333334
42,5819,0,0,0.25407142857142856
42,2109,0,1,0.5427936507936508
42,4039,0,0,0.17977380952380956
42,547,1,1,0.6566991758241758
42,3709,1,1,0.7804718614718614
42,4795,1,1,0.5758809523809523
42,5004,1,1,0.6350119047619047
42,743,0,0,0.29938178488178485
42,6094,1,0,0.2150892857142857
42,3180,1,0,0.31722222222222224
42,6678,0,0,0.4602539682539683
42,2471,1,1,0.6313214285714287
42,2995,1,1,0.7497298812298813
42,6321,1,0,0.334672619047619
42,109,0,1,0.7122453102453101
42,4403,0,0,0.18983333333333327
42,1296,0,0,0.3482857142857142
42,5342,1,0,0.3100396825396826
42,6821,1,1,0.613017316017316
42,1182,0,0,0.21728571428571425
42,5513,0,0,0.2841428571428571
42,5877,0,0,0.23808333333333334
42,3827,0,0,0.19566666666666666
42,4319,1,0,0.4207420634920636
42,944,1,1,0.7379166666666664
42,619,0,1,0.5444404761904761
42,3165,0,0,0.23084325396825395
42,1731,1,1,0.6587893772893773
42,1592,1,0,0.13822222222222222
42,2574,0,1,0.5986785714285713
42,6700,1,1,0.8006125541125542
42,6097,1,1,0.7291785714285715
42,4691,0,1,0.5816168831168831
42,3272,0,0,0.2972380952380952
42,6881,0,0,0.27963095238095237
42,2135,1,1,0.5815357142857145
42,218,1,0,0.35259523809523813
42,5526,1,1,0.5579642857142858
42,3984,0,0,0.36610281385281385
42,5931,0,1,0.6935641025641026
42,2534,0,0,0.3042023809523809
42,5346,0,0,0.12959523809523807
42,5620,1,1,0.8213333333333334
42,6419,0,0,0.24527777777777776
42,3942,0,0,0.49717045819677397
42,3151,1,0,0.48807142857142854
42,2397,0,0,0.39740476190476187
42,5236,0,0,0.3598333333333332
42,6986,0,0,0.17261111111111113
42,2837,1,1,0.6164642857142857
42,6381,1,1,0.6517727272727274
42,4769,0,0,0.1708333333333333
42,4905,0,0,0.4813690476190476
42,6802,1,1,0.5157586580086579
42,2466,0,0,0.2009313725490196
42,3892,1,0,0.3963571428571429
42,5171,1,1,0.5282380952380952
42,1665,0,1,0.6452380952380952
42,3779,0,0,0.3920137085137085
42,235,0,0,0.35505952380952377
42,864,0,0,0.17033333333333334
42,5185,1,0,0.2411111111111111
42,4174,1,1,0.5683225108225107
42,3615,1,0,0.458296536796537
42,3811,0,0,0.21342063492063496
42,6462,0,1,0.7093333333333333
42,734,0,0,0.2589285714285714
42,4333,1,1,0.6975396825396823
42,2463,1,1,0.6239526143790849
42,5743,1,1,0.5572539682539682
42,1365,1,1,0.6371850649350649
42,5721,1,0,0.48416666666666663
42,665,0,0,0.22230952380952385
42,5201,1,1,0.5297982456140351
42,1427,0,0,0.4634749694749694
42,919,1,0,0.45394047619047617
42,4401,0,1,0.6331964285714285
42,6086,0,0,0.47285714285714286
42,1329,1,1,0.6912063492063493
42,3410,1,0,0.4526071428571429
42,4688,0,0,0.3962023809523811
42,4171,1,0,0.4495119047619048
42,1852,0,0,0.23733333333333337
42,2407,1,0,0.23952777777777776
42,1297,0,1,0.6752738095238096
42,1476,1,1,0.6094093567251463
42,2187,0,0,0.26103174603174606
42,3223,1,1,0.6986666666666668
42,5676,0,0,0.39185714285714274
42,997,1,1,0.7612380952380949
42,4579,1,1,0.8352380952380952
42,3340,0,0,0.47890476190476183
42,1375,0,0,0.32977777777777784
42,464,0,0,0.33605494505494504
42,4205,0,1,0.5466111111111112
42,4959,1,0,0.49259523809523814
42,1241,0,0,0.26559523809523816
42,486,0,0,0.447215994531784
42,4290,0,1,0.5953647186147186
42,3532,0,1,0.5174166666666667
42,1089,1,0,0.08616666666666667
42,5067,0,1,0.7388333333333332
42,2194,0,1,0.5984863294600136
42,4191,1,1,0.5928928571428571
42,1442,1,0,0.34163199665831245
42,4787,0,1,0.5245238095238097
42,6306,1,0,0.46804761904761905
42,1465,1,1,0.5942972582972583
42,3070,0,0,0.33625
42,1543,0,0,0.23924999999999996
42,2260,0,0,0.397111111111111
42,1189,0,0,0.2806230158730158
42,293,1,0,0.2688333333333333
42,4968,1,1,0.6202896825396825
42,2230,0,0,0.3719999999999999
42,5485,0,1,0.6805634920634921
42,1621,0,1,0.5687261904761904
42,174,0,0,0.1769761904761905
42,3847,0,0,0.3131309523809524
42,6974,0,0,0.16854166666666665
42,190,0,0,0.45685317460317465
42,2019,0,0,0.41415476190476197
42,4348,0,1,0.6152142857142857
42,2597,0,0,0.29548809523809516
42,467,1,1,0.5358961038961041
42,6591,0,0,0.15325
42,6057,1,0,0.43444264069264066
42,4157,1,1,0.5301136363636363
42,4709,1,1,0.5026374458874459
42,6020,0,1,0.6146439393939395
42,5125,1,1,0.5809523809523811
42,5792,0,1,0.5630000000000001
42,2031,0,0,0.26459523809523816
42,1963,1,1,0.5783636363636364
42,1449,1,0,0.2544075630252101
42,4382,1,1,0.6816571773636991
42,6598,0,0,0.39075000000000004
42,1861,0,0,0.24711111111111111
42,5085,0,0,0.30292857142857144
42,1019,0,0,0.47947402597402594
42,1806,1,1,0.695939393939394
42,471,1,0,0.22816666666666666
42,6572,1,1,0.6916470588235293
42,6924,1,1,0.6997067099567101
42,6882,0,0,0.31584920634920627
42,3936,0,0,0.3187777777777777
42,143,0,0,0.4026904761904762
42,3893,1,1,0.7648565046065048
42,2166,0,1,0.5827142857142857
42,2182,0,0,0.32688311688311683
42,1938,0,0,0.2802579365079365
42,2942,0,0,0.47792857142857137
42,179,1,0,0.3221507936507937
42,2117,0,0,0.3940000000000001
42,5189,1,1,0.5529404761904761
42,1455,0,1,0.6154404761904761
42,5772,1,1,0.571
42,401,1,1,0.7700685425685427
42,5110,1,1,0.608531746031746
42,2799,1,0,0.2577976190476191
42,1079,0,0,0.2086944444444444
42,1134,0,1,0.7727777777777777
42,6637,0,0,0.3845458152958152
42,6856,0,0,0.1836547619047619
42,2856,0,0,0.31623701298701296
42,1666,0,0,0.4309917027417028
42,5454,0,0,0.26542857142857146
42,5325,0,0,0.3609007936507937
42,333,1,1,0.5792575757575757
42,81,1,0,0.42144047619047625
42,3142,1,1,0.6508487607164077
42,2044,0,0,0.3546438923395446
42,5665,1,1,0.7137380952380954
42,927,0,0,0.15720833333333334
42,3610,1,1,0.65697947454844
42,3063,0,0,0.20935119047619047
42,54,1,0,0.41728571428571437
42,3374,0,0,0.20154761904761906
42,6530,0,1,0.5672568922305764
42,4194,1,1,0.6107786935286935
42,305,0,0,0.3207406204906205
42,5737,0,0,0.46039285714285705
42,2773,1,1,0.7253373015873015
42,2451,1,1,0.7613650793650792
42,5845,0,0,0.33633333333333326
42,4181,0,0,0.21642857142857141
42,5671,0,1,0.6290769230769229
42,2016,0,0,0.3550119047619048
42,1484,0,0,0.3948833943833944
42,1921,0,1,0.6362658730158729
42,3338,0,0,0.2179047619047619
42,154,1,0,0.49245202020202017
42,5140,1,0,0.39296031746031745
42,1112,1,0,0.4349242424242423
42,5882,1,0,0.42474999999999996
42,3043,0,1,0.5289761904761905
42,269,0,0,0.32338095238095227
42,4596,0,0,0.449
42,832,1,0,0.4942142857142858
42,342,0,0,0.48103968253968254
42,5909,1,1,0.6816868686868687
42,362,0,0,0.26665079365079364
42,3518,1,1,0.6998874458874457
42,2200,0,1,0.5886233766233766
42,6645,0,0,0.2991904761904762
42,6776,0,0,0.36446825396825394
42,5522,1,0,0.46838095238095234
42,311,1,0,0.26938131313131314
42,2294,0,0,0.48557034632034635
42,4452,1,0,0.24524999999999994
42,1854,0,0,0.38067532467532467
42,3079,1,0,0.2155
42,3139,1,1,0.5099523809523812
42,5288,1,0,0.47866553736118966
42,4832,0,0,0.4432575757575757
42,6422,0,0,0.18222041847041848
42,52,0,0,0.21378571428571422
42,1258,0,0,0.23633333333333337
42,444,0,0,0.45826984126984127
42,6277,0,0,0.24183333333333326
42,2300,1,0,0.2776872294372294
42,2159,0,1,0.5345039682539683
42,1595,1,0,0.4870714285714286
42,5758,1,1,0.6101666666666667
42,1787,1,1,0.6971547619047618
42,1434,1,1,0.6631666666666668
42,862,1,1,0.7615992063492064
42,2180,0,0,0.3005238095238095
42,6653,1,0,0.44975396825396835
42,6756,0,0,0.4360357142857143
42,220,1,0,0.15824675324675322
42,3136,0,0,0.274515873015873
42,4276,0,1,0.663440476190476
42,1720,1,0,0.42352661064425784
42,5456,0,0,0.3119761904761905
42,5411,0,1,0.6580595238095238
42,3304,1,0,0.4233636363636364
42,5368,1,0,0.33198809523809525
42,2707,0,0,0.2919358974358975
42,4790,1,1,0.6886746031746033
42,2244,0,0,0.2238214285714286
42,4946,0,1,0.5672472527472529
42,2311,1,1,0.5976666666666667
42,4997,0,1,0.5232092731829574
42,4783,1,1,0.6561098901098902
42,5247,0,0,0.35096428571428573
42,2181,0,1,0.5294285714285715
42,6357,0,0,0.33651190476190473
42,3438,0,0,0.30316666666666664
42,5962,1,1,0.53434126984127
42,3931,0,1,0.7749682539682542
42,5464,1,0,0.42726190476190473
42,5082,1,1,0.6463910256410256
42,4673,0,0,0.17887801932367148
42,5502,0,0,0.13166666666666665
42,3084,1,0,0.4606666666666666
42,354,1,0,0.2915238095238096
42,6961,0,1,0.5250155677655677
42,1353,0,1,0.569218253968254
42,2806,0,0,0.480952380952381
42,66,0,0,0.4122539682539682
42,2786,0,0,0.24848412698412697
42,5224,0,1,0.6337808123249299
42,6711,1,0,0.3631587301587302
42,6501,0,0,0.20894047619047618
42,3334,1,1,0.73025
42,1855,1,0,0.21620634920634918
42,4636,0,0,0.26846031746031745
42,2,0,0,0.19252380952380954
42,4281,1,0,0.413984126984127
42,5867,1,1,0.6564166666666665
42,4115,1,0,0.33486507936507937
42,3521,0,0,0.4008888888888889
42,4987,0,0,0.36553138528138523
42,152,0,1,0.5900396825396826
42,4070,1,1,0.7340873015873015
42,5655,1,0,0.22966666666666669
42,337,0,1,0.5670833333333333
42,6444,0,0,0.3541948051948052
42,131,0,0,0.17764285714285713
42,4346,1,1,0.6923412698412699
42,1589,0,0,0.34758333333333336
42,2163,1,1,0.6622142857142856
42,6923,0,1,0.6282813852813852
42,1876,1,0,0.4476428571428572
42,558,0,1,0.6520995670995672
42,1655,0,0,0.26130952380952377
42,5331,0,1,0.6443149350649351
42,4625,0,1,0.6060595238095238
42,2945,0,0,0.3993928571428571
42,890,1,0,0.36904761904761907
42,5230,1,1,0.6194007936507936
42,2247,1,0,0.2295714285714286
42,6091,1,1,0.5690555555555555
42,2301,0,1,0.6070909090909091
42,6387,0,1,0.7358124653124654
42,896,0,0,0.2770119047619048
42,4416,1,1,0.618
42,1324,0,0,0.3465721500721501
42,1059,1,1,0.52975
42,6901,0,1,0.5541789701526544
42,3404,0,1,0.6887916666666666
42,2866,0,0,0.21039169000933705
42,923,0,0,0.4248015873015872
42,5144,0,0,0.25016269841269845
42,6198,0,0,0.22919047619047614
42,6753,0,0,0.3088214285714286
42,5108,1,0,0.4169591503267974
42,4234,1,1,0.6560068542568541
42,768,0,0,0.17955555555555558
42,7041,1,0,0.29822222222222217
42,781,1,0,0.20382575757575758
42,6835,0,1,0.5473809523809523
42,192,1,0,0.4459004329004329
42,6839,0,0,0.35791666666666666
42,2822,0,0,0.39354761904761904
42,1237,1,1,0.5736217948717948
42,3703,1,1,0.5834285714285714
42,808,1,1,0.6394246031746031
42,3281,1,1,0.5699166666666665
42,5000,1,0,0.4299523809523809
42,2530,1,1,0.6617911255411255
42,1988,1,1,0.6071468253968255
42,5019,0,0,0.4512777777777778
42,524,1,1,0.6528571428571428
42,975,1,1,0.6189426406926407
42,5207,0,0,0.27375000000000005
42,3186,0,1,0.6479873737373737
42,2289,0,0,0.21302380952380948
42,6984,1,1,0.5719128238910848
42,746,0,0,0.38569047619047614
42,1029,0,0,0.1870335497835498
42,1778,1,1,0.5514166666666668
42,1444,1,1,0.7294404761904761
42,4379,1,1,0.5838214285714285
42,3238,0,0,0.49582142857142864
42,3443,1,1,0.6478253968253967
42,3665,0,1,0.5826818181818181
42,6004,0,1,0.5176666666666666
42,1530,0,0,0.4836282051282052
42,476,1,1,0.7029761904761905
42,6139,1,1,0.6317528011204482
42,4955,0,0,0.21845238095238093
42,4796,0,0,0.2008333333333333
42,276,1,1,0.7327380952380952
42,3813,0,0,0.3894166666666667
42,1869,0,1,0.5254761904761905
42,2645,0,1,0.6703528138528138
42,6624,0,0,0.40558608058608053
42,3742,1,0,0.38739682539682546
42,3336,1,1,0.7283253968253968
42,1927,0,1,0.6906111111111111
42,4162,0,0,0.4338626373626373
42,2285,1,1,0.6084285714285714
42,1583,0,1,0.5119166666666668
42,4721,1,0,0.209047619047619
42,2347,1,0,0.18911904761904766
42,5773,1,0,0.4382417027417027
42,2411,1,1,0.5315833333333333
42,4478,1,1,0.5775595238095238
42,6873,0,0,0.3945
42,3106,0,0,0.325611111111111
42,4009,1,1,0.5154296536796538
42,4842,0,0,0.1729166666666667
42,184,1,0,0.22867857142857143
42,5594,0,0,0.42025
42,6773,1,1,0.72275
42,3962,0,0,0.3885119047619047
42,3174,1,1,0.6691493506493505
42,2505,1,0,0.4384437229437229
42,792,1,1,0.6093409090909091
42,4455,1,1,0.5660238095238095
42,1435,1,0,0.2795595238095238
42,2903,1,1,0.6399801587301588
42,882,0,0,0.35225793650793646
42,5926,0,1,0.6407063492063492
42,2896,0,0,0.16159803921568627
42,1990,0,0,0.418968253968254
42,5956,0,0,0.49222077922077917
42,6355,0,0,0.36710653235653223
42,2868,0,0,0.2406904761904762
42,3389,0,0,0.19269444444444442
42,4813,0,1,0.5928736263736263
42,1450,1,1,0.6992380952380952
42,904,1,0,0.3083690476190477
42,2024,0,1,0.7200396825396824
42,4537,0,0,0.15083333333333335
42,780,0,0,0.13233333333333333
42,6787,1,0,0.47608333333333325
42,4166,1,1,0.7572500000000001
42,5560,1,1,0.6258888888888889
42,5844,0,1,0.8288272005772006
42,1359,0,1,0.7674516594516595
42,2043,0,0,0.23945238095238092
42,596,1,1,0.7942857142857142
42,6536,0,0,0.46828138528138524
42,3397,1,1,0.5112979797979798
42,1198,1,1,0.6931269841269841
42,385,1,1,0.6493531746031747
42,2186,1,1,0.7031666666666666
42,3843,0,0,0.4524841269841271
42,2056,0,0,0.38415756302521
42,4940,0,1,0.539
42,2975,1,1,0.5830357142857143
42,4701,1,1,0.6715198412698412
42,1113,1,1,0.7620238095238094
42,4797,0,0,0.27164285714285713
42,5842,1,0,0.4173074229691878
42,3287,0,0,0.35326190476190467
42,1620,0,0,0.25258333333333327
42,4118,0,1,0.5551190476190474
42,2552,0,0,0.3044047619047619
42,1096,0,0,0.2523095238095238
42,552,1,1,0.7171818181818179
42,5476,0,0,0.2127619047619048
42,938,0,0,0.3601349206349206
42,1949,0,0,0.35825
42,5925,0,0,0.26436507936507936
42,4436,1,1,0.7346190476190476
42,6363,1,1,0.7247857142857141
42,586,0,0,0.2719285714285714
42,958,0,0,0.36104166666666665
42,5828,1,0,0.3448214285714286
42,1378,1,0,0.31966666666666665
42,6618,1,1,0.5573250915750917
42,4986,1,0,0.4422301587301588
42,1242,0,0,0.2093174603174603
42,5154,0,0,0.192
42,5129,0,0,0.2479047619047619
42,5590,0,0,0.17549999999999996
42,3437,1,0,0.4550871628371628
42,1229,0,0,0.24888888888888883
42,5393,0,0,0.4293603896103895
42,3299,1,1,0.7513636363636362
42,75,1,0,0.3484206349206349
42,4250,1,1,0.6205057295645531
42,6121,0,0,0.34423665223665223
42,1071,1,0,0.31152777777777774
42,4373,1,1,0.5579751082251083
42,3085,1,0,0.47026879699248114
42,5826,1,1,0.5966750700280112
42,1826,1,1,0.6368611111111112
42,7025,0,0,0.3283571428571429
42,2742,1,0,0.28195165945165945
42,3979,1,0,0.15373809523809523
42,6171,1,1,0.6948333333333332
42,5079,0,0,0.19109523809523807
42,1838,1,0,0.35050000000000003
42,5900,1,0,0.3175714285714286
42,2974,0,0,0.41551190476190486
42,4310,0,1,0.7725329537612144
42,593,1,0,0.35323809523809524
42,3166,0,0,0.21662698412698408
42,4457,1,1,0.5827261904761906
42,1641,1,1,0.5012103174603174
42,206,0,1,0.7217301587301587
42,2879,1,1,0.5555667388167387
42,6679,1,0,0.27654545454545454
42,858,0,1,0.6348095238095236
42,70,0,1,0.6064107142857145
42,3321,1,0,0.3235
42,4934,1,1,0.5851825396825396
42,5226,0,0,0.35980952380952386
42,1973,0,0,0.4079285714285714
42,1066,0,0,0.2372777777777778
42,4643,0,0,0.299047619047619
42,5580,1,1,0.728745670995671
42,3838,0,0,0.18814285714285717
42,4717,1,1,0.5106428571428571
42,3392,0,0,0.2721428571428572
42,6225,0,0,0.44945238095238105
42,3737,1,1,0.5714431124431125
42,6326,1,0,0.3243065998329156
42,2443,0,0,0.4589642857142857
42,4594,0,0,0.32827777777777783
42,2797,0,0,0.19166071428571427
42,5222,1,1,0.5814285714285714
42,3567,1,1,0.7235555555555555
42,6348,0,0,0.4083686868686868
42,3578,0,0,0.29320779220779225
42,2201,0,0,0.3845238095238095
42,1049,1,1,0.611186507936508
42,1222,0,0,0.25298051948051953
42,4110,1,0,0.31173015873015875
42,5161,1,1,0.7381904761904761
42,1498,0,1,0.6223838383838385
42,5132,0,1,0.668452380952381
42,6574,0,0,0.2601597744360902
42,1109,1,0,0.47783333333333333
42,6012,0,0,0.2621969696969697
42,6168,1,1,0.5136871345029239
42,5684,0,1,0.542974025974026
42,3318,0,0,0.444531746031746
42,594,1,0,0.22772619047619044
42,2349,1,1,0.6164424603174604
42,51,0,1,0.5736706349206349
42,5208,0,1,0.703126984126984
42,1199,0,1,0.6837004939504938
42,5878,0,1,0.514
42,545,0,0,0.3024166666666667
42,5156,0,0,0.30810642135642136
42,259,1,0,0.21742857142857136
42,3564,0,0,0.2221428571428571
42,4534,1,1,0.5120238095238094
42,1366,1,1,0.5793864468864469
42,1871,1,1,0.5874469696969699
42,3503,0,0,0.4835125313283208
42,433,1,1,0.5242658730158731
42,2785,0,0,0.3700238095238096
42,1820,0,0,0.2672900432900433
42,3617,1,0,0.4373571428571428
42,6353,1,1,0.7325238095238098
42,5095,0,0,0.3605
42,1057,1,1,0.633547619047619
42,2962,0,0,0.46197023809523813
42,3189,0,0,0.40222161172161164
42,4574,0,0,0.358797619047619
42,6733,0,1,0.5557142857142857
42,4513,0,1,0.7540357142857143
42,1546,1,1,0.5949285714285714
42,4718,0,0,0.4534702380952382
42,6054,1,1,0.5305
42,6951,1,0,0.40957142857142864
42,1705,0,0,0.35144444444444434
42,5113,1,0,0.49342063492063487
42,2002,0,0,0.2786031746031746
42,2759,0,1,0.5530873015873015
42,6657,0,0,0.41624789915966387
42,3261,1,1,0.5405119047619048
42,5319,0,0,0.3194642857142857
42,417,0,0,0.4120238095238095
42,1118,0,0,0.34888095238095235
42,3036,1,1,0.7727207792207793
42,3657,1,1,0.7230734126984127
42,5426,1,1,0.7137420634920635
42,3753,1,0,0.36610714285714285
42,3554,1,0,0.49085714285714277
42,3433,1,1,0.6653674948240166
42,703,0,0,0.32809956709956717
42,4399,0,1,0.7527499999999999
42,5444,1,0,0.21754761904761902
42,3349,0,0,0.2013863636363637
42,279,1,1,0.6347142857142856
42,7008,1,1,0.5432867494824017
42,3463,0,0,0.2350952380952381
42,84,1,0,0.3469523809523809
42,744,0,0,0.19465476190476189
42,6570,1,0,0.3806318681318681
42,7011,0,1,0.6857016967706623
42,712,1,0,0.37249999999999994
42,6662,1,0,0.4067738095238094
42,1062,1,1,0.6233035714285714
42,742,0,0,0.2537857142857143
42,5790,0,0,0.49168253968253967
42,1817,0,1,0.5226428571428571
42,6671,0,0,0.47969047619047617
42,4156,0,0,0.3419722222222223
42,5443,1,1,0.5755238095238094
42,2980,1,0,0.3989285714285714
42,531,1,0,0.41960317460317464
42,1302,1,0,0.3991883116883116
42,945,0,0,0.3888333333333333
42,4660,0,1,0.6168382173382172
42,1023,1,0,0.3646031746031746
42,4612,0,0,0.3668845598845599
42,3456,0,0,0.3568571428571428
42,1499,1,1,0.5594007936507935
42,3275,1,1,0.6179206349206349
42,3416,1,0,0.39972619047619046
42,6602,0,0,0.26169047619047614
42,57,0,0,0.39183333333333337
42,6325,0,0,0.2299166666666667
42,6059,0,1,0.5566244588744589
42,5215,0,0,0.4739444444444444
42,6401,1,1,0.7703809523809524
42,5233,1,0,0.4413095238095238
42,5506,1,0,0.22954761904761906
42,1210,1,1,0.5507186147186147
42,4945,1,1,0.6663333333333334
42,3148,0,0,0.18216666666666673
42,1936,0,0,0.24206313131313134
42,1865,1,0,0.4491904761904762
42,5806,0,1,0.5527445887445888
42,6002,1,0,0.43319047619047607
42,5048,1,1,0.5087579365079365
42,6170,0,0,0.23396428571428574
42,1326,0,0,0.25619047619047625
42,5538,0,1,0.7835952380952383
42,5250,1,1,0.6198174603174603
42,2189,0,1,0.6152658730158731
42,2174,0,0,0.39730555555555563
42,357,1,1,0.6025952380952381
42,6242,1,0,0.39591197691197694
42,2653,1,1,0.7531190476190478
42,6921,1,1,0.5138571428571428
42,5480,0,0,0.4526580086580087
42,6848,0,0,0.22757875457875457
42,6838,1,1,0.6094761904761906
42,2601,0,0,0.18756818181818183
42,6036,0,0,0.40213888888888893
42,6237,1,0,0.44599603174603175
42,5517,1,1,0.5674790764790765
42,1211,1,0,0.207
42,6281,0,0,0.2282857142857143
42,4487,0,0,0.4224880952380952
42,976,0,0,0.3461111111111111
42,6557,1,1,0.5538921568627451
42,400,1,1,0.6584880952380954
42,2865,0,1,0.5535887445887444
42,5556,0,0,0.3773214285714286
42,5715,1,0,0.4463333333333333
42,3058,1,0,0.26788095238095244
42,2308,0,0,0.408138888888889
42,1735,1,0,0.1737202380952381
42,2783,0,1,0.6248015873015873
42,1706,0,0,0.1961785714285714
42,5631,0,0,0.28333333333333327
42,3071,1,0,0.3691031746031746
42,2367,1,1,0.6476709956709957
42,6852,0,0,0.23916666666666672
42,1235,1,0,0.37330158730158725
42,3735,1,0,0.3104166666666666
42,4028,1,1,0.6402777777777777
42,4035,1,0,0.3825476190476191
42,1410,1,1,0.52357905982906
42,4004,1,1,0.6957579365079366
42,801,1,1,0.60875
42,6966,1,1,0.5533446275946275
42,1052,1,1,0.6275714285714286
42,1301,1,1,0.6473333333333332
42,4880,1,1,0.8066388888888888
42,5688,1,1,0.57975
42,6763,1,0,0.18416666666666662
42,1859,0,0,0.3110674603174603
42,470,1,0,0.4871071428571429
42,5786,1,1,0.5801309523809524
42,5486,1,1,0.6680357142857142
42,968,1,0,0.3899325396825396
42,1200,0,0,0.14974999999999997
42,5030,0,0,0.2781984126984127
42,1824,0,0,0.34201515151515144
42,3187,1,1,0.5470674512367876
42,6891,0,1,0.5810979853479852
42,1009,0,1,0.5456666666666667
42,3289,0,0,0.21176190476190476
42,2977,1,1,0.8375436507936509
42,754,0,0,0.3346025641025641
42,658,1,0,0.4294484126984127
42,5429,1,0,0.44723809523809516
42,747,0,0,0.3704372294372294
42,637,1,0,0.3050595238095238
42,5077,0,0,0.3325335497835498
42,1310,1,0,0.4729444444444446
42,1687,1,0,0.4171486291486291
42,6132,1,1,0.6426904761904761
42,1625,0,0,0.3995643151997641
42,1766,1,1,0.5995357142857145
42,4496,1,0,0.2840535714285714
42,1172,0,0,0.35640476190476184
42,6335,0,0,0.16626190476190478
42,2173,0,0,0.28744444444444445
42,4511,0,0,0.43215873015873013
42,4512,1,1,0.6539285714285714
42,4597,0,1,0.6615216450216452
42,2447,0,1,0.5638626373626375
42,3495,1,1,0.6445714285714285
42,4246,0,0,0.26471428571428574
42,3426,1,0,0.34246031746031735
42,2477,0,1,0.5207142857142858
42,1567,0,0,0.11549999999999999
42,4056,1,1,0.6367142857142858
42,5780,1,1,0.6540555555555556
42,4931,0,0,0.2526428571428571
42,5574,0,0,0.2948095238095238
42,399,0,0,0.34923260073260076
42,6736,1,0,0.4473571428571428
42,4876,0,0,0.19885714285714287
42,3772,0,0,0.41261742424242426
42,4531,0,0,0.4603333333333333
42,4639,0,1,0.5331587301587303
42,4050,1,1,0.6666825396825395
42,3829,1,0,0.31151010101010107
42,3241,1,1,0.5783611111111111
42,1686,0,0,0.3778730158730159
42,4251,1,0,0.31676190476190474
42,4185,0,1,0.5647261904761903
42,3933,1,0,0.3366746031746033
42,5614,0,1,0.5267857142857143
42,2912,1,1,0.578484126984127
42,6861,0,0,0.23216666666666666
42,3702,1,1,0.7343647186147186
42,995,1,0,0.26876190476190476
42,4177,1,1,0.7623531746031749
42,24,1,1,0.601952380952381
42,2150,0,0,0.46083333333333326
42,5953,0,1,0.5379365079365079
42,5857,0,0,0.4108809523809524
42,2268,1,1,0.6844166666666667
42,2550,1,1,0.6142301587301588
42,2948,0,0,0.26602380952380955
42,5760,0,1,0.54
42,7004,1,1,0.5533452380952381
42,6192,1,1,0.7598809523809524
42,1771,1,0,0.23749603174603182
42,6521,0,0,0.44945238095238105
42,5656,1,1,0.7332619047619044
42,2440,0,0,0.20005555555555557
42,950,1,1,0.6155238095238095
42,956,0,0,0.39838095238095245
42,4870,1,1,0.6855238095238094
42,856,1,0,0.4837647058823531
42,4294,1,0,0.3961071428571428
42,2078,0,1,0.6162896825396826
42,4442,1,0,0.4902936507936508
42,4586,1,1,0.7976190476190476
42,3803,0,0,0.4807321428571428
42,1815,1,0,0.20978571428571427
42,1992,1,0,0.2178452380952381
42,4638,0,0,0.3149635642135642
42,5658,0,0,0.33149999999999996
42,1396,1,1,0.6940357142857141
42,5130,0,0,0.27408333333333335
42,2610,1,1,0.582654761904762
42,6579,0,1,0.662031746031746
42,2310,0,1,0.6491150793650795
42,5987,0,1,0.5917968975468976
42,2976,1,0,0.40046031746031746
42,6818,1,0,0.2351547619047619
42,6692,0,0,0.30787499999999995
42,4707,0,0,0.14140476190476192
42,2777,0,0,0.24636507936507931
42,3579,0,0,0.4464166666666667
42,5305,0,0,0.33616666666666667
42,1206,0,1,0.5488492063492063
42,6850,1,0,0.44722619047619055
42,4920,0,0,0.4238095238095238
42,3364,0,0,0.3671388888888889
42,5838,1,1,0.5979285714285715
42,3805,0,1,0.7455598845598846
42,2503,0,1,0.50725
42,5650,0,0,0.1968472222222222
42,4176,1,1,0.6502103174603175
42,2717,1,0,0.3740833333333334
42,4001,1,1,0.71025
42,6403,1,1,0.5129206349206349
42,6595,0,0,0.36218452380952376
42,1727,1,1,0.6461190476190475
42,6639,0,1,0.5849801587301587
42,3517,0,0,0.14816666666666667
42,2637,0,0,0.33409523809523806
42,1708,0,0,0.40451587301587305
42,1406,1,1,0.5158809523809524
42,5600,0,0,0.13115476190476189
42,4502,1,0,0.37881818181818183
42,736,0,1,0.6371556776556776
42,989,1,1,0.5936547619047619
42,2768,1,1,0.6316944444444443
42,3396,0,0,0.22650793650793652
42,6163,1,1,0.6791666666666666
42,1272,1,1,0.5012380952380951
42,4898,0,0,0.2038293650793651
42,5617,1,1,0.6477016967706624
42,6209,1,1,0.5560624098124098
42,689,0,1,0.601125541125541
42,5388,0,0,0.4420476190476191
42,3090,1,0,0.34346825396825403
42,2760,1,0,0.2038452380952381
42,5748,1,1,0.6412764202172095
42,5316,1,0,0.33954761904761904
42,6349,0,1,0.6129087301587303
42,5413,0,0,0.2731111111111111
42,1000,0,0,0.18006349206349206
42,139,0,0,0.2267723665223665
42,4361,0,0,0.46269187675070034
42,6632,0,0,0.29401190476190475
42,3696,0,0,0.4356529581529581
42,4371,0,0,0.4957698412698413
42,6046,0,0,0.3928571428571428
42,4493,0,1,0.6590238095238093
42,466,1,1,0.7795509031198686
42,2444,1,1,0.5564981491938014
42,5117,0,0,0.311047619047619
42,5791,1,1,0.6576140350877192
42,2844,1,1,0.5956547619047619
42,4999,0,0,0.16916666666666672
42,5407,1,1,0.6780756302521008
42,3268,1,1,0.795079365079365
42,2716,1,1,0.5662545093795096
42,6408,1,0,0.4624484126984128
42,4665,0,0,0.21042857142857144
42,5377,0,0,0.316952380952381
42,321,0,0,0.23642857142857146
42,1677,1,0,0.41080952380952385
42,3639,0,0,0.2683095238095239
42,2983,0,1,0.7252609710550887
42,5164,1,1,0.5468802308802307
42,6282,0,0,0.4384206349206348
42,2615,1,0,0.33408008658008653
42,3042,1,1,0.7116318681318683
42,5146,0,0,0.3875735930735932
42,5871,1,0,0.3446794871794873
42,6354,1,0,0.3537857142857143
42,2273,0,0,0.1751825396825397
42,1420,1,0,0.40871428571428564
42,4043,0,0,0.33375793650793656
42,2307,0,1,0.5041230158730159
42,6871,0,1,0.5347766106442577
42,133,1,0,0.41875000000000007
42,2344,1,0,0.4368726551226551
42,1533,0,0,0.1432797619047619
42,2878,0,0,0.4037261904761905
42,5950,0,0,0.35534126984126985
42,1596,0,0,0.37546825396825395
42,6107,0,0,0.4968888888888888
42,2243,0,1,0.5964076479076479
42,5354,1,0,0.4527023809523811
42,6667,1,0,0.2777380952380952
42,6922,0,0,0.19433333333333336
42,2452,0,0,0.20733333333333337
42,5258,0,0,0.16201190476190475
42,5647,0,0,0.3602380952380953
42,3833,1,1,0.6351111111111112
42,6967,0,0,0.30727777777777765
42,3051,0,1,0.7311190476190477
42,6532,0,1,0.7085801698301695
42,125,1,1,0.5606768056504898
42,1555,1,0,0.49227777777777787
42,6179,1,1,0.6025865800865801
42,3184,1,1,0.7374093406593407
42,1955,1,1,0.5211626984126984
42,1291,0,0,0.15671212121212122
42,4507,1,0,0.4046666666666667
42,3383,1,1,0.5791190476190475
42,3524,1,1,0.6868333333333332
42,6971,0,0,0.2531507936507936
42,3823,0,0,0.48838095238095236
42,6423,1,0,0.39918357949240296
42,4336,1,1,0.5438968253968254
42,6812,1,1,0.6571428571428573
42,2618,0,1,0.5318333333333334
42,6843,0,0,0.21249999999999994
42,4615,0,1,0.5836702741702741
42,4298,0,0,0.30180952380952386
42,4938,0,0,0.2307142857142857
42,4771,1,1,0.6532619047619047
42,3763,0,0,0.4506904761904763
42,6515,1,1,0.6577738095238095
42,448,1,1,0.6460793650793651
42,5209,0,1,0.6737261904761904
42,1928,0,1,0.5330555555555556
42,2715,0,1,0.5642673160173161
42,6241,1,1,0.7072698412698415
42,5591,0,0,0.39284523809523814
42,2893,0,1,0.5650476190476192
42,4053,0,0,0.14085714285714285
42,6710,0,1,0.560185064935065
42,5089,1,0,0.40320082815735
42,3534,1,1,0.5432857142857145
42,3537,0,0,0.4751309523809523
42,339,0,1,0.5062034632034633
42,5352,1,1,0.5264285714285716
42,877,1,1,0.6732922077922078
42,1841,1,1,0.558285714285714
42,2342,1,0,0.24597557997557995
42,3479,0,1,0.5882777777777778
42,1138,0,0,0.2803571428571428
42,1220,0,0,0.4028181818181818
42,1106,1,1,0.550952380952381
42,4253,0,0,0.18833040935672518
42,4087,0,0,0.17562554112554113
42,1466,1,0,0.4947308802308803
42,1863,1,0,0.49092857142857155
42,3359,0,0,0.2865357142857143
42,1174,0,1,0.693670634920635
42,1422,0,1,0.7092948717948718
42,3506,0,0,0.2672460317460318
42,3028,1,1,0.6170833333333333
42,292,0,1,0.5711547619047619
42,5903,1,1,0.614861111111111
42,458,1,1,0.6918015873015873
42,2410,0,0,0.430690934065934
42,675,1,1,0.6697301587301588
42,4284,1,1,0.6478095238095238
42,4344,1,1,0.5679126984126984
42,4995,0,0,0.3546286213786214
42,4112,0,0,0.36860317460317465
42,1899,0,1,0.5204999999999999
42,5099,1,1,0.8265952380952382
42,3237,0,0,0.24419841269841266
42,5387,0,1,0.6312191697191696
42,4008,0,0,0.2019166666666667
42,2359,1,1,0.5034278074866311
42,5985,0,0,0.27415476190476196
42,7014,1,0,0.22495833333333334
42,3444,1,0,0.46886038961038956
42,3841,1,0,0.2739789377289377
42,2421,0,0,0.2981406926406926
42,1257,1,0,0.19949999999999998
42,5267,0,0,0.4520984211866565
42,3211,1,1,0.529593685300207
42,5350,0,1,0.5356984126984127
42,1290,1,1,0.5299365079365077
42,4046,0,0,0.3364226190476191
42,2703,0,0,0.4323809523809523
42,2680,1,0,0.4022261904761904
42,1054,1,0,0.3512936507936508
42,6129,1,1,0.5591904761904763
42,2305,0,0,0.23141666666666666
42,1729,1,0,0.3029935064935065
42,6071,1,0,0.37259523809523815
42,888,0,0,0.45578571428571424
42,1626,0,1,0.6071904761904762
42,95,0,0,0.15916666666666662
42,5494,0,0,0.3030595238095238
42,4780,1,0,0.3038492063492063
42,4045,1,1,0.681313492063492
42,6589,0,0,0.1511269841269841
42,5599,0,0,0.19277272727272726
42,6693,0,1,0.5691547619047619
42,4687,0,1,0.7029819376026272
42,4195,1,1,0.7112783882783883
42,482,0,0,0.32009523809523804
42,6117,1,1,0.5436297313797314
42,6,0,1,0.7798095238095238
42,1432,0,1,0.5754518814518813
42,1311,1,0,0.48575
42,6799,0,0,0.209047619047619
42,4488,0,0,0.42266666666666663
42,5172,1,1,0.6405876623376624
42,4668,0,1,0.5601309523809523
42,6351,0,0,0.4217619047619047
42,6834,1,1,0.5042896825396825
42,2035,1,0,0.45335317460317454
42,3683,0,0,0.24023809523809525
42,3352,0,0,0.2011359649122807
42,3083,0,1,0.6537658730158731
42,369,1,1,0.6044166666666668
42,4108,0,1,0.6163928571428571
42,6420,1,1,0.7139285714285714
42,2875,1,0,0.4236850649350648
42,1047,0,1,0.5742619047619049
42,3654,0,0,0.4159166666666667
42,605,1,0,0.2728015873015874
42,2916,1,0,0.3766666666666666
42,6258,0,0,0.23265873015873023
42,2437,0,0,0.34214285714285714
42,3050,0,1,0.6165833333333334
42,1169,0,1,0.5854444444444445
42,3153,0,0,0.27489285714285705
42,251,1,1,0.6319166666666667
42,1587,0,0,0.43363095238095234
42,4751,1,1,0.6206010101010101
42,180,0,1,0.6041507936507936
42,2729,1,0,0.4340595238095238
84,2285,1,0,0.48823237106388073
84,1567,0,0,0.18306913135018063
84,6529,0,1,0.6145354627429453
84,5699,1,1,0.5930139451111178
84,4075,1,1,0.5598768799329227
84,224,1,0,0.4125476852140956
84,5733,0,0,0.28848886204243934
84,564,0,0,0.4291805452759172
84,1144,0,0,0.2407439156997625
84,2577,0,0,0.1932677706522276
84,4893,0,0,0.40118460611912693
84,342,0,1,0.6330201557890213
84,134,0,0,0.45009080902088483
84,4716,0,1,0.5295855536130909
84,2776,1,1,0.5752995766006291
84,5543,0,0,0.47165607334527676
84,1321,0,0,0.23783703729424033
84,4239,1,1,0.6116197913122251
84,345,1,1,0.6534249295214227
84,262,0,0,0.471099492047046
84,4691,0,1,0.5610266799131374
84,3915,1,1,0.5492389401225096
84,4220,0,0,0.2162885663297209
84,4595,0,1,0.5367290498627076
84,347,1,1,0.8018328581262237
84,3625,1,1,0.5475510454487316
84,17,0,0,0.3597231710088905
84,5335,0,1,0.5983197144017084
84,1523,0,0,0.22893075189290701
84,625,1,0,0.4033374027899189
84,3358,0,1,0.6870210218436489
84,4228,0,0,0.24563212618482255
84,907,0,0,0.19515066313931434
84,296,0,0,0.11406082356044508
84,1037,0,1,0.5518838781110411
84,772,0,0,0.2842192933658835
84,802,1,1,0.769597085636817
84,1180,0,0,0.4099907308845371
84,6655,0,1,0.5713956053218819
84,5584,1,1,0.7684804029537649
84,6484,0,1,0.5335016949338067
84,4244,1,1,0.6435010265850667
84,2861,1,1,0.5315750220573182
84,3766,0,0,0.438946915848158
84,673,0,1,0.700563548427528
84,3323,1,1,0.5908110787768495
84,5785,1,1,0.6075465659960386
84,5191,0,0,0.3544700299742804
84,5089,1,1,0.5667537307354297
84,2574,0,1,0.6221379366762336
84,3780,1,1,0.5666500758351117
84,3297,1,1,0.7211144156171404
84,6278,1,1,0.7490124910524378
84,4812,1,1,0.6946564475337894
84,4727,0,0,0.2840565337497397
84,440,1,1,0.6505199028651677
84,3537,0,0,0.29202074799822514
84,949,0,1,0.6931186066225389
84,4933,0,1,0.8159561621725959
84,648,0,1,0.5821755292079166
84,406,0,0,0.4792214615140356
84,738,1,0,0.4911386707504719
84,5142,0,0,0.34647852719922195
84,3198,0,0,0.496310286845398
84,1234,0,0,0.32678045153459484
84,5587,0,0,0.2301882557362464
84,5268,0,0,0.36790858932030296
84,1906,0,0,0.1435476210581484
84,5403,0,0,0.09184847229990119
84,2734,0,0,0.23080750826664823
84,1129,1,1,0.6938967598349693
84,1891,0,1,0.5114849242770184
84,1718,0,0,0.4541894530279564
84,6497,1,1,0.5641569311403027
84,2389,0,1,0.8314742053827499
84,3799,0,0,0.23677682356944046
84,4403,0,0,0.22274978605617782
84,1723,0,0,0.44835112806199656
84,2598,0,1,0.6018094053474001
84,5460,0,0,0.2582301121572304
84,1347,0,0,0.2548106286779758
84,4296,0,0,0.47762674552527074
84,281,1,0,0.4759050492454121
84,3670,0,0,0.3062582472177024
84,1608,0,1,0.6646871002747919
84,5358,0,0,0.3330096684934752
84,2933,0,1,0.584193873299537
84,1300,0,0,0.39583531538663547
84,6424,0,1,0.5825715612758947
84,2344,1,0,0.38719234877187914
84,889,0,1,0.571495207929351
84,6133,1,1,0.6776175575418769
84,3563,0,0,0.09457087257246395
84,721,1,0,0.15400751659608433
84,157,0,0,0.213804538065651
84,1020,0,0,0.13415633617890133
84,4327,0,0,0.4446978334129919
84,236,0,0,0.23585369968322223
84,5000,1,1,0.5086042984291534
84,4885,1,1,0.576843600052719
84,1654,0,0,0.14802231339820368
84,3982,1,0,0.3423760853518267
84,3945,0,1,0.6647570807809691
84,3910,0,0,0.17806261664447126
84,6717,0,0,0.45393153731890223
84,2650,0,1,0.6811311598816315
84,1934,0,1,0.630399603488288
84,5259,1,1,0.7431925982005212
84,252,0,1,0.7089051204784048
84,1812,0,0,0.31743314259732913
84,5983,1,0,0.4449137242187813
84,984,1,1,0.6416628599978064
84,6201,1,1,0.6232014605173467
84,6402,1,1,0.5142930034109559
84,405,0,0,0.3427127180413738
84,6780,0,0,0.12847097110235878
84,1490,0,0,0.4069565485516761
84,756,1,1,0.6955921558028446
84,1318,0,0,0.16437603659781505
84,4090,0,1,0.6822076557017449
84,6622,1,1,0.6424502793684154
84,2328,0,1,0.6137750303940547
84,2204,0,0,0.18224519283355697
84,3296,1,0,0.43991963902974945
84,5428,1,1,0.8090034916925036
84,70,0,1,0.6398576590554593
84,4815,1,1,0.6929857195088587
84,1126,1,0,0.4895085635848232
84,3423,0,1,0.5436416626373295
84,4354,1,1,0.722245232966438
84,1242,0,0,0.2802264057570089
84,3842,0,0,0.29330849479824334
84,2155,0,0,0.10854738342838256
84,6664,0,0,0.4452306343292109
84,2839,1,1,0.7360417797983498
84,5023,1,1,0.6306383452982663
84,5109,1,1,0.5301769185651289
84,5112,1,0,0.22308565580534626
84,4952,1,1,0.6797025726432518
84,2655,1,0,0.43459775852940824
84,1693,1,0,0.28724833172600556
84,2315,0,0,0.14213708103104808
84,4265,1,1,0.6232169756482433
84,491,0,1,0.6579148794233222
84,3594,0,0,0.28585453301507885
84,6805,1,1,0.5275220489780349
84,5022,1,1,0.7564046937235527
84,3032,0,1,0.6368620198204569
84,6856,0,0,0.09581439917884875
84,1570,1,1,0.6550934075906096
84,3029,1,0,0.2980638049674629
84,2767,0,1,0.664466734011307
84,3904,0,0,0.4728419647976236
84,3663,1,1,0.6522198339694663
84,2745,1,1,0.7320145057435475
84,1982,0,0,0.15247031315611645
84,237,1,1,0.8058499056722306
84,4583,1,1,0.7608582844532678
84,3733,1,1,0.5029983066153236
84,3535,0,0,0.24738690033082752
84,259,1,0,0.20321678406630259
84,1391,0,0,0.15986885259769393
84,5645,0,0,0.2375956604628866
84,3538,0,1,0.692542900918188
84,2117,0,1,0.5533307147737604
84,5243,0,1,0.5527766325289806
84,5778,1,1,0.5344114267888315
84,3509,0,0,0.3137840558131023
84,6086,0,0,0.3280426481623664
84,1463,1,1,0.6783383601432373
84,4178,1,1,0.7937812349297091
84,5945,1,0,0.22560147142538517
84,4331,0,0,0.46827907397953555
84,3327,0,0,0.08620147441257464
84,4506,1,1,0.7499118937145841
84,4555,0,0,0.416184021464674
84,1745,0,1,0.6799338146165631
84,313,1,0,0.45792965075818265
84,4124,1,1,0.727515534772867
84,1159,1,1,0.5236312242125641
84,2902,1,1,0.5799555565619832
84,1509,1,0,0.38007292687054695
84,6959,1,0,0.4335860807882925
84,1708,0,0,0.2797870772018203
84,1123,0,1,0.6592095061871135
84,1143,0,1,0.6228394588528465
84,5466,1,0,0.2947597956069746
84,1311,1,1,0.5795264613639368
84,4584,0,0,0.39582109417660793
84,6966,1,0,0.4308009234511096
84,446,0,0,0.2111030582193227
84,4361,0,0,0.4301073805612673
84,2427,1,1,0.8381156172970058
84,4470,1,0,0.41883174865935197
84,131,0,0,0.15606238707087797
84,773,0,0,0.3777758025532364
84,6001,0,1,0.5727281414015316
84,3430,1,1,0.6458764113065931
84,6410,0,1,0.522054844176612
84,1747,1,1,0.6047539744232581
84,2881,0,0,0.36262860496574784
84,3735,1,0,0.4391389447411526
84,6029,0,0,0.11693210239201145
84,6137,0,0,0.3073063955087797
84,1035,1,1,0.8856980612573704
84,6564,0,0,0.25327899606182186
84,2904,1,1,0.7202422349715919
84,4837,1,1,0.7736012509660666
84,3477,1,1,0.7236829418521902
84,4793,1,1,0.8203841373291239
84,4301,1,1,0.6512540065824456
84,1007,1,0,0.4934436369145021
84,2534,0,0,0.2755728469078536
84,667,0,1,0.5451546543022152
84,663,1,0,0.4971375700344548
84,1582,1,1,0.7600370389200595
84,5440,0,0,0.260568417095671
84,6681,0,0,0.32939177858749474
84,4136,1,1,0.7950962850741317
84,2703,0,0,0.3197276823198545
84,4094,1,0,0.28735309607740744
84,5154,0,0,0.11429352411300145
84,1681,0,0,0.44141804703076376
84,205,0,0,0.47449908927062256
84,3160,0,0,0.21690000640571958
84,536,1,1,0.5446030585835965
84,5751,0,0,0.3657832717830272
84,6329,1,1,0.6023272486199001
84,3318,0,1,0.6059035157317532
84,3844,0,0,0.19424835748081976
84,204,0,0,0.14904573275499908
84,2875,1,1,0.6013096733479487
84,226,0,1,0.5300055680182589
84,5009,1,0,0.2339903390224494
84,5709,0,0,0.20206256203404271
84,4916,1,1,0.7128565678506434
84,5725,0,0,0.16521060714281624
84,4345,0,1,0.5059309965281096
84,3784,1,0,0.2874285072317299
84,3355,0,0,0.2502214770025999
84,31,0,0,0.33896096542100695
84,1756,0,1,0.5240575248785395
84,509,0,0,0.11377965907435847
84,3684,0,1,0.5838965432210096
84,1313,0,0,0.3551308274286742
84,1467,1,1,0.6062109803812359
84,4071,0,1,0.8588660308594581
84,287,1,1,0.7453552140386394
84,5881,0,0,0.14663636224180188
84,6538,0,0,0.2293478275974522
84,376,1,0,0.4352183369007414
84,6765,0,1,0.6711852603782207
84,4254,0,0,0.3810313918288079
84,5628,1,1,0.6121032421219817
84,93,0,1,0.8168166103250007
84,3720,0,1,0.5857244624941106
84,2238,1,1,0.5971992546612723
84,2689,0,1,0.5364815017092404
84,1206,0,1,0.6651101348175938
84,4304,1,0,0.3358455242091159
84,3807,0,0,0.059757903061024284
84,4621,1,0,0.22181291653314755
84,1458,1,1,0.5300413430912698
84,3984,0,0,0.31982740569547535
84,4095,1,1,0.6854594859078154
84,1389,1,1,0.6668122071519367
84,4523,1,1,0.6490749621772288
84,903,0,1,0.6818673065578867
84,4396,1,0,0.45559797831054805
84,1907,0,1,0.5789996910001839
84,3125,0,0,0.3077444245858984
84,2011,0,0,0.31223471577643686
84,450,1,1,0.7453433669837611
84,3081,0,0,0.4490545720171718
84,5963,1,1,0.7162243095281353
84,784,0,0,0.46293773785833614
84,6189,0,0,0.28760439258346443
84,5554,0,1,0.5363307885161904
84,362,0,0,0.20710402994620425
84,6456,1,1,0.6332679915910324
84,3114,1,0,0.18393922763111592
84,6659,1,1,0.5825758265178942
84,3350,0,0,0.1678320709947124
84,2029,0,0,0.44358860384815296
84,1864,1,1,0.5715395823115761
84,4369,0,0,0.09219958439888598
84,2961,0,1,0.5287302267498987
84,3809,0,1,0.6779271466220425
84,4497,1,1,0.6104682940320306
84,2040,1,0,0.4220074109326445
84,6235,1,1,0.7259920295701542
84,4884,0,0,0.20796304549222644
84,3153,0,0,0.21968373162712743
84,127,0,1,0.5116384834354368
84,4795,1,1,0.6237072668758243
84,896,0,0,0.2044438881686539
84,478,1,1,0.6462330522987288
84,3876,0,0,0.4322502854089854
84,709,0,0,0.3079136614497616
84,6138,0,0,0.4774974119723927
84,5431,0,0,0.372403451186311
84,492,0,1,0.6003294714433135
84,4064,0,0,0.27793800829322907
84,1207,0,1,0.5953622289180317
84,4188,0,0,0.2637082526680614
84,5103,0,0,0.2104644720771604
84,639,1,1,0.6861140197391653
84,6802,1,1,0.6062840991854132
84,99,0,0,0.12171985235712497
84,5289,0,1,0.6419559266999262
84,2470,1,0,0.4723737669497984
84,2273,0,0,0.14396540542119055
84,76,0,0,0.4243577861635306
84,2716,1,1,0.6230598080262122
84,1517,0,0,0.24368128040958312
84,3517,0,0,0.14309050535399856
84,108,0,0,0.30998563839168336
84,5362,1,1,0.6233333744008812
84,6555,0,1,0.5470352100890309
84,3316,0,0,0.1406687581260632
84,1928,0,0,0.4971736650340376
84,6229,1,1,0.5907021844937687
84,5892,1,0,0.24745456226671905
84,1149,0,0,0.33021446351373535
84,2550,1,1,0.647620008726172
84,3140,1,0,0.2594713880754195
84,921,0,0,0.21680786759082318
84,1279,0,0,0.31597671453014464
84,5678,0,0,0.27085771703236095
84,43,0,0,0.13052311672227768
84,2999,1,1,0.6169089365702316
84,2136,0,0,0.17085014178113928
84,15,1,0,0.2653766791211108
84,2450,0,0,0.3674064841900116
84,2644,1,1,0.5642962639216256
84,4198,1,1,0.7214025260808538
84,6283,0,0,0.3312633254310652
84,3506,0,0,0.2615895107409219
84,3816,0,0,0.2884491338286688
84,5327,0,0,0.20059829399610396
84,6773,1,1,0.6290614816439032
84,614,0,0,0.2894930527262067
84,4835,1,1,0.7312641248208156
84,567,0,0,0.35959404617192653
84,4886,0,1,0.6087089409806671
84,3340,0,1,0.5904488303146778
84,677,0,1,0.7089296130869944
84,3164,0,0,0.19430583997539647
84,2290,1,1,0.6910828440999093
84,3955,1,1,0.7592182271096896
84,4954,0,0,0.4444926245228375
84,2358,1,0,0.47961233079339427
84,5275,0,1,0.5770188032742529
84,6646,0,0,0.22426858560864016
84,1818,1,0,0.35971133600307476
84,6806,1,1,0.7844522069268949
84,3968,1,0,0.4623444480739306
84,668,0,0,0.27582605693249257
84,3960,0,0,0.2565631756400675
84,4539,0,0,0.3505683802220033
84,4101,1,1,0.5540811071316833
84,1581,0,0,0.12360808288565853
84,5062,0,0,0.28098367889728476
84,2573,1,1,0.6095859247917809
84,1978,0,0,0.4954695632366174
84,3326,1,0,0.21817088861118566
84,6479,1,0,0.3572516523838323
84,4069,0,1,0.6424587653244094
84,6231,0,1,0.7202193512297425
84,2087,0,0,0.3406948138795004
84,1334,1,0,0.42007656729903503
84,2149,0,1,0.7132832393959813
84,6122,0,1,0.6434178946657081
84,4598,0,0,0.258085337016865
84,5032,1,1,0.6532022004317988
84,4737,0,1,0.6573105442296776
84,88,1,0,0.2567637428394268
84,6163,1,1,0.810447254582376
84,473,1,1,0.7427845302401914
84,5435,1,1,0.7732384414214493
84,6648,0,0,0.32765266038049645
84,6562,1,0,0.35888112299430913
84,6171,1,1,0.595499636070073
84,6000,1,1,0.6539787024221028
84,5108,1,0,0.41147449156888855
84,1223,1,1,0.5705960627887232
84,886,0,0,0.37195620737684093
84,1110,0,0,0.318303420931997
84,6487,1,1,0.6280608171431131
84,5981,0,0,0.24747971552034007
84,4018,1,1,0.6673715937472845
84,4163,0,0,0.31509365157143054
84,1267,0,0,0.17261433656279668
84,815,1,1,0.6542122588641043
84,3354,1,0,0.4750856810431565
84,5667,1,1,0.5189196754679741
84,5417,0,0,0.3105752611478128
84,5986,0,1,0.5209355772903038
84,1851,1,1,0.7440823369385773
84,2555,0,1,0.6931659169729666
84,2858,1,0,0.2521018628402905
84,3548,0,0,0.41505472562301293
84,4041,1,1,0.6121784065243447
84,5080,0,1,0.6221269249147929
84,571,0,0,0.219578600143941
84,6394,1,0,0.39709345775384897
84,1382,1,0,0.31013855298294574
84,5879,0,0,0.17750351523435806
84,6338,0,1,0.5452190187861684
84,834,1,1,0.647125252240959
84,7029,1,0,0.3131707588155773
84,5173,1,1,0.8274207214540754
84,760,0,1,0.6936465669874631
84,5188,1,0,0.2364333064867431
84,467,1,1,0.5991883576300213
84,4848,0,0,0.37265391350144916
84,4065,1,1,0.5447916254869631
84,3113,0,1,0.6485339407689245
84,6839,0,0,0.204730034047815
84,3600,0,0,0.3512850843849327
84,326,1,1,0.8728722487319183
84,2209,0,0,0.31568461082728866
84,4773,0,1,0.5909968935421868
84,6758,1,0,0.19966288338190358
84,2459,0,1,0.6304816638522455
84,3173,0,0,0.08582564342530943
84,6551,0,0,0.22349636194599493
84,764,1,1,0.6601680534501634
84,5632,0,0,0.34147947839820936
84,196,0,0,0.4258078704239769
84,952,0,0,0.17832488290931683
84,7002,0,1,0.7238792145687533
84,511,1,1,0.5716085639006349
84,2105,1,0,0.34608699513291774
84,545,0,0,0.14030619260679883
84,6734,0,1,0.6920418506448854
84,6738,0,0,0.2860826901667238
84,4602,1,0,0.4032719008367603
84,3848,0,1,0.6602694568807105
84,1411,0,0,0.27792863034335036
84,2309,1,1,0.7034481269794205
84,6940,0,1,0.5235352327446625
84,4397,0,0,0.22319519093585063
84,3494,1,1,0.7528557357535913
84,2052,1,1,0.771079416743107
84,4850,0,1,0.5200516111258657
84,5021,1,1,0.7106319243997401
84,6325,0,0,0.21847314726996805
84,458,1,1,0.6270074112661365
84,6097,1,1,0.8356787591778422
84,1397,1,1,0.7805384660836053
84,2055,1,1,0.6821486763780142
84,5421,1,1,0.6428898750351378
84,970,0,1,0.5691824716772328
84,6598,0,0,0.482230547857288
84,1914,1,1,0.6442218955954114
84,3412,0,1,0.6257485291670675
84,5611,1,1,0.6869630606229195
84,6247,1,1,0.7528581086763475
84,2491,0,1,0.6249031760558945
84,5719,0,1,0.5729193228412717
84,4285,1,0,0.41233510674788
84,3030,0,0,0.47606750495503397
84,1377,1,0,0.15102611163843865
84,1339,1,1,0.7598456658956446
84,2115,0,0,0.46590524010336043
84,2723,0,0,0.38038939208693673
84,6653,1,1,0.7288448360323018
84,4321,0,1,0.5265698422508832
84,4162,0,0,0.4539994592002409
84,3378,0,0,0.26053742757805515
84,452,0,0,0.2372031295626409
84,6082,0,0,0.20892223177033223
84,2925,0,0,0.1334322875321635
84,4683,0,1,0.7692762819840779
84,6492,0,0,0.3080745108623059
84,5467,0,0,0.2917826553350146
84,1603,0,0,0.4671563410307029
84,1492,1,0,0.2254538303964264
84,6920,0,0,0.188410837761819
84,560,0,0,0.31300244825157025
84,113,0,0,0.31454782730461983
84,3667,1,0,0.3960710071819298
84,1440,0,0,0.2628810800644508
84,732,1,0,0.3610495675924828
84,6035,0,1,0.670330586772243
84,5546,1,1,0.81435600382394
84,794,0,0,0.22421247969016772
84,3115,0,0,0.16785048742342878
84,1560,1,0,0.2502364398616486
84,572,1,1,0.677394091978665
84,5780,1,1,0.6878463505705088
84,3401,0,0,0.3589735977396805
84,154,1,1,0.7080440748339751
84,6170,0,0,0.23308945756399324
84,2172,1,1,0.5099677355299251
84,5034,0,0,0.16760605628162298
84,5085,0,0,0.09167432467748025
84,3638,1,1,0.6054544762235418
84,5306,1,1,0.6808096492089221
84,5894,1,0,0.3515249023046026
84,1625,0,0,0.39225297974576395
84,788,0,1,0.5414178562631357
84,1291,0,0,0.16216708899588983
84,374,1,1,0.597933561509876
84,4692,0,1,0.5663813383244132
84,293,1,0,0.27389797168279917
84,5383,0,1,0.7772158735069333
84,3996,0,0,0.381220608864579
84,3083,0,1,0.5220631141620184
84,3917,1,0,0.29359462919318474
84,3,0,0,0.26390272356228167
84,2915,1,0,0.1761046016523277
84,3051,0,1,0.6481241978191785
84,5452,0,0,0.23092492638928205
84,4476,0,0,0.10454063333064474
84,6173,0,0,0.26763300135165646
84,5865,1,1,0.5360347312701941
84,3344,1,0,0.4124643828118743
84,1835,0,0,0.3073443894320169
84,2433,0,1,0.5703089712319238
84,2340,0,1,0.7145801011919718
84,3692,1,0,0.48165070317040803
84,5311,1,1,0.5414349126189315
84,990,0,0,0.46179856179960577
84,6476,1,0,0.2771589693580852
84,4318,0,0,0.1452942460993486
84,4026,1,1,0.7729556349784239
84,3836,1,0,0.4003036229916974
84,2144,0,0,0.4207128410984838
84,6062,0,0,0.21431904859074494
84,1809,1,1,0.6178603424484852
84,1266,0,0,0.4713517512491794
84,1487,0,0,0.3853810295280824
84,2973,0,0,0.35872206622251696
84,2114,0,0,0.4134504508821267
84,615,0,0,0.31554467716282053
84,731,1,0,0.31589438214180143
84,3116,0,1,0.5559538690055056
84,6986,0,0,0.18426341735402343
84,2164,0,1,0.6711275244492005
84,2523,0,1,0.5022305241024196
84,2050,1,1,0.741887761490152
84,2339,1,1,0.5365563209735955
84,6741,1,0,0.34751286861566383
84,6498,0,0,0.20162406046542836
84,3308,0,0,0.48394099874905094
84,4017,1,1,0.6793031466290116
84,1997,0,0,0.27458352750094317
84,6589,0,0,0.12185503129472534
84,167,1,1,0.5297565896209828
84,4394,0,1,0.6346381197456833
84,2512,1,0,0.15674161850349966
84,6707,0,0,0.23558697898482878
84,3461,1,0,0.3612545997548016
84,6051,0,0,0.24435002899579708
84,24,1,1,0.632005518903122
84,2239,1,1,0.7043608857269822
84,6757,1,0,0.2701944615565045
84,6355,0,0,0.3205875232242662
84,909,1,1,0.7206468119900984
84,6240,0,0,0.3019092085903383
84,6597,1,0,0.44699053560790974
84,4140,1,1,0.7275994477204631
84,5716,1,1,0.6790494575802638
84,5819,0,0,0.24246021802596443
84,5739,1,1,0.7252809896266504
84,4710,1,1,0.571064597690454
84,4306,0,1,0.59667820631142
84,1448,0,0,0.15569959642757636
84,2836,1,1,0.6047473721654811
84,3605,0,0,0.14084870451720544
84,684,0,0,0.15373782100399105
84,3003,0,1,0.602787701291195
84,6258,0,0,0.16100440618235898
84,5658,0,0,0.20002756159640134
84,4294,1,1,0.545693116270759
84,2899,0,0,0.1922704933225568
84,6237,1,1,0.5573524100791076
84,4515,1,0,0.11136990157639003
84,1255,1,1,0.5191434640929373
84,2404,0,0,0.19572025388856293
84,3705,1,1,0.7502504683431733
84,2485,0,1,0.610340153891602
84,6542,0,0,0.33975020733013517
84,4800,1,1,0.8436265192752395
84,5410,0,0,0.33069864767841617
84,940,1,1,0.6578106551226888
84,5768,0,0,0.20996552710603772
84,2210,0,0,0.09847367921875985
84,6527,0,0,0.38553395688380104
84,3865,1,0,0.4100274842108226
84,6686,1,1,0.517005452795366
84,6794,0,1,0.705489328217252
84,2645,0,1,0.5809461742294446
84,6801,1,1,0.6324210820083062
84,471,1,0,0.17088927254880695
84,5359,0,0,0.4547986820064661
84,6017,1,0,0.19869906481903263
84,6786,0,1,0.6109545644194853
84,5675,1,0,0.47595134047172544
84,268,1,0,0.39333498597021305
84,1286,1,1,0.7235493428812869
84,1385,1,1,0.6567169155099516
84,5414,0,0,0.24316323708092039
84,4554,1,0,0.47263776915383554
84,1060,0,0,0.4735910014034983
84,195,1,1,0.5688219345080947
84,6508,0,0,0.16278478140168692
84,1175,0,0,0.29512780972372304
84,4810,0,0,0.3012520718507755
84,744,0,0,0.3043352519329843
84,2013,0,1,0.5186380711359969
84,1711,1,0,0.17428125137646625
84,3419,1,1,0.6022566706908222
84,2387,0,0,0.1998907731327379
84,5497,1,0,0.464976691695748
84,6128,0,0,0.20086209454104542
84,868,1,1,0.6835675478906509
84,540,0,0,0.23328127320416236
84,2825,0,0,0.08652063218440023
84,2297,1,1,0.7949135688632595
84,6511,0,1,0.7871301576122659
84,1059,1,0,0.434153714759152
84,4914,0,0,0.4653366964103251
84,6821,1,1,0.5497777124848866
84,5763,0,1,0.5759287674246738
84,2855,1,1,0.6558555142981685
84,4096,0,1,0.5852879500806908
84,2254,1,1,0.5888374774965975
84,2453,0,0,0.45447258108016575
84,1699,1,1,0.544469602115743
84,5068,0,0,0.41297202151819706
84,4828,0,0,0.28720711268431665
84,2498,1,1,0.697840133145761
84,6435,0,0,0.35025799390059076
84,6451,1,1,0.5503056706473327
84,5792,0,1,0.6718985262814715
84,4019,1,1,0.7800245190116946
84,4495,1,0,0.3737384557042503
84,6213,1,0,0.46658660310321964
84,6243,1,0,0.3752796712274023
84,5697,0,0,0.2183070647980033
84,6519,0,0,0.17923493513953792
84,1134,0,1,0.7713042930628031
84,1213,0,0,0.3100781121540305
84,4125,0,0,0.47872431936288173
84,2429,1,0,0.32554972462620724
84,2914,1,0,0.2341762757662777
84,2607,0,1,0.5322765885795686
84,1028,1,1,0.6404684685861447
84,3837,1,0,0.49352692955938515
84,6436,0,0,0.2602253759012533
84,3966,0,0,0.2253216866204689
84,4315,0,1,0.6466594774702067
84,4588,1,1,0.5625887891230201
84,1527,0,1,0.649539798559793
84,3944,1,0,0.4443555028790543
84,1233,0,0,0.22055630194277573
84,6685,0,0,0.3822340547004886
84,420,1,1,0.7265254546440602
84,75,1,1,0.537818367854073
84,1643,1,1,0.6222414843783922
84,1785,1,1,0.7364520091845536
84,5839,0,1,0.5479365535143104
84,3324,1,0,0.4080047246635326
84,1122,0,0,0.44267521984069913
84,4500,0,1,0.5172051707792948
84,707,1,0,0.2579133046553802
84,4324,1,1,0.658701282441668
84,5832,0,0,0.21067115772882378
84,849,1,0,0.3066503321664443
84,6507,0,0,0.23682784240859794
84,3498,0,0,0.18780494109603563
84,1014,0,0,0.13130277819336453
84,4782,0,0,0.17076383312243418
84,6740,0,0,0.22890872427628248
84,3993,1,1,0.6924156335413844
84,6317,1,1,0.6310895800952443
84,3662,0,0,0.21046506893371367
84,2337,0,1,0.5112265616288278
84,6388,1,0,0.36255060183183724
84,5024,1,0,0.3944765489459983
84,1469,1,1,0.6141108158712498
84,904,1,0,0.24615427355138272
84,6351,0,0,0.25432967344817103
84,169,1,0,0.3086875727635408
84,2613,0,1,0.6270952243848266
84,5165,1,0,0.30106210551193613
84,858,0,1,0.6093169790082524
84,3184,1,1,0.7950412170171113
84,6912,0,1,0.5847932252498182
84,2850,0,1,0.6169723579572881
84,4695,0,1,0.7080034116437808
84,2724,1,0,0.20630055066997965
84,2788,0,0,0.40430899295313805
84,4337,1,0,0.34912675012102135
84,1501,1,1,0.6652511019902848
84,542,0,0,0.19918546255082048
84,1118,0,0,0.3566278463293875
84,2892,0,0,0.22260574717780218
84,1205,1,0,0.4370096664020031
84,2587,1,1,0.7101749161575298
84,2345,0,0,0.28635874036974657
84,6928,0,0,0.19260387679765134
84,5992,0,1,0.5115258751693592
84,3636,0,1,0.526300224225176
84,2995,1,1,0.7373655313742031
84,2943,1,0,0.413544975622646
84,4863,1,1,0.5494138644410311
84,517,1,1,0.6747665937365067
84,2437,0,0,0.3359115714102006
84,4579,1,1,0.7909724560797626
84,5324,1,1,0.6542642979820832
84,1632,0,1,0.7546642497007533
84,4084,0,1,0.5129548179700762
84,2654,1,0,0.43493406792816675
84,6337,1,1,0.5474362348510395
84,5043,1,1,0.590146555778526
84,1047,0,1,0.7125613070286771
84,5862,1,1,0.6056958914985853
84,4802,1,1,0.5547117575478508
84,3089,0,1,0.6335773168167438
84,808,1,1,0.6556161326918319
84,370,1,1,0.553037361064489
84,6658,1,1,0.7470882421169925
84,1373,0,0,0.26636484168037405
84,6824,1,1,0.752064728659553
84,2167,0,1,0.5686259979998805
84,3295,1,1,0.6700081603786189
84,995,1,0,0.3227139053556991
84,1879,0,0,0.3564955868825788
84,4735,0,0,0.2962258142758324
84,7007,1,1,0.6922315075915491
84,3577,0,0,0.34238566209750015
84,2835,0,0,0.45294512648076984
84,1860,0,1,0.5710559611561199
84,5522,1,1,0.6123929860404923
84,2162,1,1,0.5885039313319883
84,5948,0,0,0.4519969359942242
84,5801,0,0,0.2520038987066406
84,3808,0,0,0.2653906631990376
84,6603,0,0,0.3466172630175407
84,304,0,0,0.3249976629455915
84,2255,1,1,0.6554294952923385
84,986,0,0,0.3378743542599829
84,1578,0,0,0.4696511827710706
84,3872,1,1,0.552447584628409
84,6094,1,0,0.21194158663352955
84,6784,1,0,0.4866764942083912
84,4083,1,1,0.6430274910427513
84,1703,0,1,0.7587605090817106
84,3732,0,0,0.11871018845030552
84,4207,1,0,0.3625209346424068
84,6057,1,1,0.514282614117854
84,3201,0,0,0.20693632028261588
84,3856,0,0,0.3512870602392682
84,5710,1,0,0.3278633133809723
84,1727,1,1,0.7227399584870232
84,4988,0,0,0.3919156922935737
84,5958,0,0,0.21991534408782576
84,1071,1,0,0.3674406477199306
84,5666,0,1,0.539797268909076
84,2746,0,1,0.5556746353159411
84,6406,0,1,0.5479554125564323
84,531,1,0,0.47724710958789623
84,6199,0,0,0.2886374721024124
84,6254,0,0,0.2099826405748411
84,3118,0,1,0.6914071224033627
84,3530,0,0,0.1715170435496307
84,3124,1,1,0.6798698363986755
84,5115,1,1,0.6725793763990109
84,3036,1,1,0.7028516062396055
84,4855,1,0,0.46445768560113815
84,5164,1,1,0.6845422977613338
84,4033,1,0,0.3354327226358505
84,892,1,1,0.7473639294333988
84,1351,0,0,0.32157788207042387
84,6708,1,1,0.7033776924840903
84,264,1,0,0.3669468691757822
84,6521,0,0,0.4310624413429242
84,1265,1,0,0.48855449896618813
84,443,0,0,0.48171911221277475
84,5688,1,1,0.8058453585786722
84,6588,1,0,0.3444778683834376
84,6876,0,0,0.33583949007988484
84,4663,0,1,0.6503900350118972
84,227,0,1,0.5611130365571594
84,888,0,1,0.5354815475269327
84,4704,0,0,0.41840645444395963
84,3239,1,1,0.6246204533457795
84,5704,1,1,0.7225000898656265
84,1589,0,0,0.20847814579139903
84,3068,0,0,0.28408703422217485
84,6246,1,0,0.41097766960904486
84,4347,1,0,0.32234411224658616
84,2738,1,1,0.7934166062584979
84,581,0,1,0.5246629394929498
84,2413,0,0,0.41624927766337116
84,3958,1,1,0.6572318621397126
84,978,0,0,0.17567837181996201
84,1977,1,0,0.4099622669399633
84,2678,0,0,0.4923886132329839
84,411,1,1,0.8590926279773763
84,3408,1,0,0.4883064534857671
84,763,0,1,0.5702250677735226
84,1331,0,1,0.5347877512537343
84,5218,0,0,0.16910265960000773
84,3760,0,0,0.4843517097373904
84,1877,1,1,0.6130547938547958
84,271,0,1,0.6288080166624338
84,178,0,0,0.17486649635840473
84,6418,1,1,0.5562770475950787
84,3937,1,1,0.6700586695370742
84,6999,1,0,0.3854135872612288
84,819,0,0,0.22546130177416715
84,3025,0,1,0.6097894982254187
84,3734,1,0,0.3761882382917143
84,2051,1,1,0.7853901721236471
84,1214,0,0,0.4835017977913439
84,6652,1,1,0.7466913751257367
84,893,0,0,0.27339280593268284
84,1029,0,0,0.08588550361601546
84,1197,0,0,0.1652462900058917
84,1226,1,1,0.5460856673782084
84,6592,1,0,0.2988854842717048
84,1741,1,1,0.6508598545551294
84,6409,0,1,0.7028447086958669
84,5684,0,1,0.5124917124480104
84,3213,0,0,0.06394972235420272
84,1985,0,0,0.314602593229347
84,5860,1,0,0.4003621382780574
84,5524,1,1,0.6031857898511318
84,3361,0,0,0.23503420943046383
84,870,1,1,0.6396883958495406
84,1133,0,1,0.5277181353806041
84,215,1,1,0.7590807750112553
84,1991,0,0,0.19832893461905096
84,3333,0,1,0.6071686827967511
84,728,1,1,0.5466653895188839
84,6900,1,1,0.5779740972796811
84,6403,1,0,0.4474546440649513
84,6526,1,1,0.7436121582422598
84,563,0,0,0.39408398450493665
84,121,0,1,0.6465549514152548
84,1854,0,0,0.35490171350207134
84,5817,1,0,0.18301747621043984
84,5644,1,0,0.3112252760472205
84,1218,1,0,0.29477773719859446
84,6366,1,0,0.3152898440459012
84,3341,0,0,0.1789400838822963
84,771,1,1,0.5090769043249583
84,6803,1,1,0.7409295891388065
84,4293,1,1,0.6103457226400838
84,2076,0,1,0.8112550317771373
84,6493,1,1,0.5593216485276361
84,6393,0,0,0.466895576126793
84,878,1,1,0.5528195835084807
84,1759,1,1,0.5936023424421295
84,4990,1,0,0.28250728024480903
84,2046,0,0,0.2238057319125433
84,1946,0,1,0.5746669226246809
84,2252,1,1,0.6730266132943201
84,2242,1,0,0.21452564329146956
84,6222,0,0,0.25369242940734166
84,4632,1,1,0.6870991223073232
84,4840,0,0,0.26984210371842055
84,4948,0,1,0.5871328786725616
84,1595,1,1,0.5131833566051549
84,56,0,0,0.48137702156865103
84,3012,0,0,0.36321766869968264
84,4707,0,0,0.1283179686219231
84,4670,0,0,0.20468198534890805
84,3054,0,1,0.6687846859614892
84,4746,1,1,0.5824051573930357
84,2257,1,1,0.6873740849806695
84,6269,0,0,0.2990027537814448
84,5413,0,0,0.2716919706154778
84,941,0,0,0.20488268174251364
84,6101,1,1,0.7344437960962391
84,32,1,0,0.33621722201117954
84,6042,1,1,0.5507378538295672
84,547,1,1,0.7442378866041651
84,5419,1,1,0.6889852904729835
84,6019,0,0,0.1345966230367934
84,1753,1,0,0.3792710090429253
84,5170,0,0,0.2943247440375098
84,1084,1,0,0.3593008691598294
84,1280,0,0,0.20538793035115263
84,2009,1,1,0.6306659540616081
84,2499,1,1,0.6671093227911956
84,5899,0,0,0.08817224356817896
84,5649,0,0,0.308394251140607
84,4334,0,0,0.2260597923759421
84,5389,0,0,0.24626313124354693
84,578,0,0,0.19189256383311012
84,6280,0,0,0.37756715814191244
84,5880,1,1,0.5676999804890802
84,1865,1,1,0.5686907078117076
84,846,0,0,0.3276316384999381
84,2809,1,1,0.6065625928387361
84,1491,0,0,0.15939367262062043
84,338,1,0,0.20645547880962492
84,7036,0,1,0.6072113164764669
84,3665,0,1,0.61800192603191
84,5614,0,0,0.44280316344949566
84,575,1,1,0.7266734459212908
84,6047,1,1,0.7978333129455402
84,4172,0,0,0.3939327021837178
84,4342,0,0,0.27158402681087107
84,613,1,1,0.7310434427507886
84,5376,0,1,0.6126727533607643
84,2398,1,1,0.6017945518089545
84,4975,0,0,0.20114512544422877
84,13,1,0,0.48772648759667775
84,3016,0,0,0.39218537755392746
84,325,0,1,0.6070651169624496
84,6312,1,1,0.6028047743597881
84,111,1,1,0.6773005206233838
84,4541,1,1,0.6830040803339353
84,5858,1,0,0.18399573102817143
84,6065,0,0,0.1775152513430371
84,456,1,1,0.598382218180465
84,5276,0,0,0.4896855038440106
84,6973,1,1,0.6444854075024462
84,3567,1,1,0.6127443896595983
84,4194,1,1,0.6764943209168807
84,1085,0,0,0.29262704354847624
84,5126,1,0,0.27335891462673273
84,1781,1,1,0.5293596094088782
84,1195,1,1,0.5948880246370508
84,4356,1,0,0.4678737979261339
84,1587,0,1,0.5747598330559339
84,5253,0,0,0.18405758745553355
84,6890,1,1,0.7021634811232621
84,89,0,0,0.4011737367798988
84,1388,1,1,0.6111168191138167
84,5539,1,1,0.5782889987840826
84,3137,1,0,0.22136510576265345
84,1298,0,1,0.5994815044231019
84,1575,1,1,0.7129310445207412
84,900,1,0,0.39622362989242854
84,894,0,0,0.2911237529486565
84,5141,0,0,0.37782370011383665
84,2137,0,0,0.36361326052693954
84,4008,0,0,0.1244778507367866
84,1005,1,1,0.6786513317425894
84,6841,0,0,0.21700938628862962
84,3046,0,1,0.5445046985993044
84,4024,0,0,0.1913623791517226
84,4926,1,0,0.4354141642580269
84,1022,0,1,0.5246269694589983
84,3854,0,0,0.4073881788874352
84,33,1,1,0.5648717149645868
84,4176,1,1,0.7325805276072689
84,2989,0,0,0.3171233966010027
84,2318,0,0,0.43578846599750765
84,1089,1,0,0.24371652367352767
84,3588,1,0,0.3029954522175194
84,5056,0,1,0.611068630272076
84,6718,1,0,0.32742080065131796
84,757,0,1,0.7381719537933733
84,6459,0,0,0.41293651689944444
84,939,0,0,0.18659662859025228
84,2778,1,0,0.2146774528772069
84,3886,0,1,0.6542664711562268
84,3570,0,0,0.46484823979335255
84,1739,0,1,0.6981152988567303
84,651,1,0,0.46927310792136956
84,5455,1,1,0.7703698944390508
84,3028,1,1,0.6163513905785701
84,1036,0,0,0.116255662485676
84,214,0,0,0.143920519159784
84,1817,0,1,0.5914867721027726
84,6230,1,0,0.4340205696545831
84,733,0,0,0.44581460392330896
84,3395,1,1,0.6401041060942928
84,4202,0,1,0.6120043185731032
84,3718,0,0,0.43308092855869346
84,359,0,0,0.4353386315521692
84,4656,1,0,0.3394815663099931
84,5448,0,0,0.14114451699815694
84,6702,1,1,0.7082444398707353
84,3099,1,1,0.7064452708957536
84,5914,0,0,0.1405098343110866
84,2310,0,1,0.6201176049442524
84,5488,1,1,0.6729676651954772
84,3521,0,0,0.2856977238411933
84,2032,1,0,0.39976094710158255
84,3062,1,0,0.3902271277643554
84,1069,1,1,0.8099783046672587
84,3435,0,0,0.3288853289614881
84,1630,0,0,0.2937230915416817
84,1290,1,0,0.3715467967558377
84,740,0,0,0.3874365493751437
84,2983,0,1,0.6148943453993524
84,4673,0,0,0.10590159061965522
84,5329,0,0,0.35377333975052605
84,1613,1,1,0.6418002074573499
84,1850,1,1,0.5771762301305544
84,6264,0,0,0.3266321301248668
84,4080,0,0,0.2182284225427894
84,4234,1,1,0.6505750524292577
84,4221,1,1,0.6633592333302749
84,1550,1,0,0.43105447809904546
84,4493,0,1,0.7226523395015529
84,2677,1,1,0.753399602145014
84,1529,1,0,0.4605677225890425
84,6263,1,0,0.36210386683031487
84,6310,1,0,0.24712523042097212
84,2044,0,1,0.5458415319118891
84,3932,0,0,0.20271769505595114
84,3431,0,0,0.29618433923758297
84,1437,1,1,0.6048834909971247
84,1404,0,0,0.3459392385682455
84,3410,1,0,0.30505110213784764
84,6275,0,0,0.3745961613596147
84,4630,0,0,0.12077813427306186
84,1639,0,0,0.43723920815725187
84,4463,1,1,0.6973420645559586
84,1215,1,1,0.7128988590258036
84,6744,0,1,0.7384248379099563
84,125,1,0,0.4429421432126169
84,6117,1,0,0.4976076257250375
84,2492,1,1,0.5902649123618546
84,474,0,0,0.19776154670095697
84,2878,0,0,0.37047016603161276
84,2709,1,1,0.5201240123938061
84,1664,1,1,0.6951775439764893
84,3493,0,1,0.5706124975217975
84,2471,1,1,0.6622943320827648
84,2408,0,0,0.2677883310894985
84,5617,1,1,0.6144506486965468
84,2676,0,1,0.517180334153372
84,3022,0,1,0.6720119102776446
84,1810,0,1,0.577850028785617
84,194,1,0,0.39958211020750706
84,147,1,0,0.4898396404889713
84,5163,1,1,0.5004910802921618
84,4439,0,0,0.4662998507655411
84,6579,0,1,0.6695112916949978
84,2698,1,1,0.6117358651085395
84,4177,1,1,0.7924311161628782
84,1638,1,1,0.6772919165410529
84,5582,0,0,0.37224474270274094
84,607,0,0,0.2594380296977344
84,3086,0,0,0.47465479449655573
84,2949,0,0,0.4948842532214225
84,1561,1,1,0.7598254394901391
84,4617,0,0,0.2114642577814357
84,6969,0,0,0.4378094051532117
84,4086,1,1,0.8148741091577051
84,3967,1,1,0.7429972615562912
84,4930,1,1,0.6399136482075984
84,4664,0,0,0.21789107855314493
84,1052,1,1,0.7034317087247315
84,5443,1,1,0.6726520674232931
84,5978,0,0,0.33094452841016375
84,2662,0,1,0.5510149231486395
84,6781,1,0,0.37652912677874695
84,1944,0,0,0.2783962552466588
84,3957,1,1,0.7190932085893896
84,589,0,0,0.14042659042057934
84,1374,0,1,0.7038383765984159
84,148,0,0,0.1501104072122255
84,8,1,1,0.5526148124066884
84,3319,1,0,0.24082174055760083
84,133,1,0,0.28820507905867676
84,2929,0,1,0.538446220479394
84,1770,0,0,0.23043290588029258
84,5662,1,1,0.6037539554240033
84,3534,1,1,0.6732316762867463
84,404,1,0,0.4130093540199718
84,5099,1,1,0.7453054197317025
84,1116,0,0,0.30006833164867863
84,3829,1,0,0.33903907083215207
84,1871,1,1,0.6336861159304054
84,199,1,0,0.19700599329877627
84,6722,0,0,0.16320861895682584
84,2174,0,0,0.4092125990696656
84,6334,0,1,0.5129074184230117
84,6471,0,0,0.37285413772735987
84,92,0,1,0.602430476136038
84,5290,0,0,0.20522689562706134
84,4881,1,1,0.7379918126067804
84,3773,0,1,0.6829526034565079
84,2964,1,1,0.5097219878278015
84,1204,1,1,0.5966219330659575
84,3151,1,0,0.4807259125771455
84,3071,1,1,0.5463303206233843
84,3377,0,1,0.5183495865143349
84,6248,0,0,0.26310024124873743
84,2020,1,1,0.659074083129638
84,2480,1,0,0.40761903607141864
84,6120,1,0,0.22899275337311242
84,489,1,0,0.48919633566591403
84,1546,1,1,0.8065750184287486
84,5730,0,0,0.4154486766555658
84,5260,1,1,0.5631040240921482
84,4982,1,1,0.6058208775150135
84,5701,1,1,0.652940968625781
84,4797,0,0,0.3380102047065525
84,1087,1,1,0.5049291572712049
84,5391,0,0,0.1977308557912307
84,6942,0,0,0.2861244967880634
84,1930,0,1,0.755420276557667
84,1024,0,0,0.2171715737478887
84,5833,0,0,0.10183776693347221
84,1536,1,1,0.6352541632544024
84,239,1,1,0.8011623084416611
84,3106,0,0,0.2748099656776643
84,1439,1,0,0.2033680165926734
84,5573,0,0,0.19106223945633374
84,3794,0,0,0.4705851403303341
84,1762,0,0,0.23851985002298617
84,1726,1,1,0.6412816297017445
84,2824,1,0,0.49225372588248517
84,1428,0,1,0.5422010052839776
84,4720,0,1,0.6079810834182969
84,4562,0,0,0.3917641411114571
84,4206,0,1,0.798360006955842
84,4341,1,1,0.7594870493794307
84,301,1,0,0.35106242050729025
84,859,1,1,0.5272872569686874
84,1061,0,0,0.16694904681849898
84,5566,0,1,0.5244701954950233
84,6695,0,0,0.4084610236644651
84,6840,0,0,0.23959063661548047
84,6536,0,0,0.4141879040053319
84,130,0,0,0.2198146215023657
84,3929,1,1,0.8380580819393773
84,6843,0,0,0.23971002749810205
84,6169,0,0,0.3456304729544974
84,2064,1,1,0.6539010113387406
84,2065,0,0,0.2587216506596985
84,161,0,0,0.22237469582086872
84,3771,1,1,0.5856922669052783
84,862,1,1,0.7972396557137228
84,4020,1,1,0.6295665503087284
84,1002,1,1,0.6083048055265371
84,2096,1,1,0.668236796298212
84,4979,1,0,0.37070564762861724
84,795,1,1,0.5742405054111387
84,4277,0,0,0.28088465383229877
84,240,0,1,0.5292821135277558
84,6749,1,1,0.5997516498331844
84,3474,0,0,0.27973045331649266
84,2169,0,1,0.6470439369172823
84,801,1,1,0.6514759533609271
84,810,1,0,0.1507682384203497
84,1496,0,1,0.5610118862168294
84,1148,1,1,0.6759049931392878
84,84,1,0,0.29002919188375104
84,6860,1,0,0.23214733688574693
84,6308,0,1,0.5745373327493397
84,4092,0,0,0.33040953851439425
84,3195,1,1,0.7232834863425796
84,61,1,0,0.24560761352249919
84,233,0,1,0.7177925328525498
84,1153,1,1,0.6625418352192803
84,3533,0,1,0.6030139533682441
84,2360,1,1,0.7879149710191242
84,6340,0,0,0.27648777369293315
84,1524,0,0,0.37433516369440106
84,6560,0,0,0.3003099919477289
84,6226,1,0,0.4495438710849615
84,706,0,0,0.37978958687237446
84,2397,0,0,0.41647169275273793
84,2180,0,0,0.2601329814724347
84,1320,1,0,0.49091282530384023
84,5908,1,1,0.6065521648172352
84,4219,0,0,0.1898396272267574
84,16,0,0,0.42730798465947284
84,5781,0,0,0.20745757893239922
84,4524,0,1,0.5478301994942026
84,1412,0,0,0.4982531516519367
84,1410,1,1,0.6144746692950258
84,442,1,1,0.5549559597782832
84,5521,0,0,0.36882619332179556
84,1663,1,1,0.5234428627101747
84,4719,0,0,0.3043959170732773
84,1432,0,1,0.6619688256507594
84,3786,1,1,0.6207921824540606
84,931,0,0,0.32753347405903704
84,1357,1,0,0.4932643190506713
84,4471,0,0,0.16152215040220597
84,3599,0,0,0.2846370741126496
84,1328,1,1,0.6880842266603916
84,2378,1,1,0.6681050337665294
84,3080,1,1,0.7728693356884428
84,2996,0,0,0.3430419268402775
84,6992,0,0,0.24154450790200124
84,6832,0,0,0.1667283691665919
84,753,1,0,0.22306338214786275
84,6022,1,0,0.22172365785314654
84,6453,0,1,0.5725289071404838
84,2006,1,1,0.8281717727505221
84,3894,1,1,0.5676601378822053
84,901,0,1,0.5843165876493981
84,6452,1,0,0.16483887841578462
84,3216,0,0,0.2295990771889739
84,1055,1,1,0.7956008378747824
84,786,1,1,0.5443268183129298
84,1371,0,0,0.17985825434493716
84,5821,1,1,0.7507583360007775
84,2342,1,0,0.34752902817860215
84,2799,1,0,0.15334492290367388
84,3541,1,0,0.33486828849823835
84,5107,0,0,0.15259634899506172
84,5773,1,1,0.6597914896710808
84,4326,0,1,0.6700894475309092
84,4036,1,0,0.30765974171395
84,6729,1,1,0.6519220542692434
84,3484,0,0,0.16683808201259473
84,4732,0,0,0.29580733142028454
84,5692,0,0,0.4838232482178418
84,428,0,0,0.22237323256967703
84,6901,0,0,0.45489388213063814
84,6081,0,0,0.3985738546206541
84,4211,0,0,0.2731789528229669
84,5912,1,0,0.3686447658821793
84,7027,0,0,0.21424845811269452
84,5578,0,0,0.3285202720003236
84,1486,1,0,0.25922677021668733
84,2478,0,0,0.4240367737590724
84,4085,1,1,0.6444204951289789
84,5060,0,1,0.6791589914947257
84,5605,0,0,0.08675711110505341
84,2043,0,0,0.22504756512932736
84,5777,0,0,0.2421341249322723
84,5565,1,1,0.5778574822627552
84,6013,1,0,0.3798882357502147
84,415,0,0,0.4921695897518577
84,636,1,1,0.6905063708473306
84,1591,0,0,0.27227115273211977
84,3014,0,0,0.3396085792639606
84,52,0,0,0.23983700152771698
84,1975,0,0,0.39636353581638034
84,3181,1,0,0.3240047688793686
84,4961,1,1,0.6660060950853272
84,2729,1,1,0.625977515317054
84,6495,0,1,0.7592033992263701
84,6286,0,1,0.7208655753743141
84,3991,0,1,0.7646529379895849
84,1966,1,0,0.20226668677776838
84,4869,1,0,0.2526680354198575
84,6915,0,0,0.34641594942821907
84,2603,1,1,0.7668192385820449
84,758,1,1,0.7149569873036434
84,4402,0,1,0.6314189367807046
84,2610,1,1,0.6432439033860353
84,5937,0,0,0.24389293617479604
84,5624,1,1,0.5600283889780041
84,6556,1,0,0.49287274563514843
84,2898,1,1,0.7547321672428531
84,4724,0,0,0.2782864717429867
84,5124,1,1,0.5245781505808257
84,1780,1,1,0.7292973377262967
84,5650,0,0,0.10177063019790288
84,1244,1,1,0.812222352929809
84,1211,1,0,0.1093355060168128
84,5815,0,0,0.16550671913386913
84,1395,1,1,0.7058684776465073
84,4111,1,0,0.21542535611103864
84,4944,0,0,0.345992083401197
84,1887,1,1,0.6440944551300463
84,799,0,1,0.8022047102972932
84,3469,0,0,0.30065367977912494
84,7040,1,1,0.7985165658140222
84,3587,0,1,0.7589148297836538
84,6188,1,1,0.7732481876979326
84,6307,1,0,0.35608452368436766
84,3626,0,0,0.47963147217724605
84,3104,1,1,0.7435496580246537
84,6314,1,1,0.6516487020945476
84,3227,0,0,0.1830976632993887
84,854,0,0,0.2615083121417231
84,6611,1,1,0.6764799398572441
84,4995,0,0,0.3171768209203035
84,1080,0,1,0.5635337554728197
84,5136,0,0,0.2845839528936807
84,3306,0,0,0.4849334922265462
84,2374,0,0,0.2395967441821094
84,6725,0,0,0.2285796838827764
84,1912,0,1,0.6134142901457057
84,4257,1,0,0.31393567219198115
84,2711,0,0,0.1431478037286296
84,5479,0,0,0.48656437162474836
84,923,0,0,0.31566474398429256
84,6465,1,1,0.5191043961033113
84,1958,0,1,0.5395465380868205
84,4909,0,1,0.7522723812288308
84,2004,0,0,0.20731663044393533
84,2751,1,0,0.48901443244857495
84,2126,1,0,0.3999849595631968
84,6259,1,0,0.1991737655751188
84,4650,1,0,0.46556893580962616
84,1820,0,0,0.2999684156021247
84,348,1,1,0.6198449563268529
84,2750,0,0,0.27387764741499226
84,5583,0,1,0.5362532548876789
84,375,1,0,0.4090159684458064
84,7021,1,1,0.7922874642059624
84,441,1,0,0.3384897003105285
84,78,1,1,0.5790458833632722
84,6553,1,1,0.5323518459902918
84,6206,0,0,0.2292300221737688
84,3174,1,1,0.609941933387722
84,1767,0,1,0.5973931231131491
84,5404,1,0,0.4930498660585257
84,1520,1,1,0.5738819463774446
84,6225,0,0,0.4753180025516638
84,3890,0,1,0.6193367376506124
84,1033,1,1,0.5988559655806138
84,4628,0,1,0.6195032804016111
84,6818,1,0,0.2181174149534495
84,6575,1,0,0.2575491706554676
84,3467,1,1,0.5711417575007025
84,2596,0,0,0.4884691077976919
84,4197,0,0,0.24985439507289542
84,5499,0,0,0.15923954395633733
84,5393,0,0,0.4593779410869145
84,845,0,1,0.7560260798492511
84,295,0,1,0.6378359740999394
84,3514,1,0,0.39253350288935773
84,1564,1,1,0.7212161702037131
84,3536,1,0,0.4803986592720772
84,2675,1,0,0.4865354446830378
84,1100,0,1,0.8134383604989185
84,2538,0,1,0.6299193355947201
84,3879,0,0,0.2697208661971163
84,5453,1,1,0.788607939237146
84,745,0,0,0.31854608795214945
84,4791,0,0,0.24076511145717966
84,5929,1,1,0.8190071654628418
84,754,0,0,0.3895390338536062
84,2071,1,1,0.5862091937056421
84,6550,1,0,0.34447789327076905
84,4388,1,1,0.7230382973407067
84,1366,1,1,0.62642840945087
84,5041,0,0,0.3213614085661229
84,5169,0,0,0.49692737279952676
84,4406,0,0,0.20344576652955343
84,5514,1,1,0.6176208241313851
84,115,0,0,0.39264774438336814
84,2917,0,0,0.3518716439820827
84,5814,0,1,0.5416646266690113
84,1744,1,0,0.49585963877098616
84,426,0,1,0.5467231989089437
84,6735,1,0,0.39322501963360174
84,6953,0,0,0.23807891877491583
84,4447,1,1,0.7360114229519865
84,2109,0,0,0.4472833224180301
84,4820,1,1,0.5999371568505877
84,3188,0,0,0.231221181025048
84,6293,0,0,0.3212496039632611
84,1754,0,0,0.2536945927412032
84,217,1,0,0.3423008972807434
84,4006,1,1,0.71828002452403
84,2981,1,0,0.390054230619279
84,3779,0,0,0.42848985087177405
84,5743,1,1,0.5493213725586279
84,1043,0,1,0.6551824152785589
84,6399,0,1,0.7388603489919809
84,3564,0,0,0.10158045983443423
84,5818,0,1,0.5490893205318407
84,26,0,0,0.3775107056215794
84,6715,1,1,0.7874325994277902
84,2361,0,0,0.2434068624389418
84,6638,1,0,0.44321290959002996
84,4352,0,1,0.5041188864198439
84,5994,0,0,0.2622082498957075
84,3804,1,1,0.6891422692606503
84,6712,0,0,0.09467415818701737
84,5545,1,1,0.7811918173773518
84,3253,1,0,0.15928379645112317
84,3647,1,1,0.502720930903919
84,3339,0,0,0.43499220762757623
84,1899,0,1,0.5876261659644154
84,2637,0,0,0.4248666516841847
84,3138,0,0,0.17015905479063498
84,2868,0,0,0.2470779408413066
84,3388,1,1,0.6865278660958805
84,6256,1,1,0.7093402256571157
84,6586,0,0,0.203283034260492
84,3544,1,1,0.5922361757335924
84,4671,0,0,0.34933938458754377
84,4640,0,0,0.2868578078375318
84,3389,0,0,0.14713420834488652
84,6223,0,0,0.2640976453880014
84,4429,0,1,0.5106133582723982
84,533,0,0,0.48101884149784674
84,6595,0,0,0.303226005863576
84,5767,0,0,0.23964030751569348
84,2991,1,1,0.7626295582061078
84,5418,1,1,0.575348272322147
84,5057,0,0,0.2205084356233934
84,2128,1,1,0.6670534135682654
84,4929,1,1,0.805117789305558
84,7019,1,1,0.547007182494649
84,6149,1,1,0.6465296163991205
84,6759,1,1,0.547604526511624
84,6088,1,1,0.751257612035966
84,2731,1,0,0.36179116893043645
84,3555,1,1,0.5758922583340698
84,5366,1,0,0.10710678208414554
84,3846,0,0,0.05630267620377315
84,6164,0,0,0.3454147465304447
84,2373,0,0,0.14018749183003043
123,2477,0,1,0.6342865714376036
123,4514,1,0,0.314770243933048
123,130,0,0,0.22699728211491874
123,562,1,1,0.5776568232999673
123,1235,1,0,0.32971267904818324
123,6828,1,1,0.5423033569198314
123,6487,1,1,0.6264766444183387
123,2367,1,1,0.8011871382431035
123,4183,1,1,0.5790481069858693
123,4104,0,0,0.36138749395815645
123,293,1,0,0.2827101873237049
123,3993,1,1,0.7050331349799562
123,4782,0,0,0.18422665977968875
123,4910,1,0,0.32788656575607683
123,3819,1,1,0.6438349586394571
123,1132,0,0,0.2081887742558093
123,2697,0,0,0.20264815028453634
123,1001,0,0,0.11182636691821145
123,6126,1,1,0.8215560344910907
123,2520,0,0,0.3485342538817584
123,3646,1,1,0.5809043611861922
123,186,1,1,0.8137515354198757
123,4217,0,0,0.3703202118209056
123,6847,1,0,0.1972720713257005
123,4157,1,1,0.6475112737135372
123,5382,1,1,0.5956376848042875
123,2859,0,0,0.3650049906053938
123,4836,0,0,0.0897750027908055
123,4246,0,0,0.22755626037946938
123,4021,1,0,0.4142992661904147
123,1097,1,0,0.465180979532069
123,1915,0,0,0.29920890274663253
123,179,1,0,0.27286335676528
123,506,0,1,0.5145343875134061
123,2519,1,0,0.35427164061535016
123,2085,0,0,0.23671782755645687
123,5955,0,0,0.461129769391333
123,5757,1,1,0.7659923237556133
123,1903,0,1,0.735424145449179
123,2435,1,1,0.8200574156138766
123,550,0,1,0.605198515270729
123,2703,0,0,0.3531339662666762
123,3721,0,0,0.34929315779109
123,2910,0,0,0.2951867024322454
123,3105,0,0,0.41208915311987876
123,1263,0,0,0.4109993641685236
123,4393,0,1,0.5382701515804282
123,5416,0,0,0.3950261025415365
123,2376,0,0,0.3339671282449759
123,5839,0,1,0.5219014257334442
123,3915,1,1,0.5356803230884024
123,1585,0,1,0.6297851112478422
123,733,0,0,0.4220148393690745
123,6420,1,1,0.732752508164419
123,4919,1,1,0.5010573677204941
123,932,0,1,0.5054966590113029
123,67,0,0,0.30684456797045795
123,2584,1,1,0.6509880358207474
123,5469,0,0,0.16884624114625388
123,3676,0,0,0.30863794821602203
123,6431,0,1,0.5567759823956044
123,2795,0,0,0.241350579041789
123,6593,0,0,0.19240003355548865
123,3382,1,0,0.37328760582890913
123,5679,0,0,0.4331643482784758
123,5728,0,1,0.6431177959500994
123,4903,0,0,0.4953471827619319
123,5706,0,0,0.4295670924148147
123,6666,1,1,0.7404856017559287
123,5231,0,0,0.47847028954244
123,3255,0,1,0.7051940917419248
123,2655,1,0,0.44439484710224286
123,1782,0,1,0.5347762094749238
123,3088,0,0,0.15708414029517037
123,5440,0,0,0.2869105636605152
123,3129,0,0,0.20090767167273751
123,1482,0,0,0.458684556172317
123,805,1,1,0.712508046485923
123,3212,1,0,0.3119533033542066
123,3755,0,0,0.18885422780779829
123,5391,0,0,0.1870524945487518
123,917,1,1,0.5810788604501721
123,4813,0,1,0.7839702994381914
123,684,0,0,0.1550127468025523
123,3832,0,0,0.4839610685202211
123,4024,0,0,0.18798251582968953
123,5480,0,0,0.30330544141195226
123,2731,1,0,0.38014858306211763
123,5132,0,1,0.5112128682105624
123,4572,1,1,0.5912557343320151
123,3688,1,1,0.6324358193964543
123,3801,1,0,0.3696932018981425
123,2628,1,0,0.4791778985991648
123,623,1,1,0.5744210341126287
123,640,1,0,0.2918554135779836
123,4711,1,1,0.6463166343531526
123,2066,0,0,0.35203862322664853
123,1621,0,1,0.6891441966992704
123,5464,1,0,0.31404862297330044
123,5559,1,1,0.5711017619867429
123,6062,0,0,0.22744594549889824
123,7035,0,0,0.3532640388986965
123,4948,0,1,0.6035329978815095
123,1142,0,0,0.3174312129278217
123,5223,1,1,0.7293432204142055
123,1415,1,1,0.7006888715746901
123,1339,1,1,0.7519028455062533
123,951,0,0,0.09277820746350264
123,2929,0,1,0.5620083958576263
123,4937,0,0,0.33872906523117047
123,3932,0,0,0.2017416097606644
123,2853,1,0,0.399533072830186
123,4418,0,1,0.6753323185819551
123,5526,1,1,0.6509581632819611
123,753,1,0,0.2230543528592457
123,5944,0,1,0.6551924537561523
123,4479,0,1,0.6328991717585642
123,5796,0,1,0.7572278723077015
123,2018,1,1,0.6804227612670295
123,5133,0,0,0.2124502358427733
123,4483,1,1,0.8237287023626282
123,3036,1,1,0.6979057455578932
123,6721,0,0,0.2788505649146564
123,5725,0,0,0.16100758285050126
123,6923,0,1,0.6993194920570324
123,4261,1,1,0.697221057308931
123,4463,1,1,0.7128633855957841
123,2446,1,1,0.7084101315694761
123,3872,1,1,0.5477154070495672
123,6602,0,0,0.2715179245355028
123,817,0,1,0.5688829798131186
123,1972,1,1,0.5516316889059143
123,664,0,0,0.3494079822567938
123,5176,0,0,0.19572018010255976
123,2513,1,1,0.7479869103542722
123,4457,1,1,0.6657212426033939
123,3797,0,0,0.3331556214177645
123,3429,0,0,0.4823366086674909
123,2530,1,1,0.643617370809962
123,5806,0,0,0.45442784148290816
123,878,1,1,0.5832738045280189
123,5240,0,0,0.24247776262084622
123,6318,1,1,0.6940287829744188
123,5011,0,0,0.3546645432126373
123,5614,0,0,0.45454434523801185
123,2328,0,1,0.5974019643547309
123,4627,0,1,0.5078409936693099
123,1100,0,1,0.8062782589128024
123,7018,1,0,0.35302409740899904
123,4281,1,1,0.5481228884669079
123,1645,1,0,0.38770377437342124
123,524,1,1,0.7273564723284475
123,471,1,0,0.18026298116663236
123,6157,1,0,0.16509105426843726
123,2251,1,1,0.6966350920936776
123,3126,1,0,0.4282580417782159
123,839,1,0,0.22733321899328932
123,6926,1,1,0.8326276996681935
123,3523,0,0,0.36500677915724955
123,3067,1,1,0.5652976346198197
123,6835,0,0,0.3805095282734854
123,6983,1,1,0.6312866743372035
123,4337,1,0,0.33937358462676454
123,809,0,0,0.1000759318963081
123,850,0,0,0.29366982988876894
123,2727,0,1,0.5212213017931852
123,4268,0,0,0.32305949199412387
123,2326,1,1,0.6391659730870298
123,729,1,1,0.6392081216801657
123,522,0,0,0.13528980478579386
123,1413,0,0,0.44325859211690677
123,3740,0,0,0.14549700361267587
123,875,0,0,0.42029839601485214
123,33,1,1,0.5641177182563011
123,3907,1,0,0.3955063866704656
123,4016,0,0,0.1506701996187179
123,4002,1,1,0.6703353100426135
123,3316,0,0,0.14981248459322216
123,2569,1,0,0.2492521871951963
123,3086,0,0,0.45903707092814455
123,5975,0,1,0.5418736689222232
123,5115,1,1,0.6470023163867696
123,4197,0,0,0.23922443550003017
123,450,1,1,0.7294688096512263
123,155,0,1,0.6108651239833118
123,6676,1,1,0.6779091032083673
123,320,1,0,0.42224090342089754
123,3500,0,0,0.36755665049228153
123,3879,0,0,0.26045656372982234
123,5932,0,0,0.34321544846900665
123,4173,1,1,0.6096707260272676
123,4842,0,0,0.26602316219419747
123,4575,0,1,0.62377776037536
123,4810,0,0,0.3051036817733449
123,4357,0,0,0.33162107511856986
123,3575,1,1,0.7638029074825218
123,3654,0,0,0.3806178201894979
123,1205,1,0,0.44696499663098976
123,1627,1,0,0.4968714498185749
123,4519,1,0,0.33976367987559775
123,5941,0,0,0.2504811843070816
123,6307,1,0,0.37446835467903683
123,4177,1,1,0.7760259905858604
123,2313,0,0,0.3257067212990001
123,5030,0,0,0.245050407653756
123,6050,0,0,0.31406995080427397
123,4930,1,1,0.663208112481416
123,4012,0,0,0.41835578967097664
123,3218,1,1,0.6261103258635616
123,3095,0,0,0.47414683140939345
123,2033,0,0,0.2755736484966059
123,3563,0,0,0.09429760732082702
123,6029,0,0,0.13179462585048918
123,6197,1,1,0.6017146893722609
123,5300,0,1,0.6629431837543978
123,6365,1,0,0.32344848006708515
123,2942,0,1,0.5094211195749923
123,448,1,1,0.6773395987125342
123,534,0,0,0.24767477617799977
123,959,1,0,0.1836535315253133
123,5949,1,0,0.25612251359157534
123,1320,1,0,0.4953988197979704
123,4667,1,1,0.6939973310511109
123,5888,0,0,0.19694219277757788
123,3732,0,0,0.12410329357541988
123,6845,0,0,0.4960422882297639
123,1410,1,1,0.5806280099279035
123,5574,0,0,0.37473618589011737
123,6399,0,1,0.7331780221033642
123,1896,1,0,0.3596428232172295
123,4639,0,1,0.571323361588725
123,5674,0,0,0.44976940621145806
123,4887,0,0,0.2607308738898719
123,1250,0,0,0.48091809648429173
123,4045,1,1,0.6306528215252455
123,4760,0,1,0.5383573071781376
123,5208,0,1,0.6706525699287623
123,3298,0,0,0.19730828261462985
123,1494,1,0,0.4282733803966489
123,2144,0,0,0.44218696522229933
123,2585,0,0,0.2912596013263022
123,2738,1,1,0.7871409753611187
123,1034,1,1,0.6102777471712122
123,6095,0,0,0.2701798894376732
123,3618,0,0,0.3381429781537519
123,5050,1,0,0.3477423090366876
123,1247,1,0,0.36005506457828995
123,6613,0,0,0.1918151191841865
123,4247,0,0,0.4954608883112774
123,6518,0,0,0.16336920683071524
123,4941,1,1,0.5549664406850994
123,5124,1,1,0.5403274846652761
123,4591,1,1,0.6758019725796054
123,6970,0,0,0.08431773546254992
123,131,0,0,0.15770321313553984
123,3957,1,1,0.6838423845655316
123,5105,1,1,0.689474378207517
123,5270,1,1,0.7397153409531281
123,6346,0,0,0.4786357194278403
123,4078,1,1,0.6192332849015201
123,1762,0,0,0.2430270692774353
123,773,0,0,0.3621628884278859
123,1721,0,0,0.42673561098587026
123,4438,1,0,0.48284221077196
123,5657,1,1,0.5765147449504677
123,5313,0,0,0.3048148020267992
123,6171,1,1,0.591293358732978
123,5567,0,1,0.5226429874239992
123,6908,1,0,0.2012884933180268
123,2832,0,1,0.5080944853563928
123,2970,0,1,0.6429638542748808
123,2935,0,0,0.4041506111021573
123,2364,0,0,0.3235398964281257
123,3916,1,0,0.22576568386746856
123,2020,1,1,0.6668622659961996
123,6792,1,1,0.5598312980950644
123,5618,0,0,0.3352596827300079
123,5125,1,1,0.7759679389898515
123,486,0,0,0.4501661327064839
123,595,1,1,0.7836750073249845
123,5890,0,0,0.4523941890694024
123,609,0,0,0.20193102931060808
123,4443,1,0,0.40447494605868856
123,1282,0,0,0.24916599379527005
123,3140,1,0,0.24698962501704977
123,2380,1,0,0.466349363347181
123,4808,0,0,0.29090773050498064
123,2619,1,1,0.5724063705590128
123,6204,1,1,0.8025683722116024
123,1256,1,1,0.6343860695285211
123,1190,1,0,0.4852979698116081
123,1440,0,0,0.24966033451021705
123,6916,0,0,0.41497819488668286
123,6838,1,1,0.6517265430456604
123,1751,0,0,0.34871837617019774
123,3531,0,0,0.2924620808936913
123,5804,1,1,0.7979485006425966
123,257,1,1,0.6906990474690873
123,1336,0,1,0.5689296460989718
123,1658,0,1,0.5504581984147942
123,1698,0,0,0.23993611285985655
123,1637,0,0,0.2872404357169803
123,6933,0,0,0.22542145504432456
123,6178,0,0,0.18365693499883012
123,373,0,0,0.17452466049716922
123,3182,0,0,0.258944229184541
123,6662,1,0,0.3450264197364565
123,5542,0,0,0.4497777768572605
123,5183,1,0,0.4574313225714454
123,3253,1,0,0.16874455617240977
123,5664,1,1,0.5522713177642546
123,4976,0,1,0.5149561999347925
123,1271,0,0,0.34024941176644996
123,5673,1,0,0.2896279967379117
123,4704,0,0,0.441386857854724
123,4960,0,0,0.47692281334160297
123,5259,1,1,0.7135763135077342
123,5274,1,0,0.18272104100814274
123,4900,0,0,0.36702545416792526
123,383,0,0,0.23672656375357704
123,678,1,0,0.3741476905309433
123,2173,0,0,0.26604064820075535
123,5018,1,0,0.3670739344506038
123,6994,0,0,0.19503595150548098
123,2136,0,0,0.16955811968221474
123,3010,0,0,0.434362403249823
123,6337,1,1,0.5700175071318103
123,2688,0,0,0.3987589846553155
123,4113,1,0,0.4104394920262318
123,2722,1,1,0.6266506823160678
123,1558,1,1,0.7288357277145004
123,4866,0,1,0.5767494466613318
123,2871,0,0,0.4044194888314443
123,3282,1,1,0.6292591791833442
123,4103,1,1,0.6093917777027
123,4912,0,0,0.2808845211778647
123,1300,0,0,0.40099435052984966
123,5407,1,1,0.6934706960787191
123,1385,1,1,0.6479726232400772
123,6223,0,0,0.23887135795318248
123,2686,0,0,0.18432371762161726
123,694,1,0,0.4180907274538113
123,2667,1,0,0.3014018422769451
123,2171,0,0,0.3671055840337335
123,2841,1,1,0.5810805995212713
123,4673,0,0,0.10475516482011143
123,3700,0,1,0.6462570798276733
123,164,0,0,0.36298328898943105
123,404,1,0,0.4351391766831129
123,1516,1,0,0.305467501910371
123,5626,0,1,0.5543844014665981
123,235,0,0,0.4329883257250017
123,6177,1,0,0.3506052724158762
123,5392,0,0,0.21806019165429238
123,5887,1,0,0.3478787870538436
123,2091,0,0,0.2886105613971203
123,6395,1,1,0.7978191074601007
123,4592,0,1,0.6417941937328214
123,3359,0,0,0.24731137279046445
123,2595,1,1,0.7331571521049536
123,1040,0,0,0.18391061748845577
123,517,1,1,0.661730663146608
123,4338,1,1,0.5682978236378823
123,1454,1,0,0.40179613442118756
123,2005,0,0,0.20421235081821404
123,4354,1,1,0.7208754507271173
123,6162,0,0,0.12588534849030641
123,3599,0,0,0.3007262842140549
123,2327,0,0,0.2230102448199982
123,5494,0,0,0.27465547511192073
123,3195,1,1,0.7058844636121879
123,6639,0,1,0.6487576556538633
123,6421,1,1,0.6638811319492592
123,3720,0,1,0.5765028293031066
123,1303,0,1,0.5562022975581379
123,3591,1,1,0.6794857854339524
123,4871,1,0,0.45519158513528746
123,608,0,0,0.2531929440897334
123,5061,1,1,0.5240044016500377
123,3778,0,0,0.3425831426986503
123,5689,1,0,0.416583341011925
123,4450,0,0,0.14061746359991598
123,6902,1,1,0.7004117022434775
123,1427,0,0,0.36412211796005406
123,2534,0,0,0.27189138618610786
123,6616,0,1,0.6912587688091794
123,6249,1,0,0.3374185905080008
123,78,1,1,0.6027576628307322
123,2923,1,1,0.5864538203467912
123,2356,1,1,0.7249530548204413
123,1455,0,1,0.7331441812889754
123,5432,0,0,0.1221044917916729
123,6189,0,0,0.2870940681099002
123,5701,1,1,0.637981105669171
123,984,1,1,0.6199839373892299
123,5733,0,0,0.2666645948378538
123,853,1,1,0.7394120281168749
123,451,0,0,0.17642281551166428
123,747,0,0,0.42548025940796447
123,4194,1,1,0.6578759675284269
123,5142,0,0,0.3625163630872762
123,3789,0,0,0.22281709469441302
123,2590,0,0,0.45537673891693287
123,4359,0,0,0.3026941894275391
123,673,0,1,0.6761985031230593
123,2399,1,1,0.7524979202294877
123,1046,1,0,0.11488147629536569
123,6353,1,1,0.751225066605413
123,658,1,0,0.32079715816108806
123,4604,0,0,0.2970941520426089
123,4584,0,0,0.3605254560955977
123,3881,0,0,0.35445227233519017
123,3960,0,0,0.2529597698805145
123,2088,1,1,0.5239887699219323
123,3349,0,0,0.2477084234396009
123,5986,0,1,0.5258116395232203
123,3980,0,0,0.37401992755240554
123,125,1,0,0.4414572350014046
123,5158,1,1,0.748256766254365
123,51,0,1,0.5499730691045442
123,633,0,0,0.38797211191174347
123,2502,0,1,0.5305078677272631
123,5981,0,0,0.25699514440050264
123,5168,0,0,0.2535598187193087
123,5491,1,1,0.513905043042113
123,6453,0,1,0.5607185901442873
123,1893,0,0,0.1242883586022318
123,5514,1,1,0.6307975167614648
123,4347,1,0,0.33273804630249415
123,2977,1,1,0.6603501022807263
123,3632,0,0,0.27383237967256063
123,2462,0,0,0.4924764307133906
123,4649,0,0,0.3511441593743673
123,6108,1,0,0.4064736042207261
123,5126,1,0,0.2648721364102086
123,103,0,0,0.4595563794349046
123,1018,0,0,0.3031555169310742
123,2421,0,0,0.07188276879158025
123,211,0,0,0.41165562715568954
123,3947,0,0,0.19691248014529278
123,6628,0,0,0.3905213640104567
123,2889,0,0,0.22886674600235152
123,3576,1,1,0.6538136116608787
123,713,1,0,0.44868118277437913
123,3639,0,0,0.14059052121098642
123,1793,0,0,0.35775907627276604
123,6691,0,0,0.4703267393911489
123,2295,0,1,0.6011548985340905
123,5650,0,0,0.10335051294498755
123,862,1,1,0.7796323347238134
123,669,0,0,0.41791517665168054
123,3309,1,1,0.6703954178447353
123,1176,0,0,0.1140610366878808
123,1853,1,0,0.2415667897581465
123,2953,1,1,0.6459846757669541
123,386,1,1,0.6731564342201772
123,6205,1,0,0.30558920343014645
123,2279,1,0,0.35991639207104886
123,5337,0,1,0.6176361024699791
123,2601,0,0,0.23314059602811177
123,3283,0,0,0.47813007839749216
123,5086,0,0,0.26257150364569026
123,5762,1,0,0.47805569704627876
123,1442,1,0,0.2652201172700887
123,3044,0,0,0.4512721114225721
123,7020,1,0,0.4223202136303716
123,3844,0,0,0.20319287297223995
123,3465,1,0,0.1418286044966902
123,5220,0,1,0.6939907145229356
123,2119,1,1,0.7325459611258156
123,5870,0,0,0.3888421658486408
123,2303,1,0,0.4064130101568973
123,5040,0,0,0.269390108739554
123,5645,0,0,0.2576393757746747
123,5589,1,0,0.25585762904996323
123,281,1,0,0.48176770781358935
123,6203,0,0,0.23122501448454433
123,6529,0,1,0.6247084698923688
123,1139,1,1,0.7341815948190548
123,1600,0,0,0.32498603464025344
123,5540,1,0,0.266405880769793
123,3513,0,0,0.21147295515264566
123,494,0,1,0.6768260539214656
123,6020,0,1,0.574418828898822
123,4915,1,1,0.755914410000925
123,1425,1,1,0.6522505508176099
123,4653,1,1,0.7974517599525425
123,5605,0,0,0.09405581161792974
123,1462,0,0,0.1417342270485968
123,2181,0,1,0.6934056214178007
123,1651,0,0,0.26117782341312346
123,6956,0,1,0.5568659408967848
123,5871,1,0,0.32744106454140326
123,1189,0,0,0.2155014285877958
123,6954,1,1,0.5837797691734318
123,3367,1,0,0.4090897766148132
123,2479,0,1,0.659260210309611
123,1873,1,1,0.6391546623650981
123,3762,1,0,0.42893656490517107
123,598,0,1,0.5096473811557151
123,3984,0,0,0.3102576067627905
123,6589,0,0,0.1301169346603103
123,5057,0,0,0.2361080075635973
123,4697,0,0,0.1279544759099842
123,3209,0,0,0.24250902307022437
123,4408,1,1,0.7849999918680405
123,1838,1,0,0.36169519624911334
123,5912,1,0,0.36739325134512646
123,5812,0,0,0.41937544741767574
123,2921,0,0,0.1689255976904616
123,163,1,1,0.569789974452572
123,4439,0,0,0.4547397431431796
123,4770,0,0,0.23412998022750825
123,3785,1,1,0.7224964309965589
123,5423,1,1,0.5068417455892398
123,6343,0,0,0.2152839345556366
123,3866,0,0,0.31463970214936016
123,4269,1,1,0.8202482416846427
123,2692,1,1,0.7142391754628076
123,6848,0,0,0.21846147143385633
123,2736,1,1,0.5656533502390098
123,2017,0,1,0.6639427409757656
123,4952,1,1,0.6853566265236731
123,4712,1,1,0.6048192562711678
123,4683,0,1,0.7506641251367451
123,6450,0,0,0.4218362369028642
123,4961,1,1,0.6669016602141634
123,2826,1,1,0.6022622720838032
123,2615,1,0,0.29127365023014645
123,836,0,1,0.6121630319594404
123,3449,0,0,0.2885282096025578
123,962,0,0,0.1630626682744134
123,611,1,1,0.784816579408315
123,2191,0,0,0.47904440173429946
123,6583,0,1,0.509154301857094
123,3704,0,0,0.4303505067218435
123,2767,0,1,0.6484476435506878
123,157,0,0,0.21121423841308462
123,6950,1,0,0.49162969253941685
123,1578,0,0,0.4832993288841316
123,5276,0,1,0.5070791974798863
123,1545,1,1,0.7222045701670515
123,1749,0,0,0.1737450217896133
123,6464,0,0,0.30838132091388915
123,2860,1,0,0.22937117213098954
123,513,1,0,0.49502904624415917
123,1168,0,0,0.3486697946810609
123,2729,1,1,0.6041214392647057
123,3927,0,0,0.4033583154719856
123,1457,1,1,0.5876421578931689
123,3814,1,0,0.3524887915769126
123,2,0,0,0.23716391580522217
123,3994,0,0,0.19988351429534398
123,5375,0,1,0.7376650424781022
123,3171,0,0,0.3113185611736658
123,4958,0,0,0.28012411064986364
123,482,0,0,0.28187383868320975
123,6306,1,1,0.6032036082414944
123,2493,1,1,0.6291610392646501
123,3836,1,0,0.4203768623996461
123,401,1,1,0.7405945033034194
123,1522,0,0,0.3466685659116196
123,3342,0,1,0.5792452771577108
123,6084,1,1,0.5286671991455479
123,5111,1,1,0.726806775484191
123,2377,0,0,0.33568306068301434
123,5715,1,0,0.4624721464891658
123,2276,1,1,0.5869287447445259
123,74,0,1,0.5903813667369091
123,4375,1,1,0.7383551765344695
123,2104,0,0,0.182743971948706
123,1080,0,1,0.558648295165139
123,6498,0,0,0.2049238467386097
123,3113,0,1,0.6571431459213566
123,3493,0,1,0.5410711932367704
123,5368,1,0,0.30336640623656524
123,4321,0,1,0.5207477664192156
123,2866,0,0,0.2749219236290653
123,1353,0,1,0.6409107999605398
123,1383,0,0,0.17770945406191588
123,4162,0,0,0.4664450538872182
123,3018,1,0,0.27782661300104045
123,3796,1,1,0.554221586486319
123,1528,0,0,0.2891331895315324
123,4403,0,0,0.2392768340008387
123,4195,1,1,0.7533752194996011
123,4265,1,1,0.641734413752276
123,2551,1,1,0.7190173897793602
123,53,1,1,0.7991664490344047
123,3310,0,0,0.17846593804190305
123,5137,1,1,0.7281036312302096
123,2182,0,0,0.22974096680625494
123,5688,1,1,0.8169223808966833
123,3149,0,0,0.23813188455675538
123,2361,0,0,0.24910540743925122
123,6905,0,0,0.37459282531551363
123,5404,1,1,0.5014401279804558
123,3409,1,0,0.243620141536659
123,75,1,1,0.5186296940785409
123,670,1,1,0.6401929595030207
123,810,1,0,0.1553657351517664
123,2220,1,1,0.5643159883935478
123,5237,0,1,0.6982199232368163
123,5089,1,1,0.579056318589688
123,2906,0,0,0.21097359912871141
123,6651,1,1,0.6451124216455587
123,6187,0,0,0.22936094592160144
123,5292,1,1,0.5270865587388933
123,80,1,1,0.7631281429506389
123,1058,1,0,0.4004832538862563
123,2298,1,0,0.3829413404135573
123,6686,1,1,0.5082017678972369
123,3714,1,0,0.2867463472194689
123,2122,1,1,0.7261600394881906
123,1436,0,0,0.1624935447486173
123,6122,0,1,0.631829156460564
123,5843,0,0,0.36024328588433624
123,4460,1,1,0.541146876606417
123,2880,0,0,0.3223588607132801
123,2700,1,1,0.6808526991974134
123,6064,1,1,0.6282652174387737
123,4082,0,0,0.14870261830556647
123,3691,0,1,0.5291610478194186
123,1830,1,1,0.7383934855939521
123,49,0,0,0.1404020922298044
123,4722,1,1,0.7232989939629494
123,2371,0,0,0.26697147769416424
123,1773,0,0,0.341162793693247
123,6794,0,1,0.7022904738893193
123,4225,1,1,0.5683509990336665
123,1987,1,1,0.5277261867392213
123,4389,1,1,0.593475038962761
123,4458,1,0,0.40948605476835825
123,3892,1,0,0.4588686086140518
123,5700,1,0,0.2479131456756526
123,375,1,0,0.3986958094878386
123,5983,1,0,0.44159013485718346
123,2501,0,0,0.33226248380515977
123,395,1,1,0.5842462269200378
123,187,1,1,0.5327617680601104
123,533,0,1,0.5123892073941307
123,1536,1,1,0.6042787300397527
123,1806,1,1,0.6061099404592063
123,5858,1,0,0.1650823434930014
123,202,0,0,0.3268202376899194
123,6523,0,0,0.20099381995076043
123,4473,0,1,0.7526059854337819
123,2324,1,0,0.39840017514339254
123,6116,1,0,0.20598996415228854
123,4990,1,0,0.29112389508583325
123,4805,0,0,0.2968938114608745
123,1575,1,1,0.7158408496295185
123,2981,1,0,0.3810033419545129
123,685,1,0,0.21531441378510682
123,1449,1,0,0.2968097920947199
123,2698,1,1,0.5840425024493597
123,2663,1,1,0.5867027406409566
123,1009,0,1,0.5725104810647986
123,6563,0,1,0.5529114661870057
123,3681,0,0,0.18698731773152902
123,6225,0,0,0.4478089359379166
123,599,1,1,0.6802326606982205
123,1420,1,0,0.45350764650730546
123,545,0,0,0.14221783077314082
123,6325,0,0,0.20573470938193472
123,1016,1,0,0.3392394951412633
123,4728,0,1,0.6556449184144091
123,569,1,1,0.7004876576686057
123,2928,0,1,0.6191725577478532
123,4595,0,1,0.5518753983957366
123,1090,1,1,0.6031467444620054
123,5216,0,0,0.43350928237631364
123,1302,1,0,0.4880369361274012
123,4878,1,1,0.6301325331731962
123,113,0,0,0.29109448731274584
123,3522,0,1,0.6217733261760756
123,6790,0,0,0.44685828896551133
123,2277,1,1,0.5038488777091081
123,5976,1,1,0.5926784681024594
123,2899,0,0,0.19897590144614014
123,777,1,1,0.5556788757314977
123,6966,1,0,0.43671650476933754
123,2241,1,1,0.7372751486600895
123,6457,0,0,0.3027311452477346
123,4614,1,1,0.6576271313414414
123,5952,1,1,0.6208416272975684
123,1057,1,1,0.6762494599776785
123,226,0,1,0.5407258059581215
123,503,1,1,0.521157772954051
123,307,0,0,0.27701970549268645
123,5584,1,1,0.7659532930937765
123,3457,1,0,0.20219608342489753
123,6850,1,0,0.4700501638355216
123,4811,1,1,0.5947029807076722
123,6622,1,1,0.6442606111116983
123,1741,1,1,0.6403030720357658
123,6560,0,0,0.2845663058177098
123,657,1,1,0.5770789668043798
123,2685,1,1,0.718068571744211
123,1694,0,1,0.5571237662829515
123,3512,0,1,0.6812752283789553
123,2491,0,1,0.6057333925878692
123,1017,0,0,0.31152168280334325
123,2571,0,0,0.25075962073734803
123,7040,1,1,0.7802181449513654
123,4806,0,0,0.1349253015444233
123,6196,0,0,0.3516439303484232
123,980,1,1,0.5444501247583295
123,1682,1,0,0.2812395311189647
123,2531,0,1,0.6206405021611792
123,3944,1,0,0.4382619671826205
123,2705,1,1,0.6671712241209207
123,5388,0,0,0.4332053907324897
123,2719,0,0,0.28681159728004907
123,2820,1,0,0.4461669207152137
123,6875,1,1,0.5726206788127653
123,4339,1,1,0.781548323610564
123,788,0,1,0.5379463200833434
123,2159,0,1,0.6500135673653841
123,1325,1,0,0.27931036204406956
123,5639,0,0,0.31540141807302385
123,6164,0,0,0.3430139438947257
123,5530,0,0,0.23336235217616008
123,2990,0,0,0.2760972398236532
123,5063,0,0,0.2568089649455501
123,6725,0,0,0.23570206679935324
123,5723,0,0,0.17734465821028747
123,2071,1,1,0.5902927122094839
123,1136,0,0,0.30195200000197125
123,336,0,0,0.39146698649028516
123,2839,1,1,0.7395729956675257
123,3081,0,0,0.45308281451712124
123,5282,0,0,0.1543775077878975
123,3971,0,0,0.4841108072236151
123,2117,0,0,0.4980359521817852
123,6009,0,0,0.3881635240396474
123,1091,0,0,0.21959738143035046
123,5575,1,1,0.6656518907447342
123,4557,1,0,0.44912540126664124
123,4521,0,1,0.739368733204034
123,2769,0,0,0.17381512516676603
123,5157,0,0,0.4476848185955592
123,1447,1,0,0.4382891736863295
123,5667,1,1,0.5197589256843481
123,6407,0,1,0.613636418140231
123,4720,0,1,0.603896051484309
123,6237,1,1,0.5621588450173263
123,140,0,0,0.4517231517580432
123,1145,0,0,0.3749411602141191
123,5160,1,1,0.8761032718337637
123,4454,0,1,0.5625260922575174
123,1470,0,0,0.4756902568591802
123,6844,0,0,0.3913945483368652
123,239,1,1,0.7967255596079142
123,4670,0,0,0.19397057387986702
123,1691,0,0,0.3146134612603644
123,5641,1,0,0.25466861011314496
123,403,1,0,0.47231983896354185
123,4573,0,0,0.21252001674486934
123,2630,0,0,0.11851538886295279
123,4282,1,0,0.3569733816855762
123,1293,1,0,0.47430628235923555
123,6574,0,0,0.29484637573507805
123,3027,1,1,0.5411727103011853
123,1748,1,1,0.7669068875225998
123,14,1,0,0.3760699557358614
123,5828,1,0,0.27357136425282436
123,2404,0,0,0.21808548858758353
123,452,0,0,0.23886306532058563
123,6988,1,0,0.31979487991062977
123,5579,0,0,0.12844053119925802
123,4174,1,1,0.5536174151945389
123,392,1,0,0.408502867618157
123,2336,1,1,0.7539740347143179
123,1199,0,1,0.7372549865676162
123,4187,0,1,0.6122086957999024
123,2247,1,0,0.2447996157784019
123,3566,1,0,0.34578017631479085
123,6672,1,1,0.6599321573154948
123,3197,1,1,0.7590734365306555
123,7016,1,1,0.6144641012274652
123,3498,0,0,0.18772844034575376
123,1573,0,0,0.3894775376054078
123,3749,0,0,0.38075226676204543
123,5149,0,0,0.23833212485104077
123,1332,1,1,0.6691876775375166
123,3510,0,1,0.6186877233783151
123,3969,0,1,0.5523798496655301
123,2113,0,0,0.2256938075890321
123,1799,0,0,0.48322947475498357
123,2894,1,1,0.5718644077222866
123,2846,1,0,0.2726231091239439
123,4119,0,0,0.31243117194323045
123,2315,0,0,0.1467872965185862
123,2712,0,0,0.2841786217577578
123,5550,0,0,0.4341151752321019
123,2093,0,0,0.3057988990921565
123,4688,0,0,0.2911724113792221
123,4929,1,1,0.8003061295234074
123,3774,0,1,0.6244488300766396
123,4485,0,0,0.36379514769130805
123,6906,0,0,0.4045909756035429
123,5880,1,1,0.559297135961871
123,1453,0,1,0.7981963401039932
123,905,1,1,0.5279067465500981
123,3489,0,0,0.17151014425509264
123,244,1,1,0.5075703403428735
123,692,0,1,0.5015887113633669
123,3671,0,1,0.6110188003870419
123,4631,0,0,0.48752687531969674
123,6150,0,0,0.22020722477561308
123,4644,0,0,0.34329913591676536
123,2102,0,0,0.3299630682519515
123,2202,0,1,0.5335768324173799
123,4735,0,0,0.3146007483289452
123,4083,1,1,0.6604987972978462
123,3235,0,1,0.6913043805693301
123,145,0,0,0.21891121068384545
123,3238,0,1,0.6276209636534456
123,6893,0,0,0.2550371815904094
123,3072,1,1,0.6946187275483842
123,6840,0,0,0.2152966937801438
123,835,1,0,0.2088210506524196
123,857,0,1,0.5373309473637755
123,5255,1,0,0.49932298925417856
123,842,0,0,0.3005152953404978
123,1043,0,1,0.6403347274054181
123,6443,1,1,0.6919970347516881
123,3466,1,1,0.6934565227678373
123,6562,1,0,0.36576288430163917
123,760,0,1,0.6775760562028535
123,907,0,0,0.19674117567386412
123,2991,1,1,0.7255238322326059
123,3077,1,1,0.5602047926591565
123,2282,1,1,0.5370609510117766
123,1430,1,1,0.7916168731463078
123,3933,1,0,0.22280098135102933
123,781,1,0,0.2752645497726028
123,3992,0,0,0.3139113479814336
123,6471,0,0,0.36140387248933575
123,1245,1,1,0.5360486615698994
123,543,1,0,0.3978181818074671
123,1461,1,0,0.2420131325031034
123,2490,1,1,0.6290675881051948
123,5746,0,0,0.40023800754758093
123,5901,0,0,0.18379194122707332
123,5998,0,1,0.6978926853463356
123,240,0,1,0.511818828521834
123,2711,0,0,0.16304086302784185
123,5624,1,1,0.5440631842689744
123,5171,1,0,0.4633048155458202
123,2760,1,0,0.24249972463032868
123,5175,1,0,0.38298154094824366
123,3518,1,1,0.7034904035718452
123,4,0,0,0.35117582895894506
123,4619,0,0,0.16023739317371288
123,2092,1,1,0.7323504953039038
123,4589,0,0,0.1535853856036165
123,1809,1,1,0.5765948197296115
123,4402,0,1,0.6529411649147543
123,6903,1,0,0.2568155331334269
123,5323,1,1,0.5582874824746443
123,4319,1,0,0.4713768135048305
123,1660,0,0,0.2527513245466732
123,86,0,0,0.1757546127861883
123,1761,1,0,0.3111783295478726
123,1208,1,0,0.37591435751186447
123,353,1,1,0.5861086296459105
123,2232,1,1,0.5903217798477222
123,3943,1,1,0.6389860847727573
123,2027,1,0,0.31410485733871873
123,1702,0,0,0.22313654685696332
123,4553,0,0,0.34378748156813443
123,3462,1,1,0.6073909496091678
123,1923,1,1,0.5396954082647939
123,3336,1,1,0.7475687547535945
123,6051,0,0,0.24066669476893982
123,2507,0,0,0.1808070886637389
123,6553,1,1,0.5404129904406556
123,1464,1,1,0.6131637449316618
123,3357,1,1,0.5997144417631488
123,5387,0,1,0.55765270737858
123,703,0,0,0.3373525927685045
123,4524,0,1,0.5728111796353541
123,6704,0,0,0.45158045089463367
123,4257,1,0,0.3135839454990856
123,2622,1,1,0.5701717145573093
123,2164,0,1,0.6546251855865668
123,953,0,0,0.3181081116006788
123,4331,0,0,0.4449729469884784
123,146,1,0,0.42349173440469196
123,4820,1,1,0.619404704366849
123,1609,0,1,0.645210709911661
123,3192,1,1,0.5858200513284334
123,1902,0,0,0.46951672964589747
123,4703,0,0,0.2470110480771677
123,1684,1,1,0.6714628885930993
123,6943,0,0,0.15875150211968295
123,54,1,1,0.5437842658522092
123,6335,0,0,0.1286989091010434
123,769,0,0,0.19670880476907832
123,5990,1,0,0.3809641128770173
123,6152,1,0,0.2502595906928744
123,6163,1,1,0.783836542664245
123,858,0,1,0.6055379720473892
123,908,0,1,0.5612639515730721
123,6096,1,0,0.29871987914078574
123,3193,0,0,0.43495324074983654
123,591,0,0,0.34580201974382996
123,6856,0,0,0.10722939339355524
123,6081,0,0,0.4163641243872042
123,5474,1,1,0.7694860690898939
123,5754,1,1,0.7416077366516528
123,4698,1,1,0.5999832008472464
123,4546,1,1,0.6525926782220807
123,5390,0,0,0.10122578176939122
123,5842,1,0,0.38972978617883197
123,5907,0,0,0.28171613458397077
123,6251,1,1,0.7417705308387808
123,5273,0,1,0.7529327821440334
123,1847,1,1,0.8205667127271807
123,5992,0,1,0.5035991328959191
123,1328,1,1,0.6978272848185315
123,3828,0,0,0.26146431799143866
123,2665,1,1,0.7083732074722925
123,3350,0,0,0.17352516819231834
123,6624,0,0,0.4776081219960732
123,2847,0,1,0.5548336713525488
123,2329,0,1,0.7179298086077672
123,3674,0,0,0.16255738048735102
123,4478,1,1,0.6798160112124992
123,3454,1,0,0.2526460325550236
123,2602,0,1,0.6209988172816228
123,2143,0,1,0.6422678222915555
123,473,1,1,0.7366998653284849
123,2101,0,1,0.6676840836478024
123,4788,1,1,0.7121582689889278
123,1381,1,1,0.6325588572901552
123,6514,1,1,0.6398683580860923
123,2074,0,0,0.43810348926628184
123,468,0,0,0.18924913674490565
123,4054,0,0,0.4091603318783439
123,1445,1,0,0.4654363221641085
123,1725,1,1,0.6143530052695784
123,3134,1,1,0.7230145010029858
123,767,0,0,0.10014628612812375
123,2259,1,1,0.8049203907990361
123,997,1,1,0.7742274716050854
123,4672,0,1,0.6904793371952094
123,2695,1,0,0.2875002864900198
123,1192,1,0,0.4890793208029848
123,354,1,1,0.5010800818584399
123,5734,0,1,0.6408638919296843
123,3057,0,1,0.6914655645683276
123,1147,1,1,0.8018362630394624
123,2162,1,1,0.5878347893978392
123,5209,0,1,0.7314514138238153
123,2849,1,1,0.6148828812030108
123,931,0,0,0.29792362424481317
123,5750,0,0,0.15207873196048688
123,5691,0,0,0.20576783173534832
123,5718,0,1,0.5289477577785132
123,6270,1,1,0.685775960389574
123,3997,1,1,0.6234245527702947
123,1277,0,1,0.664863383128601
123,4291,1,1,0.5340167204608378
123,3670,0,0,0.3058333542351804
123,1007,1,0,0.4984999456708835
123,2829,0,0,0.13399428521190856
123,379,1,1,0.7876268228687301
123,2793,1,1,0.7106690793212563
123,6053,0,0,0.1424037109212253
123,5262,0,0,0.15557053835891543
123,201,1,0,0.3360093947211509
123,3701,0,0,0.41532648945277406
123,2238,1,1,0.6058081107880771
123,399,0,0,0.41181444199104966
123,6765,0,1,0.6746461727533082
123,5191,0,0,0.35357602185089426
123,6754,1,1,0.6609169475509146
123,4280,1,0,0.25099600886589724
123,1311,1,1,0.5640379221897369
123,4417,0,0,0.3608469400514213
123,3528,1,0,0.38743476481244155
123,6801,1,1,0.6101809993766294
123,1676,0,0,0.2728318768276212
123,3550,0,0,0.28552268935297714
123,1952,0,0,0.3939874746009186
123,6147,1,0,0.42251402611515093
123,988,0,0,0.14960219301134103
123,6311,0,0,0.33359843701460873
123,3401,0,0,0.3421557625836561
123,66,0,0,0.30477641555130064
123,6796,0,0,0.12471204535040735
123,3306,0,0,0.467447700808508
123,305,0,0,0.2454813233908107
123,1252,0,1,0.5750921464389249
123,1612,0,0,0.3119170158339957
123,2848,0,1,0.851998118822886
123,2996,0,0,0.32602808854570015
123,3017,0,1,0.5159035917796186
123,5937,0,0,0.2563272786357485
123,6296,0,0,0.20322056021549792
123,865,0,0,0.11908695680045024
123,3290,0,1,0.5473468679497393
123,413,0,1,0.6581871134780457
123,408,1,1,0.5876183879711387
123,3215,1,0,0.4712371159045976
123,37,0,0,0.4278149170874721
123,3636,0,1,0.5324202837220333
123,2955,1,1,0.62408619848203
123,6863,1,1,0.7099583629999718
123,4737,0,1,0.6727308653537252
123,4973,0,0,0.23684915388381617
123,2811,0,0,0.20825199731691382
123,3950,1,1,0.5318339588223896
123,2063,0,0,0.4766362657960971
123,6561,0,1,0.6988079537351194
123,4841,1,0,0.22815352663637403
123,3634,1,1,0.6384881007892057
123,2363,0,0,0.3790081937261367
123,81,1,0,0.28769541000242227
123,4909,0,1,0.7730837455863429
123,5612,0,0,0.2565864683532774
123,2148,1,1,0.6884028931057735
123,2553,0,1,0.6634585798955612
123,2357,1,1,0.5564376697819591
123,3337,0,0,0.22359657104928954
123,3623,1,1,0.6320537047390129
123,590,0,1,0.5730170175776068
123,4764,1,0,0.175607862675899
123,2867,0,1,0.7095139533871322
123,2730,0,0,0.3068158740991944
123,2802,0,0,0.31877595138630804
123,7028,0,0,0.46473658300523574
123,1417,1,0,0.3739172276634382
123,2651,0,0,0.4009801040460722
123,7022,1,0,0.4772902417121653
123,4743,0,0,0.210499089591496
123,4323,1,1,0.8197220130266593
123,2105,1,0,0.35801719233867213
123,3417,1,1,0.6075455734712871
123,1362,0,0,0.24796302436068976
123,3833,1,1,0.6592143363192601
123,3474,0,0,0.2844447910157954
123,2662,0,1,0.5297195027293305
123,4932,0,1,0.6113562373462067
123,1738,0,1,0.5106958882421444
123,1186,1,1,0.627578907171575
123,4434,1,1,0.6748797133193023
123,851,1,1,0.6308185069076772
123,1334,1,0,0.43255739802790194
123,3678,0,0,0.22320021610382168
123,6946,0,1,0.5210325078057279
123,5066,0,0,0.16524771101393965
123,2905,0,1,0.6093431081235003
123,170,0,1,0.5603426578419826
123,5996,1,1,0.7444329109720099
123,5302,0,0,0.2601947476072601
123,5638,0,0,0.11885653178939809
123,4020,1,1,0.5968780529433431
123,4858,0,0,0.29263636313416147
123,6067,1,1,0.526137341303805
123,4055,1,1,0.8046850721193858
123,185,1,1,0.7454672966724332
123,4954,0,0,0.43586163217336277
123,2353,0,0,0.42078655668773807
123,1500,1,1,0.6439587255249289
123,3107,1,1,0.5027859373277204
123,6533,1,1,0.6535699811642331
123,5682,0,0,0.19708541574272642
123,2506,0,0,0.2575900362434487
123,4284,1,1,0.7787444682185366
123,4474,1,1,0.6796211203451986
123,986,0,0,0.3345954317432597
123,3777,1,1,0.8291511026089662
123,6363,1,1,0.697160865597046
123,6948,0,0,0.17406189234017627
123,5217,0,0,0.13949355924853477
123,4555,0,0,0.4029452831843246
123,4682,0,0,0.25180826691704056
123,3663,1,1,0.6822937648020952
123,1754,0,0,0.2833031444004089
123,499,1,0,0.26665756065998925
123,5167,0,1,0.5794660466037479
123,334,0,0,0.2479318064360235
123,6214,0,1,0.5698795975857109
123,2913,0,0,0.42343918388640234
123,827,1,1,0.7060659786585043
123,5836,1,1,0.6965544397397316
123,3083,0,1,0.5387663218333821
123,2195,1,0,0.31572470989639706
123,6411,1,1,0.5120632081326963
123,730,0,1,0.7527245519146625
123,5499,0,0,0.16756746142111847
123,184,1,0,0.1920032402926805
123,6370,0,0,0.2821167814012322
123,5895,0,0,0.18273915255068934
123,10,0,0,0.27259533974734335
123,58,0,1,0.5351805904168297
123,4559,0,0,0.34209949707515896
123,2296,0,0,0.21251791754131805
123,6161,0,0,0.45494344846101614
123,4437,0,1,0.5154771546856547
123,5621,0,0,0.2719337603045251
123,3768,1,1,0.629761288797645
123,1785,1,1,0.733431743750264
123,3061,1,1,0.5044203544885092
123,7041,1,0,0.25305777643215943
123,4918,1,1,0.7603267868673194
123,2402,1,1,0.6373068370232465
123,1811,0,0,0.4999305824618159
123,5024,1,0,0.40467059277751766
123,792,1,1,0.6090806378404632
123,1064,1,0,0.2788158516404578
123,4070,1,1,0.7479549820239626
123,4637,0,0,0.32436392863731933
123,4153,1,1,0.6848160017349438
123,6202,1,1,0.6320244098761792
123,12,0,0,0.17815291355602217
123,4175,1,1,0.8149629807339209
123,5752,0,1,0.710021069620105
123,26,0,0,0.3663522530822091
123,2567,0,0,0.43419444423517284
123,4563,0,0,0.38381623972940876
123,6253,0,0,0.2073498869078229
123,6329,1,1,0.593634913934432
123,177,1,0,0.4022265931328716
123,1615,0,0,0.13507636777764503
123,5822,1,1,0.6396582420815693
123,479,0,1,0.5445330142235363
123,6625,1,1,0.5578616686189051
123,7011,0,1,0.5904978806346526
123,5910,1,1,0.5918235708272563
123,6005,1,1,0.7270846369807107
123,4829,1,1,0.6415580673943897
123,6033,1,0,0.47217830864068155
123,1028,1,1,0.6410455342071006
123,3612,0,0,0.4865272199164377
123,120,0,0,0.31946481128940046
123,6836,1,1,0.6302792030192562
123,4222,0,0,0.41532948620281074
123,3347,0,0,0.23704804550314906
123,1068,1,1,0.594338439379106
123,4255,1,1,0.7275864879087636
123,1744,1,0,0.49475351600542283
123,1628,0,0,0.3657230775441081
123,2840,0,1,0.5529979959704279
123,265,0,0,0.12360994286802329
123,5511,1,1,0.70822753144903
123,6154,0,0,0.3953491259142843
123,5122,0,0,0.3243505981308439
123,2614,0,0,0.3273241674923642
123,4956,1,0,0.3699794468466299
123,5741,0,0,0.17090441225747682
123,3579,0,1,0.5546908768739514
123,2565,0,1,0.5019958749821528
123,44,1,0,0.336482237287732
123,3718,0,0,0.4402575115269665
123,3224,1,1,0.7218082792227294
123,5107,0,0,0.1507647956743692
123,415,0,1,0.5021300575406429
123,6220,0,0,0.4575103448810368
123,4232,0,1,0.5532842073864735
123,4641,0,0,0.37472396389081924
123,3330,1,0,0.3886013742725886
123,6184,1,1,0.5520004541256056
123,3769,1,1,0.5740116559949318
123,4696,0,0,0.4051386968521233
123,5247,0,0,0.3073305938004673
123,3108,1,1,0.751221384622004
123,5487,0,0,0.13369199719156027
123,711,1,1,0.553115078270034
123,2620,0,0,0.47180660580867645
123,1153,1,1,0.6803463053698507
123,4906,0,1,0.6412132303031818
123,5127,0,0,0.24905185513350156
123,4294,1,1,0.5774531507655879
123,4775,0,0,0.42374557981991656
123,6384,1,1,0.7980427700150152
123,3515,1,1,0.7777222749616342
123,3100,1,1,0.6324287421129798
123,6945,1,1,0.6797639489815721
123,5652,0,1,0.6619980014651078
123,6889,1,1,0.7998719098638232
123,2591,0,0,0.2936732261795417
123,6087,0,0,0.20597777912827955
123,1730,0,1,0.6048051687696817
123,3324,1,0,0.3987003992615282
123,1517,0,0,0.22974418105052527
123,4496,1,0,0.17670757389384825
123,4843,0,0,0.36906111598921454
123,6019,0,0,0.138903284275329
123,3746,1,0,0.48263318110783343
123,6643,1,1,0.5088685305064086
123,4095,1,1,0.6650897326443447
123,5014,1,0,0.46703668776287244
123,6090,0,0,0.3784168621408135
123,6718,1,0,0.34130835961338374
123,6377,0,0,0.3575120789580728
123,6385,0,0,0.2378962822624278
123,2756,1,0,0.2816793824299722
123,3719,1,1,0.6120960369490953
123,378,0,0,0.47093213545164814
123,6473,1,0,0.45169384633639936
123,6773,1,1,0.647876109806688
123,1814,1,0,0.18787802984434204
123,3820,0,1,0.5974227199871794
123,27,0,0,0.4593761724360782
123,4189,0,0,0.17002392014554182
123,634,0,0,0.26674041612580773
123,4933,0,1,0.8262003990677815
123,4288,1,0,0.3466686116111422
123,2086,1,1,0.5348275632269868
123,1995,1,0,0.1968485955395495
123,4660,0,1,0.520187981574591
123,5068,0,0,0.4058535127118765
123,3637,1,1,0.6436916039066974
123,4326,0,1,0.6849234935291706
123,3391,1,1,0.7362335893029055
123,1163,1,1,0.7781828014787041
123,3818,0,0,0.31928870649587554
123,1024,0,0,0.23295466738972526
123,3294,0,0,0.10678713107975667
123,6768,1,1,0.727591951519997
123,2407,1,0,0.2628939414221991
123,137,0,0,0.24951271417965115
123,2019,0,0,0.49250193558243754
123,2858,1,0,0.25891251857464104
123,2693,0,1,0.5451868782490188
123,2975,1,1,0.653814099624077
123,2845,1,1,0.725852444800363
123,4067,0,0,0.25639653567236137
123,1012,1,0,0.34181553028724004
123,6386,1,0,0.45955537755871745
123,2958,1,1,0.6340550777699608
123,1624,1,1,0.6999818471726081
123,6783,1,1,0.6602997809165498
123,3130,1,1,0.5159563709753883
123,21,0,1,0.5708870801712418
123,6904,1,1,0.6969962967127834
123,6573,1,1,0.5997551340068621
123,4179,0,0,0.3755066727879567
123,2075,0,0,0.3502242005903426
123,4793,1,1,0.8246552438967206
123,329,0,0,0.29426009109455303
123,923,0,0,0.32589245725997174
123,2924,0,0,0.22120219204691752
123,1342,1,0,0.46092177411883195
123,6102,0,0,0.3216429902270553
123,539,0,0,0.4402504995411296
123,3389,0,0,0.15069142510106787
123,4399,0,1,0.7654753558349332
123,2158,1,1,0.519320603426798
123,6865,1,1,0.6769008320550486
123,2242,1,0,0.22568577918631463
123,6941,0,0,0.3166009570728576
123,5360,0,0,0.29635532271229453
123,6738,0,0,0.3069298747861086
123,1602,0,1,0.7821083605390665
123,1973,0,0,0.23960451588036852
123,2333,0,0,0.11090496675981308
123,5533,0,1,0.563459571213452
123,3770,0,0,0.17014912613517996
123,2308,0,0,0.25418732780447073
123,3443,1,1,0.6589857467785698
123,4387,0,0,0.4506713120863793
123,260,1,0,0.4437169140776295
123,3480,1,1,0.5076789186634874
123,5453,1,1,0.7828117204166567
123,2885,0,0,0.2481773083812618
123,1740,0,0,0.4140012285358912
123,2193,0,0,0.40673730188132234
123,4072,0,0,0.3662178230849954
123,3661,1,0,0.45106416240791025
123,2184,1,1,0.5698890733539149
123,3311,0,0,0.38478277550351936
123,3295,1,1,0.673035222872931
123,5987,0,1,0.5290000610111568
123,5252,0,0,0.24719205334485678
123,6252,1,1,0.6571868534730503
123,3669,0,0,0.43499851749588525
123,3491,0,1,0.761974517674331
123,4628,0,1,0.6034544493117667
123,4580,0,1,0.5890278243830975
123,1093,0,1,0.5332485772100883
123,5524,1,1,0.5941871142793745
123,5633,0,1,0.5327096887959215
123,1877,1,1,0.5972689997544885
123,3363,1,1,0.5099830307825726
123,6349,0,1,0.6051172939432881
123,1172,0,0,0.3795112832430111
123,603,0,0,0.20133026740397508
123,3877,1,0,0.4583276158161485
123,1633,0,0,0.29951480333403296
123,3256,1,0,0.4641919897930071
123,7017,0,0,0.3077179076269137
123,4850,0,0,0.49520428386819737
123,1305,1,1,0.661512025860058
123,6328,0,0,0.17591413144769807
123,768,0,0,0.22131131685580807
123,1720,1,0,0.36617470061010954
123,397,1,0,0.20035243885958043
123,1318,0,0,0.16943756833640278
123,4092,0,0,0.3090193717411325
123,6146,0,0,0.49725579583161394
123,5376,0,1,0.6224133398836612
123,6767,0,0,0.4814500194302235
123,6815,0,0,0.3115655612261441
123,5602,1,1,0.7816596085214943
123,1856,1,0,0.23556202962147507
123,4414,0,1,0.6509513592434206
123,1552,0,1,0.5496791489214093
123,1537,1,0,0.4743428474994187
123,107,0,0,0.21493404086204676
123,426,0,1,0.5115001298972172
123,2413,0,0,0.4041210734117585
123,5444,1,0,0.08944794750185321
123,1414,0,0,0.4789623959548078
123,1477,0,0,0.4522560248834982
123,1750,1,1,0.697836631158117
123,1036,0,0,0.12132853453188149
123,214,0,0,0.15522026732119817
123,6585,1,0,0.3970563124948084
123,631,0,0,0.06781608269071474
123,6003,0,0,0.30182305431085
123,1489,1,1,0.5987744043088719
123,668,0,0,0.314171800268171
123,838,1,1,0.708457018177492
123,762,0,1,0.6912439254178531
123,4234,1,1,0.649090920375534
123,5045,1,1,0.6628184113211658
123,4435,0,0,0.27761441945948806
123,3117,0,0,0.43380385224457646
123,2339,1,1,0.559371970029265
123,5954,0,0,0.17031323602891935
123,6951,1,0,0.3551080027051255
123,1120,0,1,0.658542683433457
123,6345,1,0,0.3587906901558281
123,3764,1,0,0.4245078784672029
123,1390,1,1,0.5719557420460636
123,4048,0,0,0.4574799915136049
123,2177,0,1,0.548621322025453
123,1996,1,1,0.5172120543450531
123,4781,1,0,0.32650345748507276
123,1837,0,0,0.27905590435779
123,4301,1,1,0.6651013819066284
123,6230,1,0,0.42861452620094026
123,6001,0,1,0.5770100234065266
123,5204,1,1,0.5023159765355539
123,3241,1,1,0.6153728335779898
123,224,1,0,0.42645559152974055
123,3709,1,1,0.7004771455394527
123,193,1,1,0.7369611263393366
123,440,1,1,0.6379411663694582
123,4784,0,0,0.21897706061465438
123,4924,1,0,0.13645533640595056
123,4661,0,0,0.4419512395845088
123,6305,0,0,0.19125207436456976
123,1678,0,0,0.4097780165124062
123,3589,1,1,0.7234447300355129
123,5596,0,0,0.4056898653899181
123,2535,1,1,0.6399058734725129
123,5467,0,0,0.26383110265752213
123,4868,0,1,0.5733665297310548
123,1950,1,1,0.7339707395858364
123,322,0,0,0.4705761391263292
123,6215,0,0,0.35468428408053615
123,4154,1,1,0.7717829367048815
123,6242,1,0,0.36539727803462857
123,3266,0,0,0.44775355078494394
123,243,1,0,0.20593888097097512
123,4464,0,1,0.6010183560614261
123,2350,0,0,0.2593695571588309
123,3737,1,1,0.7382748463945148
123,1922,0,1,0.6482071563298939
123,5957,0,0,0.40703781329135463
123,1475,1,0,0.37838798223939996
123,2190,0,0,0.13063367484261001
123,1200,0,0,0.19465387448988924
123,4517,0,0,0.2852552903221082
123,3064,0,1,0.673162282492064
123,830,0,1,0.503442102111903
123,247,1,0,0.42353235958012325
123,5928,1,1,0.701509845703111
123,6073,0,1,0.6248172943356173
123,1887,1,1,0.62495227431424
123,3393,1,1,0.685710741867673
123,829,1,1,0.6276539950785986
123,7031,0,0,0.22731311639876522
123,4873,0,1,0.5871812595100921
123,6559,1,0,0.3144306890542736
123,622,1,0,0.2540552599492696
123,5719,0,1,0.5682377351380232
123,6977,1,1,0.6558919752941885
123,5625,1,1,0.7546945580886139
123,828,0,1,0.5856570795744019
123,2670,0,0,0.3055764647384809
123,701,1,1,0.7138176537198153
123,6400,0,0,0.42735689653891756
123,4120,0,0,0.22993326750502743
123,4129,1,1,0.5554419424439833
123,3335,0,0,0.2506442792587903
123,1867,0,1,0.6524940001841565
123,5820,1,1,0.8257639969710793
123,3686,1,0,0.47323111294004006
123,6814,1,1,0.653829032787037
123,253,1,0,0.3084817465536567
123,2453,0,0,0.4480259513611625
