row_index,actual,predicted
20046,0.477,0.5045643333333334
3024,0.458,0.7345684920634921
15663,5.00001,4.889846793809518
20484,2.186,2.537977523809524
9814,2.78,2.341677035714285
13311,1.587,1.6361319285714293
7113,1.982,2.4149193845238104
7668,1.575,1.6606025000000004
18246,3.4,2.7030767185714293
5723,4.466,4.902097803333324
20069,1.232,1.1235396746031747
6835,2.539,2.0223234880952377
11351,2.151,1.6935635277777785
20267,2.205,1.7699630476190484
7097,2.198,2.4507232976190476
6298,1.362,1.6522102738095246
696,1.784,2.0146985714285712
19607,1.875,1.7344462142857149
14173,1.398,1.524336166666667
19638,1.375,0.912439571428571
18332,4.25,3.9076681444444414
4691,4.056,3.7464852826984094
2323,1.388,1.5000756904761912
16880,5.00001,4.083445947142852
14521,1.621,1.7838555158730154
19833,0.514,0.5310121666666664
8383,1.513,1.7479028452380954
2647,0.948,1.0297008214285712
1456,2.041,1.6919264047619047
5678,3.615,3.761824813492065
341,0.851,1.043891726190476
4852,1.384,1.3243674166666666
14386,1.375,2.0386371046825396
18261,4.65,4.118296602619045
16105,2.718,2.7666175249999987
9149,2.394,2.4766545714285715
16879,3.409,3.1724490615873013
6253,1.504,1.5850169523809512
11741,1.281,1.2757934047619046
7330,1.56,1.496639964285714
20460,2.581,3.0340901428571425
2412,0.905,0.9238897380952379
19391,0.713,1.0526071690476195
11441,2.197,2.267569276190476
13332,1.51,1.5520829682539679
3721,2.901,2.141751369047619
14986,1.42,1.32284425
14152,2.915,1.7113533571428574
5654,2.554,2.3853714128571415
2578,0.981,1.0313456150793647
19332,2.519,2.5390149396825397
3376,1.621,2.1261077895238083
15118,1.294,1.6082398690476185
9620,0.894,0.7035942867965369
7191,1.505,1.3816791666666668
19932,1.338,1.8740485023809523
13706,0.804,0.7959260238095237
6220,2.111,2.2104764142857145
14641,2.556,1.9006185119047623
12101,2.145,2.380746964285714
11512,5.00001,4.13497684833333
4743,2.021,2.3524876142857134
19402,0.815,1.0018712619047618
2608,0.988,0.9829219880952378
11449,2.819,3.0747556600000006
7654,1.846,1.8464770833333335
19060,2.547,1.3722821666666667
1350,1.431,1.5057508174603182
4591,1.625,1.7782975523809514
7168,1.426,1.6251530238095224
3354,0.859,1.2026981785714286
738,1.869,2.0896546333333332
2351,0.713,0.8773599166666669
15137,1.744,1.9038897619047617
8530,2.25,1.8039581666666666
19150,1.465,2.1787395238095235
17041,4.05,4.103890909523809
10495,1.896,2.453183875
7806,1.644,1.7742735595238093
8915,3.375,3.0873682854761904
19890,0.725,0.8872399047619046
10216,1.438,1.739763880952381
4391,1.6,1.9091959880952374
4600,1.181,1.7932340119047614
5751,3.74,3.9596663273809525
15479,2.027,2.2858177658730154
3328,0.966,0.8523929000000001
12809,0.658,0.7900213214285715
20268,1.674,2.084915978571429
3958,1.798,2.343059750934066
18873,0.967,1.1943505119047624
17928,2.661,2.6693435238095238
14307,0.911,0.9812272619047614
2028,0.498,0.500643119047619
13069,0.907,1.023070476190476
6052,1.158,1.3114484285714283
15975,2.786,3.792406751904762
14331,2.5,1.6777497780952382
1606,0.85,1.5393850705627699
10915,1.77,1.7068173452380953
13336,0.997,1.509841271428571
10389,3.576,4.311196102182538
14462,4.75,3.581748659047619
14930,2.736,2.6644002104761904
6962,1.824,2.038260345238095
10236,1.578,1.5577176269841266
4279,1.938,2.3206992768253976
4738,3.336,2.7760286095238103
17973,2.646,2.6757900952380957
19559,0.584,0.8306192380952381
538,1.734,1.5112628769841272
4186,2.148,2.459504785714285
2826,2.0,2.43338949813492
17840,4.228,3.8426969133333335
12570,0.936,1.524522400793651
4767,1.222,1.9482003333333335
7763,1.676,1.711609535714286
4043,3.036,2.905734165238095
11311,2.693,2.5177924297619048
6068,2.644,2.3887187547619044
19252,1.91,1.6884015000000006
8337,1.538,1.9356579841269832
16025,2.755,3.1986563492857134
4309,2.088,1.9213045595238096
15060,1.423,1.3365225714285716
2420,0.635,0.873973333333333
13656,0.958,1.0835788928571433
5665,2.317,2.2542764801587305
3778,2.215,2.716662674458874
2301,0.895,2.016611126190476
5990,2.26,3.3788225249999986
6590,5.00001,4.973909801666657
16104,2.702,2.726209984126984
9622,0.596,0.7573415000000004
19122,1.933,2.111022166666666
13932,1.336,1.1802669285714287
290,1.619,2.280443738095239
17202,3.575,2.894305978333332
9970,2.765,2.3466625634920635
20372,4.107,2.8556471802380945
18346,3.75,2.735721685952381
14970,1.352,1.2722407142857146
4447,1.672,1.3791368253968255
4744,2.52,2.4537558848809518
3529,3.084,4.270780959047618
7316,1.721,1.6213454523809523
16885,5.00001,4.526294177142853
15890,1.938,2.1657440595238087
10033,1.052,1.1178174523809523
13597,0.908,1.5104510578571435
4667,1.688,1.964792313095237
16330,1.621,1.3705340119047624
6541,1.612,1.5616837619047612
7228,1.375,1.4427583253968257
9845,2.893,2.9157922392857136
10385,2.787,2.7658130198412705
10885,1.617,2.2238625238095224
11096,2.31,2.4429734206349196
9571,0.875,0.8731328571428576
5222,0.957,1.0302512142857139
15607,2.406,2.3493014047619054
6814,2.141,2.0762187380952373
3485,4.286,4.039039931666667
9877,1.25,1.4678968015873017
18786,0.764,0.9060777857142861
17198,2.638,2.5586434214285716
20125,1.204,2.1092943761904768
19818,1.091,0.8898825238095237
3912,1.706,2.22806074047619
17825,2.574,2.562064607792207
17639,3.2,3.2194596579365093
14015,2.896,2.919103686428572
15397,3.073,2.702855072619048
10428,3.255,2.9290944559523804
19766,0.584,0.5999186666666667
13925,0.485,0.6265512785714287
9942,2.167,1.1171714761904763
13933,0.979,1.023421071428571
1097,1.586,1.6668259507936503
2115,0.69,0.7203523030303028
1493,3.223,3.327373501904762
18466,4.677,3.4342664802380978
15030,1.63,1.7154621428571426
17923,2.871,2.7425274761904763
2334,0.546,0.5634984166666667
5216,0.904,1.145958093073593
6241,1.555,1.5724986904761906
4629,1.75,2.5516197257142856
18177,4.112,4.280575809047619
5059,3.321,2.9084641503174593
7547,1.412,1.5410341309523812
563,2.471,2.5644831793650793
6421,1.53,1.493853380952381
4496,1.55,1.7860480317460317
13015,3.908,1.614490607142858
19959,0.9,0.9109391547619046
3921,1.967,2.0111011309523814
12414,0.682,0.8976565714285711
4046,5.00001,5.000009999999989
5236,0.921,1.1748729361471861
16757,2.979,2.8932240909523803
10761,5.00001,4.621761537261902
19071,3.323,2.9883068015873007
18914,1.711,2.082078285714286
3482,1.521,1.7112358809523815
16038,2.32,2.2447007142857145
19485,1.271,1.5165552952380952
9658,0.875,1.2477448821428574
7107,2.034,1.8685162023809516
18656,2.286,1.980569543650794
7278,1.167,1.1053899999999999
17798,4.167,4.98508541999999
8538,2.276,1.8834723047619053
15293,2.679,2.9840271809523813
18884,0.972,1.2612583888888889
6641,1.375,1.4793971428571424
4388,1.988,1.9963561547619044
19854,0.686,0.583937023809524
18247,3.525,2.7511124761904755
4914,1.038,1.093144134920635
1901,1.078,1.178071222222222
13017,1.317,1.7049029126984123
15907,2.713,3.149391339047617
13570,0.973,2.225490120238096
9466,0.95,1.0176299285714288
19151,0.675,1.528031436507936
5826,3.261,3.217308884920634
13915,0.656,0.8888370238095236
10559,2.256,2.0217192142857145
14366,2.638,3.0534778845238093
5477,3.483,2.9169781428571433
8981,3.25,2.4489569642857147
4954,1.088,1.181044880952381
15757,4.0,3.745105422619048
11735,1.384,1.3241060000000002
3210,0.61,0.7839969603174604
16950,4.531,4.350566045952378
8632,5.00001,4.985210746666656
5207,1.202,1.2773816785714285
8591,3.292,2.925197534761905
8198,1.963,2.131865041666667
11903,1.5,1.1059170833333334
6512,1.52,1.7545406547619051
474,1.699,1.6079387896825392
10199,1.375,1.7152840833333334
7723,2.83,2.6362521809523813
14816,4.045,2.3997288
14733,1.935,2.384314794444445
14657,2.051,3.675136040515873
12988,1.456,1.5443651287878788
20565,2.25,1.023961888888889
19296,2.159,2.1133075595238093
4475,1.585,1.6038834682539687
1290,1.247,1.3517095436507938
12425,0.654,0.7763613809523809
20450,2.802,2.1675186999999996
7149,1.805,1.7173819166666668
13449,1.054,1.209186702380952
5226,1.0,1.037000523809524
15021,1.663,1.4657464166666667
17353,1.58,1.8814339047619049
18169,2.438,2.737987418571428
408,3.629,3.9012774238095234
7655,2.019,1.8516413730158734
9665,0.526,0.9204600777777776
5357,5.00001,3.7564580869047615
7387,1.12,1.258682777056277
13175,2.25,2.007735391666666
15242,4.399,3.8622919910317446
13651,0.883,1.3084068769841264
17108,5.00001,5.000009999999989
385,2.768,1.9128335333333328
6887,1.792,1.6051460753968256
7101,1.997,1.8550716825396838
15002,1.32,1.225137142857143
11532,0.613,0.8749457142857143
18872,1.719,2.1104687698412707
1034,1.238,1.3022332380952384
11986,1.353,1.2790179761904756
13530,1.371,2.362939785714287
4463,1.293,1.5590124404761911
20347,2.279,2.474433041269842
13112,0.944,1.096520130952381
18886,1.035,1.3775260833333332
14808,3.208,3.9357849269047605
20349,1.25,4.025603586904759
971,3.324,3.1934615595238096
13338,1.591,1.5440577619047624
17881,2.369,2.391810571428572
11517,4.616,4.657059182857139
6243,1.569,1.6036226428571423
3015,1.482,1.02214244047619
14664,1.665,1.6105766031746032
5802,1.969,2.48321043082251
4417,1.678,1.778304702380952
16341,1.267,0.8964088333333335
8291,5.00001,4.195198547604616
1166,0.579,0.5632530952380951
17884,2.38,2.2114413571428573
15055,1.42,1.817069178571429
9070,0.869,1.177590945606061
1201,0.56,0.7093210000000002
8574,5.00001,4.944268439999989
14847,1.124,1.213413523809524
16251,0.636,1.1134643571428573
17042,4.313,4.65553342190476
4577,2.659,2.5530903761904766
2501,0.58,0.5991527380952381
2859,1.941,3.681005299206348
10275,1.428,1.5247651666666662
7247,1.787,1.6960785634920637
3682,1.875,2.4555186907936504
11055,2.25,1.9561599690476197
20168,3.13,2.6613042023809514
8875,5.00001,4.999985979999988
7794,1.536,1.5302038095238095
9264,0.623,0.7570666349206348
12375,1.945,2.023476765584416
11997,1.639,1.71760444047619
9960,3.988,3.7976274817965354
18605,2.041,2.5971899066666673
20171,1.993,2.214646455952381
6649,1.767,2.2179225952380963
10796,5.00001,4.7969376749999935
15608,2.489,2.010303095238095
7346,1.5,1.5342978174603166
13377,2.317,1.9602205714285714
12281,0.58,0.9407799563492059
1911,1.26,1.4772192103174602
6951,1.633,1.6133450000000003
16495,1.134,1.2628759325396823
18680,3.0,2.4263918769841273
17011,3.109,3.221493139285714
11370,2.188,1.9840086984126992
2140,0.704,0.6967676428571427
1692,2.377,2.899310011111112
14966,1.188,1.2481608095238095
2754,0.731,0.7328082658730157
19553,0.75,1.066291223809524
3481,4.507,4.210171274999997
1457,2.402,2.394787936507937
2698,0.658,0.6828899682539685
13888,0.647,0.7453952985714288
7983,1.751,2.1761035357142857
3964,2.237,2.3167903333333344
20586,0.963,1.0401550555555554
16872,4.051,3.9453016595238113
16956,3.768,3.4010088365873012
14459,5.00001,4.956292831666656
803,3.5,2.476267238095238
20355,1.625,2.0682344501587298
10217,1.773,1.8944330000000007
5116,0.984,1.0520312619047616
9992,1.388,1.200151071428571
8395,1.75,2.318908687777777
18534,2.609,1.9841567182539674
2797,1.047,0.8341442142857142
11218,1.595,2.046368389206349
8610,2.959,2.901548556753247
14649,1.375,3.3194956842063488
9854,5.00001,4.310388658333331
10476,2.27,2.268588845238096
5711,2.639,2.2789759015151523
13206,1.604,1.6417959853174602
5107,1.42,1.4955877580952384
7030,1.625,1.6958571269841267
8460,2.304,1.7723706269841284
17148,5.00001,4.533292808571428
17965,2.177,2.780266871428571
9002,1.83,2.285701285714286
17841,2.458,1.9248560079365076
19167,1.292,1.3195514166666669
9243,0.604,0.7296098820346321
2559,0.675,0.9411824484126987
18674,2.952,2.9358754988095233
11678,1.926,1.9782460714285712
6933,1.506,1.506464773809524
9042,1.257,1.4692735952380955
19688,0.634,0.8508813928571425
12868,1.513,1.7890449285714285
3984,2.456,3.170868791666667
11037,5.00001,4.8505879957142835
5601,1.655,1.7659580952380944
13445,1.135,1.1996087857142856
16169,3.222,3.325595659523811
8843,3.625,4.218708571666666
19855,0.696,0.8017079880952381
7434,1.561,1.6133613809523817
14763,0.875,1.2509385674603175
11617,1.931,2.01460980952381
11217,2.18,2.149256821428571
7497,1.018,0.942700940476191
4985,1.291,1.1533203452380951
16424,1.563,1.3026815880952378
14513,1.832,1.7222244682539682
7439,1.481,1.6245434880952379
4678,5.00001,4.97606185999999
10806,2.221,3.494368898333333
4148,1.676,1.831478388888889
5815,1.845,2.163507524891775
15806,3.7,4.023325785238095
16040,2.394,2.4697961785714284
7014,1.667,1.6780248492063488
6866,2.333,1.9116499523809531
18536,2.4,2.5115877960317445
1870,0.913,0.9605568571428571
3572,4.835,4.783822927380948
7256,1.505,1.6425173611111117
19572,0.995,1.3748743285714295
3739,2.402,2.2892218214285704
351,0.955,1.1369705357142859
10743,5.00001,4.97831803999999
6472,2.516,2.1379847619047614
15062,1.208,1.0694062380952378
12973,1.357,1.0930103452380953
3941,2.254,2.130273166666667
4115,5.00001,4.4134266028571405
3366,0.851,1.15221004978355
9022,5.00001,3.622821828571428
7438,1.648,1.5788905952380958
13003,1.116,1.485438623809523
12896,1.61,1.5449390000000003
1642,2.137,1.9976676111111118
20089,1.165,1.2301029523809526
18505,3.5,3.673093066269837
8344,1.599,2.1977755714285716
4219,4.383,2.918634242857144
1713,1.711,1.702349095238095
8785,2.711,2.90690523968254
17306,5.00001,2.2899191338095237
19558,0.68,0.9598798650793648
3820,1.917,2.1279217619047617
11581,2.559,2.660633964285714
4484,1.125,1.3131086190476189
14734,1.822,1.7832143095238093
119,3.476,3.150318060714286
18018,3.32,2.8950254841269842
16497,1.109,1.2896078492063499
3711,2.119,2.3370514285714283
3901,2.625,2.4529826904761904
20149,2.379,2.3877028095238084
7495,0.9,1.5040805714285717
8673,4.272,3.706603005079365
14548,3.705,3.6560679250793675
1077,1.163,1.0955111190476194
11688,1.708,1.7256130793650797
3474,2.855,3.138536652380952
11915,1.115,1.623519380952381
2189,0.832,1.268617119047619
936,2.482,2.3596404999999994
17038,3.955,3.2530241880952384
5900,2.183,2.001567702380952
18294,5.00001,4.787713384444439
1182,0.889,0.963030023809524
606,1.81,1.8030223809523807
17466,2.809,3.6035970286904755
4720,3.453,3.0357380864285703
6285,1.81,2.1205666452380956
7071,1.922,2.0098480238095235
20635,0.781,0.6662829682539682
19516,0.75,1.2732432416666664
1599,4.333,4.181088392261905
6149,1.601,1.620144333333333
12164,1.092,1.3253504761904762
12827,0.962,1.2614250436507932
11799,1.914,1.5625986428571426
11716,3.6,2.124088668650793
19275,1.856,2.2403098849206344
12273,1.188,1.155722380952381
208,1.227,1.106296916666667
13375,2.063,1.8241172857142864
13416,1.956,1.4274482150793648
14274,0.756,0.941043142857143
19745,1.043,1.1540552619047615
4104,3.859,4.434020723809517
14146,1.139,1.4003604047619058
1788,0.794,1.3480141770562772
2174,0.813,0.7421021547619047
8393,1.292,1.8647696666666658
3335,0.735,0.7645927101587301
1427,1.759,1.6480025295815295
3503,1.424,1.6056256071428567
4741,2.341,2.175408361904762
17013,2.867,2.8908182071428565
13143,0.925,1.2174418333333334
15144,1.701,1.7151923214285705
9875,1.618,1.617756011904763
8139,2.253,2.723275305952382
8410,1.706,1.4959201746031743
5379,3.194,3.332580820238096
3045,0.958,0.8787352142857142
12299,0.734,0.8989408888888888
11863,0.936,1.2751853333333332
2235,0.517,0.5360516666666664
5468,3.587,3.637278401587301
2267,0.647,0.6756288952380952
15227,3.442,2.9409468067099573
9300,3.14,3.1545473430158726
5394,1.857,2.0061904190476185
1504,2.793,2.535833619047619
503,1.194,2.033029670952381
17997,2.804,2.9471330634920627
1272,1.871,2.1952516221428575
2602,0.838,0.8264694047619046
6779,3.093,2.3967295809523814
18926,2.292,2.8459751857142863
18514,2.45,2.2924535833333333
8137,2.276,2.7000719999999996
5348,5.00001,4.496504118452376
16614,3.208,2.765633127142857
13005,1.473,1.5517958214285719
14945,1.623,1.7938249761904754
10475,2.659,2.7205679603174606
8639,5.00001,4.688768836904756
14515,1.891,2.10015719047619
15044,3.164,3.8053552377380937
3668,1.819,1.8167252023809528
14020,2.615,3.1677420245238084
13506,0.69,0.670403357142857
15898,1.813,2.53168780952381
8599,2.93,3.033423983333333
13526,1.111,1.300119714285714
7948,2.183,2.703331720238095
4518,1.472,1.467146932900433
20311,2.438,1.6548611746031738
5963,2.23,2.1934846904761907
6128,1.375,1.531828571428571
18754,0.606,0.6592153214285714
3125,2.75,1.4986652247619046
17248,3.5,2.285484055714285
3698,1.712,1.4438545476190472
323,0.835,0.9516422380952381
5683,2.25,2.856951790079366
17573,1.656,1.8017213369047616
3489,1.52,1.6525239999999999
15893,1.92,2.0986673202380954
14736,2.542,2.8362139609523815
9039,1.5,1.1370578015873014
11615,2.125,2.4222462190476186
18752,0.804,0.637717369047619
828,2.065,2.5619875515873014
17180,3.311,3.375438454761905
3922,2.014,2.5511610119047616
13105,1.884,1.8724346190476189
10630,1.954,1.906732892857143
18051,4.425,4.517280883095238
17452,1.527,1.9536548214285716
4074,5.00001,5.000009999999989
8149,2.398,2.5964600714285706
19648,1.594,1.1647224642857144
12399,0.918,1.157910119047618
15930,2.409,2.4765196190476186
5998,1.364,1.4489568928571432
14835,1.036,0.9996529166666669
16459,1.325,1.4248477777777777
16975,2.929,2.7235448166666676
2766,0.628,1.3614446190476195
1807,1.121,1.233149428571429
2848,0.891,0.8725837896825395
12255,1.207,1.23435357936508
15731,4.714,3.640514788690475
6717,3.147,3.4233069021428584
7733,2.264,2.5527955634920634
14814,4.097,2.836393030952381
7048,1.49,1.3980682380952376
2041,1.717,4.021321841190474
1393,2.355,3.520643426190476
10508,3.228,2.8476924119047617
18120,2.445,2.6165814404761893
12194,1.622,1.6269826428571428
1530,3.409,3.6207503721428567
2893,0.574,0.5216849007936508
3703,1.989,2.1061398690476194
34,1.097,1.7375347261904759
4966,1.375,1.2209981904761908
3113,0.857,1.4024422158730159
20633,0.983,0.8668952817460314
10107,1.782,1.7498657857142847
18506,1.375,2.3538659247619043
15911,2.75,2.6938905119047627
10158,3.815,3.0180073285714273
8585,5.00001,4.97605083499999
14467,5.00001,4.826426131428567
11715,1.792,1.434740538095238
16638,2.045,2.2062570793650798
5687,3.941,4.097488876190476
11552,1.844,1.8321728809523814
720,1.74,1.6133513398268398
9536,0.807,0.9364078849206346
1398,1.896,1.8630092499999995
2467,0.6,0.8206177301587302
7580,1.266,1.1094529920634921
11464,2.625,2.2759354285714286
218,1.392,1.3828018650793645
2020,0.513,0.5516739047619048
20493,2.292,2.3738928571428564
2305,1.011,1.545060166666667
9071,0.977,0.9877752500000001
4445,1.583,1.4384899365079369
1535,3.491,3.91959277857143
2300,0.855,1.1369523333333336
7949,2.141,2.4835805119047625
8164,2.271,2.3179558285714283
15134,1.557,1.3600893571428576
2638,0.668,0.7946575992063493
6231,2.073,2.288432428571428
16560,2.228,1.9503756031746038
15766,3.545,3.578510156904762
8908,3.405,3.3610030723809534
20009,0.529,0.6516558452380953
438,1.406,1.8489056214285708
6271,1.508,1.8574462051948055
9664,0.561,0.7844954047619048
960,2.596,2.884623629761904
8731,3.189,3.034337736666667
8342,1.484,2.504799988095238
6320,2.899,2.294912317460317
10156,1.618,2.3108501888888884
8552,2.55,2.2502104523809527
16381,0.875,1.5351211690476196
10115,2.45,2.91209110952381
8977,3.05,3.201092447619047
6723,2.15,2.8132697580952373
14012,2.49,2.811952450119047
8852,5.00001,4.998995939999989
5503,3.2,2.523812257142857
7046,1.74,1.777194892857143
17583,2.925,2.5224364523809517
14483,5.00001,4.657258207380948
520,2.899,3.124012538095238
18312,4.384,3.567842719408369
4398,1.82,1.9182131190476184
5050,1.705,1.865877818181818
2265,0.692,0.7272093214285715
14854,0.956,1.2452365714285718
10657,2.728,3.398516098333332
19057,0.813,1.777431855238095
16113,2.724,2.864304428571428
16709,1.526,1.5206041349206358
16274,0.559,0.7026748690476193
10315,2.135,2.15956007936508
12811,3.313,1.665352154761905
11243,2.018,2.0055535238095237
2084,0.571,0.694202523809524
5888,3.318,3.9172648588095225
6405,3.659,2.3430788654761905
16557,1.275,1.1050533095238093
2388,1.118,0.9231889444444444
16817,3.537,2.5507302500000013
20207,2.293,2.406985317460318
5225,0.875,0.9182821666666665
8510,2.375,2.516820670793649
18729,1.133,0.9564471904761905
13460,1.125,1.102414166666666
9049,1.385,1.0467647380952385
14441,3.074,3.619923917857142
7582,1.009,1.12273475
20554,0.978,0.9032583333333334
3386,1.767,2.1342919642857137
9862,2.18,2.126470304761905
18230,2.906,2.3873405952380953
7781,1.577,1.8209351825396822
10388,3.48,3.3921273095238096
16291,0.672,0.8510408333333335
6687,2.604,2.2282436309523814
1052,1.236,1.385835904761904
3208,0.675,0.6660150833333334
13027,1.307,1.5158803015873008
18774,0.66,0.8676550833333334
1433,1.666,1.8150193214285704
15458,2.256,2.0621924444444444
5735,2.571,2.0921343333333335
10727,5.00001,4.805005383333329
7571,1.139,1.2233357380952379
12047,0.91,1.281687119047619
12944,2.174,1.9937002142857145
13775,0.96,1.0337841428571424
1027,1.292,1.1739922500000002
11414,3.502,3.4412929209523817
10726,4.421,4.958443004047612
15603,2.229,1.617711476190476
19551,0.813,0.823788202380953
10927,1.606,1.6245565
9016,5.00001,3.2921290711111113
3488,3.412,3.4130448940476192
20364,2.879,2.893347671428572
18163,3.447,4.489830139841267
11237,1.8,1.8853545404761909
10406,1.678,2.2125794742063487
12378,0.55,0.8714727714285712
2885,0.508,0.5239596904761905
11355,1.426,1.8666517142857142
17691,2.358,2.063533031666666
18865,1.127,1.3685219404761906
8116,2.102,2.007602011904763
9760,2.107,1.089136761904762
12604,0.654,0.6397408333333332
8246,1.625,1.7407121031746025
6357,1.503,1.6554629047619045
5350,5.00001,4.586323301190471
313,1.014,1.2346906666666668
4024,2.218,2.6954769559523806
18485,2.603,2.308976786031746
11058,1.788,1.9271651666666663
3699,1.704,1.6677956190476193
3473,3.194,3.681869776666667
9771,1.906,2.0187213571428573
15336,1.841,1.9162879285714285
3910,1.911,2.0423908452380957
5106,1.496,2.0425290238095233
17152,5.00001,4.346336882976186
7040,1.834,1.9120317023809514
15543,4.441,3.637372202142855
16856,2.427,2.5655185952380957
11967,0.762,0.9597317023809524
1730,1.329,1.501841476190477
5727,4.098,3.0776304444444444
13047,1.125,0.905720523809524
18318,3.766,3.0672779507936507
16256,0.505,0.9487115119047617
4069,5.00001,3.8568664611904775
812,2.095,1.906332750000001
18808,0.778,0.8632495303030302
20212,2.997,3.031499857142858
9192,3.75,2.406037920238095
14744,1.565,1.1750077857142858
17617,2.4,2.718697383809523
19770,0.772,0.8315995476190475
20014,0.985,0.8185749166666672
15621,5.00001,3.6537120277380954
16579,1.104,1.6188223373015875
2485,0.864,1.6071043095238098
4293,2.304,2.453820650793651
6355,1.639,2.055408436507936
18288,5.00001,4.482179474047614
3353,0.495,0.7638091904761906
9125,1.074,1.2716561190476185
9790,3.625,1.7460040753968256
7159,1.45,1.439164079365079
17898,2.185,2.5984873555555548
6427,1.301,1.4473920238095233
7911,1.46,1.5696867142857136
20556,1.525,1.0772234404761907
16957,4.572,4.6749975849999945
1297,1.652,1.69004242063492
5426,3.947,3.3975768023015864
14784,1.444,1.382645166666667
12705,1.366,1.1199603809523813
19030,2.164,2.3768083890476195
16510,1.39,1.3446364761904765
19676,1.038,1.0549337222222224
8765,4.885,3.9927267842857135
15501,2.271,2.5387340802669542
10381,2.38,2.2992107223809515
3393,2.156,3.061010453968253
127,2.923,3.504445833730159
14864,1.459,1.4605155293650802
12204,1.873,2.0421288095238093
11827,1.854,1.7063504841269843
5742,2.8,2.169738276190476
7471,1.411,1.4469002976190481
718,1.909,2.5024271428571425
13473,2.625,1.5925307011904761
9415,4.42,3.8485663334523794
20403,2.748,2.9657331190476195
13539,0.855,0.8666830595238093
856,2.318,2.6284068928571425
20494,3.02,2.9729530419191934
3950,2.358,3.0730688974603164
2516,0.722,0.9567142539682543
17753,1.824,1.7086912936507943
15618,5.00001,4.827781798968246
1087,0.787,0.7562620714285717
3843,1.813,2.2264232607142858
5934,1.98,2.213302809523809
8425,1.996,2.2170604603174597
9226,0.633,0.9104673095238095
2393,0.94,1.2433565714285713
20290,1.868,1.7704436269841273
14181,1.17,1.259421150793651
1328,1.178,1.171974904761905
13771,1.21,1.448523988095238
5391,2.309,1.9351996666666667
15809,4.273,4.001704860714285
12310,1.281,1.5932605476190478
10678,3.847,2.594091871309524
16739,2.904,2.7460999365079357
14095,0.913,1.271451718864469
9224,0.619,0.8177277638888891
20334,2.322,2.474155916666667
12872,1.296,1.2680640833333332
13443,1.275,1.09162136904762
10890,1.505,1.6442040873015873
14615,1.875,1.182164523809524
11497,4.379,4.627223414404756
9060,1.265,2.472878390714286
9398,4.534,4.649660791666664
980,2.294,2.22105034047619
17032,3.649,3.613732211111112
19173,1.919,2.0084701666666662
5217,0.875,1.3727024166666668
3018,0.3,0.8779297987012984
10786,3.357,2.691674259761905
19076,2.421,2.337085595238094
3635,1.737,2.0545270634920634
19897,0.541,0.5328231428571429
16627,2.078,2.0401162380952376
2712,1.125,0.7198250714285713
6187,1.667,1.7749729761904762
16979,2.718,2.5065257857142837
14751,1.411,1.5421549404761905
6920,3.75,1.9111261761904756
3669,1.616,1.7118266984126993
11686,1.594,2.1982640476190474
16558,0.863,1.1236926428571428
18510,2.563,2.4137264785714283
3887,2.132,2.2551263571428577
11119,2.541,2.215044515873016
12113,1.326,1.4668467857142864
15330,1.693,1.7140647309523802
15840,3.477,3.666706558492063
6143,1.597,1.5734317261904767
9250,0.909,1.7220095664285717
8066,2.905,2.639595623809524
6077,1.899,2.478717837619047
4106,4.956,4.839349809880945
133,3.333,3.683964550714285
1006,1.838,1.876835202380953
6164,1.89,1.8748754841269837
12495,1.575,1.3612655714285717
3184,0.666,0.6323407142857138
13938,1.324,1.6361961333333326
4202,1.56,1.6339019523809528
5337,3.481,2.829129132207793
9839,2.264,2.637763938095239
2796,0.742,1.0927113071428571
10545,1.583,1.7716713666666672
18269,5.00001,4.998479949999989
7870,1.655,1.8949120238095236
17981,3.295,2.6270064619047617
14090,1.396,1.7476246880952373
14914,1.529,1.431045416666667
8309,3.673,2.8817222964285714
2533,0.7,0.7749168809523808
5203,0.974,1.1447874642857143
19691,0.659,0.9711356071428571
2937,0.493,0.5168915476190477
6293,1.541,1.658305904761905
8453,2.728,2.102089579365079
5853,2.471,2.8526501404761904
451,2.688,2.168400554761905
6896,2.476,2.047960550000001
8810,4.168,3.4542542267460306
12928,1.216,1.192375761904762
7365,1.717,1.591904071428571
20414,1.738,2.303492378333333
11545,2.356,2.590051857142858
6682,2.601,2.781163857142858
4375,2.0,2.0168426071428573
7724,2.966,2.5058723095238093
18498,3.746,2.422110865079365
1815,1.778,2.3376380228571434
5948,2.695,2.775647753333333
2483,0.62,0.8303485476190479
3375,1.976,2.0991024523809525
16252,0.527,0.6581740119047619
11266,1.914,1.896498650793651
16080,3.177,3.153592761904763
7639,3.294,2.7023846936507936
5547,3.307,3.845915338492063
3455,1.874,2.1539573333333335
6385,2.865,2.1833420436507947
12389,5.00001,2.05187356547619
1288,1.339,1.838315130952381
3886,1.998,2.1092604523809526
2781,0.45,0.7372895238095238
18115,3.546,3.1565207753968245
5511,2.638,2.6284565714285715
6433,2.784,2.4684881733333337
8108,1.604,1.5224536984126984
10101,2.413,2.559782214285714
1981,2.083,1.9539447619047623
17643,2.636,2.596914380952382
15135,1.45,1.6651783095238093
19317,1.325,1.5583361071428568
4160,1.838,1.9574108702380948
2177,0.811,0.8073981428571426
3634,1.765,1.8848466190476187
5770,2.555,2.1976602690476192
7883,1.661,2.1648474999999996
12964,1.02,1.4577375476190477
13541,0.861,1.227113
18735,1.006,0.9186575119047619
15754,5.0,3.879194676825396
8087,2.099,2.5902893509523808
16180,0.525,0.7870375238095235
5836,2.629,2.3013047976190473
2238,1.588,1.5071769761904763
5954,2.095,2.1150776083333334
4269,3.5,2.062367325396825
3508,2.171,2.3996535079365073
9577,1.414,1.3257132586580085
12398,0.934,1.0317418809523806
484,1.982,1.7664449285714283
10957,1.872,1.731697105396825
15888,1.853,1.9453392597402595
6399,5.00001,4.65605226166666
20140,2.813,2.019969796031746
7524,1.036,1.1086163928571433
9276,2.879,2.701539476190476
5764,2.083,2.124791164285714
1719,1.75,3.311912097619047
19323,1.327,1.161898785714286
6210,1.72,1.7391727500000007
11038,5.00001,4.905327333095232
2751,0.64,0.7777844285714285
447,2.279,2.1291466904761904
19986,0.631,0.7006350952380953
14261,0.841,1.0750698095238092
9961,3.392,3.0560989258730173
9229,1.563,1.0251238531746032
14374,3.836,3.5651844366666654
12072,1.371,1.4794013968253958
3222,0.568,0.774396777777778
16246,0.7,0.9833979999999998
16426,0.963,0.8683833690476193
16196,0.926,1.4759059285714295
11610,3.591,3.341353904761905
7775,1.587,1.8648446904761904
8654,5.00001,4.519518187499999
9786,1.146,1.8504805000000002
10311,4.102,3.714245266666666
17972,2.819,2.2991127063492063
18700,1.017,1.2707828809523807
180,1.693,1.9244434309523806
8279,2.078,2.193030759523809
9390,3.272,3.439740572460318
8778,2.779,2.6746976309523807
13974,1.114,1.0134196666666664
251,0.806,0.9604527619047613
10548,2.075,2.760990180000001
1512,2.753,2.4424075238095244
17516,4.21,3.2908590395238098
19748,1.288,1.772787380952381
9831,3.139,3.2020793880952385
2864,0.676,0.7903932896825401
9543,0.644,0.7073162023809527
8407,1.539,1.6020332976190474
12885,1.307,1.2705826428571425
3752,2.385,3.141583087857144
17134,3.796,4.22120665333333
10984,1.465,2.1540351780952376
8058,1.503,1.8452000238095245
10690,0.803,1.191152128888889
13035,2.933,1.3498932857142856
1527,2.88,3.183051496825397
1337,1.441,1.5043289285714292
13302,1.27,1.452935619047619
688,1.521,1.9967417857142866
10007,1.568,1.4596225000000005
12269,1.049,1.4067610261904764
5250,5.00001,5.000009999999989
14777,1.344,1.4775798253968255
17158,5.00001,4.96637021999999
10581,2.728,2.8987709190476196
13829,1.516,1.0925252023809526
8739,3.626,3.034147689047619
7621,1.692,2.331663690476192
14612,1.404,1.7134954166666663
20058,0.437,0.4917306666666665
19026,1.36,1.903003095238095
20463,2.644,2.3762449444444442
15014,1.522,1.851739194444445
4285,1.375,2.244214107539683
6868,2.147,1.8493340238095237
20453,1.709,2.2462448134920625
18421,2.362,2.263241095238094
16108,2.978,2.563491396825398
9234,0.885,1.1078250000000003
14796,1.276,1.1997654761904766
12850,0.802,0.9121403055555558
15841,3.06,3.306287847777777
4230,4.364,2.5502618309523815
10590,2.389,2.1409091428571427
10289,2.317,2.9624936238095243
7175,1.229,1.3466574642857145
8156,2.182,2.326963883333333
409,3.97,4.963828034999989
19300,2.603,1.7124144025974024
9358,4.357,3.8442105192063507
8379,1.64,1.6623646666666667
18620,4.405,3.2339752119047613
2519,0.854,0.8983213333333334
13827,1.019,1.0158439285714287
9143,1.594,2.7682539985714296
10129,1.903,2.8412618555555555
2457,1.0,0.8325382088744591
7223,1.396,1.5044243928571432
4045,5.00001,5.000009999999989
18609,1.545,2.686948113095238
4189,1.705,1.7704640476190465
12055,1.106,0.9724535476190478
9861,1.912,2.758646519999999
6206,2.872,3.582726844999999
14975,1.501,1.3781605238095236
10279,2.383,2.3613881452380956
4199,1.542,1.600845961904762
17577,2.805,2.371774119047619
7809,1.619,1.712699019841269
19239,2.656,2.9500780476190482
14766,1.227,1.3332304126984125
866,2.312,2.3237965595238093
16071,3.191,2.6982802678571414
11290,2.313,2.2899333333333325
17854,5.00001,4.755981776904755
12514,1.212,1.2996705238095234
3525,2.225,2.3177204999999996
993,4.5,2.871977433333335
5117,1.021,0.9936356984126984
6162,2.012,1.9568402539682543
12701,1.042,1.2290613412698412
4345,5.00001,5.000009999999989
17376,1.32,1.432850761904762
4194,2.211,2.0872167023809522
9098,1.516,1.417480928571429
9887,1.469,1.7242644761904753
14518,1.512,1.6693631645021645
3615,1.651,1.6551840952380945
8010,2.136,2.9623236269047624
4400,2.135,2.386126539285714
4034,5.00001,4.242357581428571
1632,4.38,3.7658569861111117
17788,1.838,1.7999685833333334
15637,3.5,4.0550290874747486
9674,1.593,1.2897102000000007
14980,1.291,1.333463488095238
2450,0.766,0.6079260277777779
14352,2.25,1.9853295396825394
3826,2.308,2.0643936309523805
11040,4.318,4.2017740297619035
8350,1.91,3.1859203047619054
326,0.847,0.9888119285714283
8242,1.525,1.645714238095239
12795,0.676,0.6167559206349204
7877,1.982,2.147949408730159
5716,3.063,2.175768119047619
9511,1.221,1.2404710238095233
12998,2.761,2.085224095238095
13762,1.03,1.0465523095238094
18104,4.091,2.9299507666666664
4540,1.352,1.4670082777777773
9586,1.216,1.7004688333333333
7752,1.828,1.7547975119047614
17681,2.28,2.314242607142856
16357,1.1,1.1035519285714281
13818,1.112,1.0675748769841267
2981,0.847,0.6891782380952381
18148,4.473,4.423079942142854
13129,0.883,1.0138545
322,0.871,0.7917369563492066
17519,1.875,1.912945654761904
7780,1.469,1.6941785396825395
19484,1.031,1.2266855476190477
1554,3.437,3.7499369326190486
383,0.982,1.17242458968254
8396,2.625,1.7346921626984122
18806,0.774,0.9238777380952382
1768,1.351,1.532829638888889
12221,1.347,1.407991
15247,2.313,1.5156400205128204
6258,1.586,1.6197354523809526
13072,1.016,1.0723628809523809
19015,1.22,1.3843449458874457
10323,3.8,3.723601463939393
9975,1.894,1.676317928571429
17329,4.4,3.174636771666666
3002,0.7,0.809688214285714
2546,0.7,0.6380020753968255
8972,3.335,3.2943308166666685
14110,1.018,1.217733654761904
4605,5.00001,4.999939949999988
4371,3.605,3.3121934911904765
12933,1.695,1.9098692619047628
7139,2.056,1.8071066388888888
6490,1.663,1.9037683809523804
13094,0.325,0.9598248888888888
17741,3.627,2.927436103492065
5610,1.745,1.5327682023809521
6216,1.976,1.8457496547619052
9191,1.83,2.225434154761904
3844,1.583,1.6177722857142853
1355,1.002,1.2093554166666665
2583,0.875,1.000760470238095
8944,4.611,3.808872873373013
14560,1.902,2.577501094047619
12929,2.323,2.0866036428571424
16045,2.216,2.434678666666666
15249,2.269,1.964005629365079
3509,2.242,2.3771386190476194
5076,1.198,1.2499463968253968
12630,0.782,0.888288666666667
7425,1.651,1.4884888214285714
2214,2.139,4.509273241666661
2326,0.697,0.7780339633699633
4977,1.058,1.1713339047619045
16183,0.75,1.1836647499999997
9213,0.917,1.5563643730158734
10157,2.695,2.9414974261904763
2319,0.682,0.6838124999999999
15426,1.658,1.7574257380952387
9172,1.546,2.131133826190476
8626,4.727,4.032118353333333
18103,3.459,3.8342325546825378
10337,2.307,2.3783155476190476
4634,3.0,2.3953689855555553
14961,2.494,1.8660424285714285
15977,4.357,4.1193688918253955
16301,2.258,2.7075780569047625
4546,1.75,1.540726967857143
6631,1.784,1.4184397619047622
18236,2.76,1.9544699166666668
20115,1.159,1.1257310357142858
9194,2.143,2.014588098571428
3350,1.183,1.0733616690476189
4252,5.00001,3.1724541327380975
15341,1.521,1.564559218253968
9876,1.404,1.7158599682539686
15378,2.226,2.2190581666666667
17150,4.445,3.3180365495670996
16891,5.0,3.948172898333332
16466,1.633,1.3704314523809529
14418,1.938,2.479466719999999
2505,0.905,0.913147138888889
31,1.152,1.1404286904761904
14858,1.47,1.354143523809524
11622,2.739,2.5359487738095248
7854,1.909,1.9585953095238102
20510,0.748,0.7106261507936508
15652,5.00001,2.7452992395238094
5043,1.185,1.2386335476190475
10574,5.00001,2.492020415238094
20192,0.55,2.1582603373015883
16296,0.584,0.8009870119047617
12522,0.958,1.388324011904762
4896,0.992,1.174061484126984
20303,1.674,2.008083666666667
13993,0.705,0.7760384285714287
2714,0.675,0.8382148809523808
12571,0.757,0.9258782142857145
6478,1.83,1.7690562103174603
4044,5.00001,5.000009999999989
2641,0.973,0.9623689999999999
16434,2.3,2.866565744523811
14311,0.829,0.9752038095238095
3248,0.522,0.6862430357142858
247,1.148,1.2559817023809523
2346,0.88,0.9897093650793651
14704,2.242,1.8018599999999998
7353,1.5,1.5618019761904764
12371,3.417,3.373409188095239
655,1.817,2.2408803190476196
10991,1.406,1.9502016230158734
19731,0.727,0.8592217069597067
6695,2.109,2.0594209907142855
11733,0.977,1.2870645238095244
10030,1.097,1.164753507936508
8255,1.656,2.259800167171717
11081,2.306,2.577118349523809
6599,1.638,1.8059761111111114
2752,0.958,0.7621000995238093
18771,0.481,0.7894578968253968
2026,0.444,0.5243805
17853,2.379,2.1540478928571436
928,2.848,3.834968488809523
19206,1.648,1.351644488095238
10274,2.0,1.577208750000001
3295,0.778,0.7268071539682539
6087,1.86,1.9085129047619052
7026,1.697,1.6659581904761904
14340,4.188,2.56305815
3142,0.733,1.1078174440476194
14314,0.87,0.9841299166666669
3643,1.682,2.0723393771428564
12008,1.543,1.6231449047619049
17865,2.25,3.4973427496536793
18136,3.33,3.0709095603174608
12735,2.259,2.5756047369047623
12076,1.381,1.5425266428571427
11921,1.127,1.1115285238095236
115,2.316,2.4849242214285714
6769,4.191,2.6728295952380963
3821,2.211,2.0110415476190475
6517,1.554,1.9159596659090912
1968,1.517,1.624578130952381
15964,2.489,2.667024443001444
11823,1.532,1.299961214285714
18979,1.265,1.2805447261904757
12911,2.4,2.9783620476190475
17502,1.861,1.8834254523809528
17199,5.00001,3.6035363194444425
6844,1.816,1.9797469309523807
18192,1.781,2.470557291349207
2408,0.692,0.9093053611111113
12579,0.668,0.7336525270562773
4048,5.00001,4.9546503533333235
18239,1.813,1.8933724047619043
5685,3.964,4.680052626904761
9938,1.875,2.494375321031746
16787,2.979,2.7036270634920636
10746,3.454,3.8955346178571433
9728,2.451,2.409192952380952
13453,1.055,1.0919756428571428
2585,1.011,0.7377348769841268
6650,1.417,2.0950176761904755
18021,4.309,3.7848321271428556
16107,2.863,2.512788145238094
12053,1.13,1.0795939761904765
14372,4.667,3.5609661390476193
11129,1.686,1.74755565079365
17035,3.605,3.3609588880952375
1572,2.564,2.6145139840476204
3011,1.139,1.4975509047619044
5047,3.504,4.214608901428571
5866,2.091,2.2403349523809526
10901,1.315,1.9678272619047616
9955,2.167,2.7639671309523823
12181,1.013,1.0970435000000003
19088,2.028,2.2121807500000004
16577,1.176,1.3921107261904764
16931,2.926,2.5956229698412705
5352,5.00001,4.976716969999989
19466,1.303,1.3482514047619045
2386,0.924,0.7820436904761902
4974,1.125,1.1016571468253968
10902,1.542,1.7286030238095231
12517,1.04,0.8679785595238095
19145,1.216,1.899762059523809
1611,2.063,1.8714816830952372
2043,1.083,1.4853695700000002
20419,3.494,3.545177835952382
1147,0.833,0.8241573285714284
3978,2.458,2.697683620238095
19249,0.915,1.9489158257142853
4049,5.00001,4.997079899999989
8935,5.00001,3.4937077786904767
5971,1.905,1.6173542857142862
16588,1.083,0.9124232619047622
12326,0.896,1.1475430238095239
18078,5.00001,5.000009999999989
16218,0.946,1.440359976190476
4548,0.675,3.4753601157142864
1346,1.775,2.2690202023809527
5702,2.613,2.6026610952380946
12220,5.00001,2.1757654761904757
15481,1.684,1.9051874047619048
18028,2.453,2.6923004928571435
18622,2.4,3.0571780259523806
16491,1.565,1.1431969523809526
15238,5.00001,2.312386379761905
10208,2.356,2.5378617103174608
7808,1.856,1.8925226785714293
4609,3.167,2.190429511904761
11843,1.188,0.9405782380952382
9966,2.485,2.6550036063492057
11289,2.365,2.604252161904762
12557,0.946,0.8703881666666662
6925,1.768,1.6058306349206353
14503,1.486,1.865341273809524
9859,1.953,1.8278050753968245
7649,2.159,2.0792179999999996
4547,1.266,1.3815133095238097
4343,1.739,2.110350222222223
15289,1.83,1.876524611190476
2141,0.743,1.280873333333333
11103,2.247,2.0058921626984128
2458,1.016,0.9212210898268399
17020,3.91,3.1429873773015875
7717,2.65,2.1987426190476187
18380,5.00001,4.876001886666658
17731,1.865,2.4405420952380945
13909,0.78,0.8970108214285716
2684,0.808,0.9101369166666664
3396,1.896,2.421881818650794
3511,1.992,2.9580915828571417
16631,1.896,1.842381285714286
265,1.6,1.5312261797619047
10612,3.753,3.5562133936507934
1475,1.667,1.341552873015873
3965,2.156,2.3102202857142857
18687,2.286,2.242677214285714
16718,1.713,1.8505727357142865
16006,4.31,3.946730825952381
7901,2.751,2.5093569761904764
17469,2.768,2.6168494626984127
3230,0.463,0.5579230952380954
9040,1.44,1.466093004761905
2518,0.943,0.7262992521645024
6275,1.576,1.5179387142857141
11063,1.945,2.3490975476190474
5746,3.511,2.383049678571429
4696,4.534,3.4120182127777765
3733,2.246,2.2371164285714293
4156,1.556,1.6240284166666674
16304,2.42,4.6472451566666635
9452,0.7,1.0554614761904761
13941,0.713,1.1784829841269844
3282,0.668,0.8790707047619045
4461,1.531,2.237499324999999
695,1.375,1.771124619047619
10212,2.304,2.3608830793650797
18123,2.422,2.71444455952381
10263,3.019,2.3876129523809526
18057,4.158,3.2412830261904757
1261,1.565,1.6207522380952382
18776,0.786,0.837008011904762
1580,4.414,3.82330178547619
4393,1.843,2.0334707523809534
20506,2.765,3.3816724811904773
10092,2.328,1.9221428809523806
9613,0.604,1.0241682023809524
12544,2.241,2.3365095452380946
11006,4.39,3.2676451943650786
9210,1.231,1.0783010357142855
15196,2.557,2.8846723507936507
1163,0.576,0.7450595357142853
3894,1.998,2.08666011904762
2090,0.513,0.6012581785714285
17472,3.482,3.2535422238095224
139,3.628,3.936266982261902
3919,2.403,2.642838797619048
19941,0.736,0.6758402857142858
15488,1.726,1.895278019841269
3570,2.29,2.3674507261904756
6492,1.663,1.6821922857142855
12148,0.833,1.0364884523809526
4072,5.00001,4.979834676666656
11450,3.329,3.0356807661904766
2812,0.543,0.5735772301587304
10205,2.417,3.332706859285716
9792,3.875,3.7066568503174593
13262,1.364,2.0695936095238094
16238,0.983,1.8829600726190474
20368,1.76,2.416139113333333
2503,0.63,0.6619647272727274
3559,2.369,2.8735109123809512
9634,0.972,1.4785797738095234
15718,2.2,2.331645493333333
10689,1.058,1.3510822476190483
16978,2.709,2.620923359523807
13634,0.994,0.9831827619047622
4166,1.663,1.8502983809523819
14161,1.438,1.5710445833333324
19357,1.406,1.336494690476191
19227,3.309,3.23224171547619
4794,1.569,2.5234026247619052
15500,5.00001,4.148645640606057
7125,1.625,1.7916784328571422
10074,1.248,1.5660114841269843
15323,2.161,1.4776726144444452
14030,1.714,1.9180044841269848
6669,3.256,3.181141362380952
12471,1.098,1.1790535
16795,2.762,2.629933513095238
15506,1.299,1.4956157857142858
15919,2.923,2.4652370238095234
19237,3.415,3.356052602142857
13914,0.668,0.7231873055555553
9432,2.388,2.034729964285713
1227,0.774,1.1736240714285715
12459,0.824,0.8678586309523811
16900,3.599,3.710313110714286
5418,4.657,4.360859714682536
19154,2.14,2.183429811904761
13483,1.071,0.9593610000000002
1710,1.578,1.7491058333333331
7516,1.193,1.7616553809523814
3519,2.329,2.565984734126984
18860,1.795,2.0284460873015875
2753,0.701,0.8319306785714287
12286,0.55,1.5365554809523811
12781,0.659,0.6823813055555555
2616,0.996,0.9874127976190477
10671,5.00001,4.659825021904759
10369,1.641,2.282628507936508
12243,0.77,1.0090173476190478
10013,1.403,1.4915219523809526
15584,1.729,1.4797804619047619
4740,5.00001,3.5424689884920637
15268,3.143,2.260260639603174
5421,5.00001,4.176168039285711
18282,5.00001,5.000009999999989
4832,1.43,1.6318457976190481
10443,2.806,2.6934597031746024
4699,3.75,3.0160928709523818
4344,1.375,1.8049822063492065
10547,3.371,3.133546166666666
12384,1.28,1.5240902166666666
19212,1.854,1.8262144484126985
1202,0.63,0.7680174801587301
210,1.095,1.5295794761904762
4580,4.0,2.262306044285714
16313,1.519,2.761640797619047
9625,0.563,0.6212824642857145
11844,1.025,0.7731433571428572
6705,2.25,2.9686051023809523
17129,1.455,1.6244322499999995
11438,3.631,2.772381790079366
15905,2.49,2.443941290476191
424,4.153,3.6693932183333313
14493,2.674,1.9496815833333332
9606,0.75,0.7598159166666667
15823,2.5,2.6352702499999996
14164,1.618,1.5504557166666673
12660,0.975,0.9599619053968255
1805,1.115,1.4493196785714286
9565,0.873,0.9300953428571428
8842,2.729,3.789395374841268
13866,1.244,1.1400161309523806
3388,2.287,3.1946999626984125
20275,2.295,2.2132735595238104
4871,1.625,1.5851942499999994
327,0.8,1.1958744285714287
7275,1.188,1.1965229166666675
12014,2.442,3.158939172857143
11272,1.875,1.8927525000000003
7698,2.46,2.302506142857142
5090,1.026,0.9868444080086579
19394,1.167,1.0100183809523806
88,1.375,1.97176049095238
13952,1.719,3.7039048584523795
16421,1.031,1.0788546666666672
16770,2.391,2.562529579365079
10091,1.94,2.0455659523809526
20169,2.199,2.447134869047619
9008,3.8,4.497564973571425
6248,1.557,1.5727779047619057
1056,0.899,0.8900286428571426
2202,0.893,1.2321352619047619
1084,0.55,0.9319820714285715
2946,0.498,0.5404057261904764
4143,1.464,1.5244408095238098
18010,2.78,3.0774974757936495
10375,2.887,3.3031543892063486
8233,1.292,1.5796589999999986
3522,2.216,2.3487187380952377
2392,0.856,1.989263689285715
7411,1.604,1.5328683412698414
1205,0.576,0.7245395000000001
16162,3.485,3.6650986359523814
6181,1.994,2.4595228095238095
4941,0.971,1.0949679368686867
2150,0.581,0.6869104285714286
16814,3.01,3.247015999285714
19621,0.742,1.4277116428571426
10429,2.494,3.7424946464285704
6063,2.67,2.8372890748809523
13533,1.199,1.1887451666666662
14003,0.777,0.7962547595238096
2605,1.434,1.1797612936507935
20605,0.612,0.6869315000000001
20308,2.068,1.7016813452380952
15175,3.282,2.87945219107143
5483,3.606,3.093351116666667
1747,1.078,1.2614128928571429
2405,0.515,0.5418775158730158
14762,0.675,1.253046107142857
14157,1.841,1.6660939404761907
8237,2.0,1.3561272857142854
15287,3.54,2.1206636438095243
5333,3.938,3.1786516026190474
14746,1.321,1.3688238333333331
11408,3.065,2.6877122063492074
4510,1.349,1.3700006071428574
3479,3.193,3.4794785883982695
5508,3.039,2.8273633214285714
11198,3.5,1.556185321428572
5863,2.312,2.497594214285713
1729,1.313,1.4825775793650786
14202,1.208,1.2101318888888892
13940,1.352,0.9986348095238091
3143,0.689,0.7707109642857142
17477,4.25,2.155369440476191
20226,1.605,1.895929333333334
221,1.51,1.524069055555556
11018,3.495,4.485569622619044
2145,0.602,0.687890849206349
20216,3.964,3.30304140047619
4003,2.785,3.3715457999999985
12374,2.393,1.7460853745238103
3971,2.249,2.5041775903571444
5215,0.913,1.0506157619047618
15080,1.114,1.3601184999999996
499,1.508,1.164388071428571
2119,0.647,0.5637815476190474
1510,3.588,3.316548291428571
5568,2.328,1.844660166666666
2789,0.544,0.6998581785714285
13875,0.982,1.0429250238095238
11403,2.258,1.9725414285714278
6015,1.161,1.31182119047619
18553,1.964,2.3745143892857135
18794,1.232,0.7698377523809526
5045,1.564,2.5102378642857146
7671,1.668,1.7645071428571426
19171,2.159,2.109106682539682
15101,1.173,1.5557160238095236
6904,2.432,1.984910361111111
20017,0.729,1.0279630119047616
466,1.917,2.0177679142857134
59,0.6,2.348388233809523
6161,1.954,1.867020374458875
4984,1.116,1.3720999722222218
5653,2.685,2.549240809523811
15953,2.6,2.533269400793651
12233,0.894,1.1765078809523803
11898,2.352,3.6435344216666663
3776,3.861,2.9082129280952373
4874,1.875,1.5691156662698416
10660,2.234,2.0224536690476196
7791,1.203,1.4673496190476194
13082,1.358,1.306906873015873
8284,3.074,2.765857119047618
17346,3.268,2.291262938095238
13510,0.703,1.2473142626190477
20100,0.682,0.8509662509157507
9195,1.146,1.219520714285714
878,1.772,2.074425126984126
12577,0.819,1.1218826666666666
16240,0.906,1.2061619999999997
16202,0.568,0.727401075396825
16073,3.238,3.24673792857143
12136,2.444,1.383824857142857
3421,1.443,1.5640667499999994
6497,1.642,1.5885515476190475
11584,2.376,2.448892476190477
1402,2.43,2.250103416666666
3062,0.833,0.9361565000000001
12344,0.875,1.4003021784920637
12503,1.317,1.3854392142857146
20611,0.47,0.6092724761904763
18533,1.953,1.7775831904761898
19161,1.841,2.055016595238095
18854,1.288,1.0781757738095241
11732,1.182,1.163512571428572
5937,2.128,1.750350166666667
1962,1.413,1.4047531428571431
4338,2.271,1.9338435317460312
200,0.808,1.8961701226190473
12223,2.013,2.120601857142856
14420,1.833,2.0575430238095236
7841,1.55,1.590572015873016
4404,1.438,1.7413171269841274
17878,1.375,2.439702558333332
11092,2.801,2.2110045661904754
16676,2.459,2.420771545238096
4730,2.436,2.4578089328571435
13398,1.03,1.4572525023809526
13517,1.038,1.0603471309523809
898,2.359,2.0783485523809526
9525,1.619,2.25213194047619
4084,3.944,3.9255100992857153
9457,1.458,0.7075155547619046
1453,1.848,1.7407258690476188
8508,2.423,2.5743135634920638
3725,3.355,2.3953865119047624
13948,1.655,1.2647446071428572
11899,2.048,3.4161789211904776
1092,1.597,1.4532692142857144
11880,1.691,1.5331598769841273
9421,4.786,2.467966581190476
15494,2.589,2.3684635116666657
8612,3.24,3.376855547619048
1862,1.031,0.8280418095238093
19496,1.381,1.9197995200000009
5170,0.916,0.972323616883117
14957,2.289,3.0336613464285715
15067,1.388,1.3068669047619041
6467,2.522,2.4052234723809534
16877,4.203,4.300040576190475
3836,2.436,2.5023764547619054
19002,1.421,1.4188660714285717
2898,0.675,0.6437167222222224
18889,0.928,1.0592082261904765
10888,1.908,2.2729347511904763
7732,2.239,2.25708893015873
6153,1.434,1.7567001904761907
10029,1.327,1.2588212642857142
7402,0.99,0.953692964285714
13624,0.677,0.7454996666666667
11225,2.274,2.4938857103174614
8136,2.286,2.676707834523809
9102,1.358,1.3384185317460324
18310,3.621,3.8854208553174603
15909,2.813,3.2575900480158735
8797,5.00001,5.000009999999989
5211,0.906,1.3215898452380952
9532,0.663,0.8530319285714285
13358,1.502,1.5142821969696971
6876,1.703,1.6859632658730157
11726,0.993,1.139933892857143
8958,3.229,4.296469579285711
11717,2.132,1.5153683412698415
4128,2.17,2.373854321428571
12086,2.679,1.8161696666666671
15881,2.063,2.0114826428571426
6383,3.768,2.8556336166666667
12527,0.875,0.8187716190476187
19271,3.047,2.393226285714286
17142,4.602,3.690192857857144
1282,1.285,1.1338188849206348
18217,2.846,3.4595431500000005
4843,1.196,1.4914998809523805
7650,2.086,2.3120493419913415
15706,1.175,2.137814399098124
19902,0.669,0.6473210119047618
8083,2.048,1.745005
2127,0.746,1.4511667142857148
14829,1.091,1.1042689523809521
4527,1.143,1.390880916666667
5377,3.083,2.789787534920634
2862,1.13,1.3141079126984119
3115,0.917,0.9015225952380951
3323,1.342,1.1765085396825397
5464,4.25,4.2001532876190435
9237,0.539,0.5999374761904764
1534,3.106,2.137325619047619
4411,2.417,4.349613593095235
17877,2.268,2.166670654761905
3189,1.008,1.3383255674603176
15968,2.38,2.3234932857142847
15285,2.455,2.2258696211904763
6259,1.565,1.5985386587301582
1978,1.156,1.5942638015873023
2133,0.664,0.7603378809523806
2270,0.588,0.6287702142857142
12094,2.236,2.0210786666666665
20318,1.693,1.6075354285714285
5940,1.667,1.5759564761904759
10994,2.25,2.3457549569047615
13620,0.726,0.7999921706349202
15109,1.603,1.5612798650793647
14876,1.475,1.2494606071428573
15333,0.912,1.6860386269841268
1489,2.083,1.5440367619047621
16132,3.353,3.3146268113095245
1114,0.58,0.8827204761904759
6607,2.265,1.9165824404761904
14359,3.452,3.3780845449999997
19951,1.068,0.8546066190476194
6688,5.00001,2.073331955555556
15657,2.75,2.7783488761904764
3277,0.958,1.0995352738095234
4909,0.972,1.4116741944444453
14951,1.55,1.4708688095238092
9295,4.0,3.5686163465873024
4351,5.00001,3.5258932376190484
16786,3.043,2.653401166666667
11015,3.592,3.3910830779365067
15015,1.447,1.5810598333333334
16969,3.528,2.857205627380953
1624,3.556,3.2992622295238094
16356,0.991,1.2816651547619042
6662,2.504,2.502434976190475
13514,1.056,1.013411202380952
18273,5.00001,4.7124099640476125
4149,1.62,1.7847081190476184
10262,2.722,2.9463724682539696
8527,2.459,3.0142498428571427
4574,1.833,1.888950297619048
15181,2.207,2.8149522182539677
1712,1.61,1.9222501146825406
10366,3.039,3.26492335515873
14958,2.662,2.392656801587301
14273,0.901,0.8189322222222222
2748,0.875,1.563889801587301
1258,2.094,1.6952453714285713
11786,1.887,2.1676372380952387
5139,1.014,1.109537452380952
18386,3.875,3.5774681071428556
20231,3.591,3.144600273928571
8913,3.273,3.4682773214285714
17212,2.792,2.7469374633333343
17077,2.336,2.353714949603175
273,1.635,2.390358338095238
14669,1.242,1.9307783031746024
8932,4.5,3.985956694285713
13430,1.119,1.1726326666666664
13972,0.908,1.0343312738095236
17406,1.206,1.5117097380952382
4110,4.838,4.866956101428568
10803,3.667,3.399846177261904
15882,2.01,2.174475333333334
16000,3.336,3.3315087988095233
14575,3.625,1.8972220761904763
10961,1.701,1.611146198412699
16805,2.467,2.5013878690476186
15006,1.612,1.678906988095238
1063,1.47,1.2740887261904765
16541,1.179,1.54615101984127
11805,1.113,1.2292218730158728
15960,2.665,2.40275619047619
9056,1.135,1.1334917619047618
16155,3.291,3.265661178928573
15664,5.00001,4.8145848114285625
7921,2.365,1.9038983571428567
13523,1.222,1.0285009404761905
11841,0.819,0.9301035000000002
16899,3.864,3.360517380519481
17781,1.848,1.8811450198412698
17372,1.607,1.954245549523811
12593,1.016,1.0544327142857144
4097,4.24,4.701886674999995
17990,2.625,2.3501348535714284
6685,3.694,3.2046115076190467
7178,1.151,1.4158755119047621
4618,2.817,2.099780857142856
14921,0.981,1.2351459285714284
19278,1.311,1.520647821428571
19059,2.518,2.1426497976190477
20184,2.327,2.287162273809524
11768,1.392,1.3024551904761905
9459,0.715,0.849729107142857
3974,3.405,3.1409288152380954
9320,2.708,2.2463986452380937
6108,1.556,1.8153085952380945
19939,0.892,0.8378681666666661
7625,1.67,1.6712515476190473
13845,1.031,1.2787826559523812
20280,1.805,1.6244804523809528
3165,0.512,0.6678638571428571
3505,2.046,2.07521030952381
1604,3.872,2.0288834763492067
18878,1.625,1.2725282261904758
18969,1.204,1.310928896825397
12898,1.397,1.7906620793650792
16453,0.982,0.9447872271062266
18011,2.694,2.4812827341269847
18000,2.691,2.7375682238095225
4010,5.00001,3.7006684792857127
19797,0.496,0.7398324166666664
20614,0.58,0.8312387142857142
16271,0.659,0.6680964642857146
13356,1.754,1.9263879880952388
423,3.918,3.619059315634922
6373,2.808,2.723850087698413
19527,0.907,1.3597866904761904
16938,5.00001,5.000009999999989
257,0.923,1.0931610634920637
3492,2.271,2.297567619047619
14047,1.625,1.394617904761905
17975,2.909,2.8527245476190486
6510,1.831,1.7129994404761908
20178,2.832,3.021256955555556
14685,1.774,3.103379472976191
15209,2.387,2.8601055190476194
16074,3.213,3.0834869988095233
9426,2.615,2.752463688571427
8327,0.993,1.2002181428571432
6311,2.261,2.1896476666666675
19845,0.517,0.47473276071428594
14879,1.569,1.5467545277777774
15508,1.609,1.631851858946609
3753,2.224,2.7568663690476187
10884,3.052,2.5648835690476193
7468,1.388,1.403370952380952
17876,2.307,2.4113082142857136
12549,0.943,0.9281586428571427
1743,0.972,1.0462169166666664
15248,3.821,3.346806905714286
1443,1.932,2.2334936547619044
19062,2.095,2.026465309523808
17708,2.314,1.7046703214285717
346,0.893,1.1168176626984128
11162,1.961,1.99049069047619
12056,1.135,1.168948333333333
17683,1.784,2.205249853333333
15982,4.065,3.718356960476191
17489,2.282,2.2877721468253966
8729,2.348,2.3902894523809537
11277,2.313,1.9606283571428564
8807,5.00001,4.0582142464285695
14587,1.841,1.8013176031746028
7120,2.137,2.349082664285715
18075,5.00001,4.784888437023806
4413,1.692,2.011653907142858
11071,2.324,2.464652988095239
5502,3.517,4.060136736666663
6808,2.346,1.92778698015873
15789,1.125,2.362449130714286
19479,1.452,1.4483734404761903
19393,0.872,0.9795694285714288
2247,0.535,0.8982119999999999
2008,0.438,0.6189648928571428
18839,0.942,0.9091163333333331
8223,2.188,1.7346888388888897
19033,1.919,1.992465047619048
2277,1.322,3.842315939285713
2876,0.468,0.5093673333333335
8057,1.497,1.9603395357142863
18962,1.263,1.2710384880952375
8688,2.559,2.589813845833332
5182,0.945,0.9611720952380947
10342,2.371,2.3080270261904765
15685,5.00001,4.880398098730151
14321,0.875,1.0918235833333334
1061,1.266,1.0778937857142858
11612,2.451,2.383293452380953
640,1.574,2.150818726190476
2622,0.784,0.8226002380952377
8496,2.181,2.3839430158730157
103,3.5,2.8508252378571415
17574,1.984,1.813876333333333
6148,1.439,1.5044332380952383
8616,3.379,3.6088763739682532
12240,0.763,0.9281239047619045
14907,1.601,1.8841883095238092
8122,1.306,1.3704042142857145
15066,1.125,1.2008129527777778
3528,3.292,2.565347220634921
18669,2.333,2.2610149523809535
14104,0.992,1.1440282173015868
11067,1.979,1.8726483492063482
17842,2.041,2.2612947261904752
18208,3.5,2.916244213095238
3073,0.621,0.5914129047619049
15886,1.404,1.8734701071428572
11376,1.521,2.5277408073593075
11847,1.305,0.9599173714285715
14703,1.951,2.275296525555556
20197,1.995,2.194302531746031
14323,1.375,0.988965180952381
10656,2.75,2.1130816428571424
19366,1.229,1.7674324190476194
3106,1.09,1.9337460595238096
13444,1.217,1.0314300952380946
10575,3.02,3.2028609761904754
8260,2.417,2.153444998917749
15112,1.532,1.573897285714286
2250,1.693,4.157058760515873
20375,3.585,3.8730438964285683
12550,1.75,1.7114842261904761
12169,1.125,1.3420550238095235
16989,3.76,3.866065422380952
20077,1.188,1.2097205714285715
6916,4.01,4.0984131278571425
12663,1.079,0.962211119047619
8561,3.397,3.2762484142857136
7667,1.58,1.6892415952380953
4258,4.688,4.003503750476188
12798,0.631,0.5781738809523812
3638,1.846,2.0226668571428577
9712,1.897,2.298493597619049
10712,1.909,2.318537880952381
14869,0.675,1.36312
57,0.853,0.9654450714285714
6494,1.736,1.6099348095238097
14874,1.297,1.199780018759019
14700,1.81,2.7052299319047624
9811,5.00001,4.947061433333323
11596,3.762,3.956602225952381
14677,2.43,2.451186154761905
12160,1.482,1.3501855476190479
20337,2.381,2.514969869047619
15774,4.5,3.5238254821428563
17922,2.4,2.5229519285714286
459,5.00001,2.4876926968253965
17603,2.741,2.6837636628571424
17383,1.901,2.164696492857143
16799,2.684,2.6663266226190467
5893,3.493,2.4600243571428573
16111,2.757,2.889493030555555
10414,1.828,2.2933243364285714
11000,5.00001,4.9697618216666575
8030,2.132,2.373048464285714
17699,1.795,1.8981065273809525
4441,1.385,1.6531475436507928
8203,1.813,1.6700877500000002
8931,3.405,3.586906838095237
17871,2.25,1.8595635595238096
19683,0.683,1.1259348531746034
16039,2.379,2.5261855714285715
4178,1.497,1.4414286031746024
5099,1.258,1.35975008008658
2153,0.876,2.193622884047619
4519,1.25,1.4294273333333325
12480,1.688,1.262593712698413
14192,1.35,1.3256291904761905
5230,0.863,0.9735341428571429
12769,0.649,1.087751476190476
16534,1.063,2.468365756547619
11476,2.857,2.780364526190476
16821,2.724,2.676601027777778
20483,2.177,2.3558437976190483
379,0.918,1.016219583333333
6267,1.63,1.7318047380952384
13351,1.951,1.898043869047619
20514,0.325,1.1131426904761903
3578,2.753,1.6388314285714287
2361,1.369,1.410728738095238
20324,1.941,1.4840271666666667
10134,2.302,2.5784517416666666
12922,1.436,1.4932701666666666
2003,0.396,0.9151232671428567
18772,0.598,0.68534501984127
7121,2.107,2.176648166666666
19374,1.563,1.0433575000000002
7997,2.156,2.2668301349206352
8489,1.775,2.000370352380953
649,2.189,2.364923341428571
13197,1.284,1.258257654761905
14421,1.906,1.8036577333333341
8939,3.983,4.114830470714282
15274,3.671,1.78469025
2199,1.225,2.0656668571428565
8732,3.761,1.7343400238095237
6245,1.576,1.5620580800865806
16432,1.781,1.592087035714286
13508,0.724,0.7523408809523809
911,2.876,2.3560168222222218
11832,1.75,1.4026342333333335
14505,2.808,2.213772136507936
6145,1.605,1.7380162142857147
14887,1.586,1.4611274126984128
12927,1.443,1.743265547619048
5115,1.363,1.343680380952381
8499,2.182,2.215795333333333
10676,4.664,4.089590143290042
10562,3.861,4.654801298809522
6741,2.512,2.382457535714286
18577,1.904,1.8592366904761906
8142,2.231,2.6780941392857147
5689,3.61,2.539528082142857
19537,2.75,1.5345233946031742
20617,0.708,1.170105718253968
9402,4.6,3.399501598015874
19519,0.675,1.0118104293650791
12815,2.25,1.4384307380952381
9501,1.761,1.8535421150793652
3111,0.524,0.6471693214285713
17792,1.676,1.783568853174604
19699,0.997,1.1831802222222223
14834,0.889,1.071932396825397
16178,2.237,2.2736975317460315
3947,1.805,2.0726175676190475
5165,0.932,1.0595480952380947
7241,1.738,1.7908048809523804
10792,4.908,4.240660849761902
4918,1.042,1.0478194603174604
5513,2.761,2.146280238095238
15902,2.547,2.5356138369047616
3589,2.123,2.27512725
2480,0.875,0.9202155670995671
3171,0.942,0.8611664523809526
17805,1.635,2.0066687304761905
10679,5.00001,2.8441596852380955
6660,1.25,1.8990727111904762
467,1.823,1.6504077857142854
4949,1.117,1.2863946785714284
7852,1.46,1.820990642857143
3571,5.00001,4.822245511190468
3532,3.205,2.730662654761906
2878,0.48,0.5104814166666665
826,1.688,2.309155353571428
12438,0.675,0.8073096785714284
6515,1.731,1.595329404761905
9651,1.5,0.9100067023809518
16065,3.292,3.2441352369047616
19276,1.41,1.5471149145021648
3405,3.78,3.663319625714286
19889,0.802,0.6727875833333333
5589,2.033,2.239748031746031
18607,3.949,4.1523201499206355
2171,0.845,0.8624082500000004
5382,3.273,3.4798913456349228
11365,2.012,1.8373200714285722
15858,1.625,2.5146979087301586
10356,2.66,2.935403601269842
20240,2.212,2.3853232845238095
3394,1.765,1.8971937619047616
482,2.063,1.6441335873015865
8985,5.00001,4.157466236785711
5943,1.867,2.016134285714286
17437,1.125,1.8280842507936514
13632,0.905,0.8486711904761906
11292,1.908,2.0964862261904766
12010,1.988,1.4266804761904757
2621,1.656,2.1180739587301587
8786,5.00001,4.690552791428566
7912,1.457,1.5538031547619051
11804,0.913,1.0349073968253975
5035,1.404,1.576700664761905
13373,1.917,1.9852385952380949
2703,0.611,0.7161746428571427
14774,1.53,1.1124997380952386
3200,0.855,0.7736113095238095
9995,1.645,1.8141748095238102
6072,3.862,3.5739028697619046
3,3.413,3.487223584761904
3979,2.464,2.6380398857142855
13188,1.218,1.3994540952380954
14528,1.325,1.6931920714285713
5174,0.98,1.0415599285714285
3588,2.414,1.8535244801587305
4153,1.713,1.7591267738095235
18986,1.201,1.3424818650793648
5304,5.00001,4.986536583333322
8468,1.927,1.9665665952380953
17084,2.328,1.9363502857142851
19156,1.918,1.963248746031746
17786,1.963,1.9771973095238105
4119,2.939,3.0992986
344,0.846,0.9219063333333335
5293,5.00001,4.736551496666661
4073,5.00001,4.343555538492059
18887,1.073,1.3739907500000004
19281,1.5,2.208323952380953
17510,2.042,1.8249075714285714
17474,2.683,2.255408488095237
13781,1.035,1.2142741785714284
7298,1.615,1.5457783928571431
9114,2.224,1.9090584761904765
11209,1.669,1.7265750357142864
11031,2.292,2.463173384047618
3623,2.059,2.0112004642857144
20007,0.955,0.6334129404761902
8094,1.625,1.7744564404761904
8192,2.407,2.5381621152380958
2195,0.828,1.0658426904761908
12339,2.302,1.6583933178571428
4564,1.859,1.8149701785714283
4847,1.058,1.2048570000000003
42,1.188,1.2944484765079363
9934,1.944,1.9430080833333347
19284,1.833,1.532877555555556
1522,2.925,1.8928130634920635
4442,1.442,1.3672254722222223
8902,5.00001,3.3170318966666685
5112,1.342,2.040252380952381
2112,0.528,0.508386
7109,1.887,1.9039809999999997
10413,2.04,2.2819448571428564
795,1.795,1.9756895476190481
12510,0.989,0.9197509047619049
8735,2.799,2.3858123452380955
18241,3.277,3.0048559501587295
6831,2.08,2.0863514559523817
18919,2.083,2.0728904285714296
3334,1.125,2.575094316666666
14705,2.347,3.0154483864285724
15612,2.145,1.8939015992063488
4013,3.385,3.843606109920636
17110,5.00001,5.000009999999989
10430,2.841,2.541233273809523
9400,5.00001,3.9828217604761886
3707,1.813,1.683312809523809
18961,1.25,1.3597240194444442
5436,4.125,3.2056762738095244
2325,1.125,1.1109617857142862
18807,0.903,0.6572426746031742
9477,0.96,1.1046457380952384
46,1.425,1.8397323928571425
20462,2.663,2.3647664920634917
4751,1.65,1.7192898293650796
13298,1.18,1.37137030952381
5564,1.564,1.824281428571429
16016,4.268,4.845095558333326
17131,3.086,2.9800091547619063
11752,2.392,1.4493209999999996
2308,1.094,1.1787754523809526
13498,0.666,0.7482294325396827
10540,3.685,3.506461664761906
17953,3.305,3.002561557142856
16847,2.736,2.8406486674603166
8814,5.00001,4.995949933333322
18675,3.211,3.5683628564285703
19188,2.426,1.8915761587301585
20214,2.319,2.688070284285713
17375,1.514,1.672624690476191
15146,2.278,1.9824175476190482
11503,3.8,3.7941107309523803
2915,0.952,2.1544867338095237
11325,1.939,1.7926301666666675
18483,2.607,2.2114206269841263
7250,1.91,1.6937344841269846
13552,0.649,0.6724945476190477
14894,1.283,1.5021840119047616
8352,1.898,3.3727946102380946
3470,1.833,1.819951690476191
10021,1.518,1.1655937380952381
15361,2.573,1.9533298928571432
2794,1.375,0.924878788095238
19503,1.25,0.9994448214285715
708,2.181,1.7424351071428565
819,1.681,1.7411034761904756
9683,2.318,1.4481481666666662
3035,1.49,1.220039571428571
11297,1.703,2.176203735930736
17512,3.913,2.798410982142857
3794,2.823,3.514108432857143
14488,5.00001,4.487930236082248
4520,1.354,1.6895426976190475
16160,3.284,2.685219153174603
4671,3.5,2.209530578571427
11299,1.823,2.2982110714285717
8816,5.00001,4.971396483333321
7144,1.92,1.8495799007936509
4191,2.408,2.521372566666667
4296,1.75,2.0581953555555557
4884,1.264,1.1706358333333333
14174,1.259,1.4412753809523804
10191,1.947,2.283832566666666
644,3.418,3.8460545471428564
15148,2.119,1.8431535119047622
13890,1.375,0.6983981746031744
14425,2.706,3.0898462039682557
14578,1.723,1.7203323412698412
14351,2.621,2.0049519157509157
8059,1.491,1.5941713452380954
8965,3.391,2.1372739047619054
8694,2.486,2.2644449682539682
16574,1.287,1.9674336190476194
11640,3.439,2.3068019999999994
8225,1.75,1.6934551314285713
5456,2.875,3.0495404906349197
16700,1.436,1.5488795595238094
8743,3.462,2.777752733333333
8135,2.322,2.6421591428571434
15537,2.0,1.6637278833333338
15208,2.415,2.634488257936507
12810,0.675,0.7540947142857144
10045,1.917,1.68157719047619
19196,1.783,2.0939414761904755
1430,1.782,1.5547291904761904
13485,1.332,1.229602333333333
6350,2.738,2.7347900952380946
16493,1.522,1.4581043986291489
18948,1.871,2.022793944444444
10951,1.375,1.4593331190476193
13320,1.104,1.2770180952380952
4307,2.406,2.1095008452380957
8247,1.625,1.526212337301588
11773,0.838,1.176760952380952
7899,2.656,2.232022595238095
11567,2.115,2.2016155396825394
13735,1.734,2.3989753650793655
8909,3.1,2.86525160873016
2856,0.995,1.0082053452380952
11330,1.914,1.8815883452380957
7917,2.201,2.0290975952380945
6959,1.673,1.8954417460317459
19836,0.65,0.6536839285714283
14176,1.418,1.5703352142857145
4037,2.906,2.8308902583333353
17176,3.192,3.436235255595238
19038,1.188,1.1880090238095236
5709,2.0,2.2394174447619055
5792,2.195,2.27538925952381
17325,2.894,2.640656254761905
4983,1.164,1.1945154523809522
7840,1.623,1.5916878531746033
12754,1.141,1.298787571428572
2117,0.713,0.9099921190476188
7748,1.905,1.8289805833333341
668,1.973,1.9593596309523806
1162,0.722,0.6809319999999999
5031,1.033,1.4836966706349208
2579,1.43,0.9982215595238096
15459,2.449,2.4217961380952375
8818,5.00001,4.045024354047617
7270,1.833,1.231149495670996
17411,0.861,1.4913374761904765
431,2.184,2.4429832785714285
4935,1.108,1.1070276666666663
6306,2.113,2.1027238928571435
11544,3.388,3.047569023809524
10039,1.231,1.4225833484848487
19372,2.695,1.379795892857142
5459,3.214,2.9286712261904757
3128,0.819,0.9844209365079369
5305,5.00001,4.982003756666656
4373,3.046,3.7854530795238075
13142,0.729,0.9722626071428576
7303,1.58,1.4404560476190469
16269,0.622,0.6858889285714284
10072,1.163,0.9677067812698419
11958,3.141,1.315935830952381
6328,3.625,2.7288233571428573
14468,5.00001,4.782837600714282
315,0.741,1.0711272777777776
7185,1.5,1.331815761904762
15925,2.7,2.512614809523808
16518,1.208,1.3358781428571433
1419,2.5,2.3071326904761897
2554,0.722,0.7854509761904764
18210,3.75,2.9374310023809524
18595,2.396,2.631339976190476
10525,1.833,2.248792639285714
7015,1.612,1.7244072499999996
15966,2.51,2.3683915015873023
3169,0.455,0.6607622142857141
15879,1.781,2.1490458214285715
9925,2.589,2.652821680952382
293,1.458,1.4873479880952392
20638,0.847,0.9315934047619046
11474,2.167,1.7276464523809525
12761,1.304,1.3175795
19011,1.585,1.5804575476190466
12968,1.178,1.3212480119047618
20470,2.15,2.2286258452380947
907,2.686,2.683336830952382
3233,1.0,1.0648563333333332
6977,3.327,4.514454142857138
6340,1.867,1.771602619047618
1994,0.53,0.6070034285714285
1704,1.497,1.6487133679653683
5478,3.458,3.0820766209523804
12957,1.245,1.3827490555555557
977,4.758,4.9304865007142755
15995,5.00001,3.7468845357142864
18352,5.00001,5.000009999999989
10909,1.759,1.6713694285714271
621,1.833,2.3811390119047617
10772,2.531,3.2351810080952377
5996,1.178,1.231280571428572
12134,1.435,1.4681002142857142
15771,5.00001,3.5420637472222234
1153,1.423,1.1818118531746034
7477,1.21,1.4029305476190475
9326,2.688,3.027747791825395
586,3.302,3.5108469092857164
4509,1.218,1.5262306309523808
6444,4.169,3.741045479285714
11098,2.667,3.1781732209523796
7136,1.894,1.9586277857142846
4031,4.436,3.1909819322222206
7038,1.63,1.7414372142857142
6315,3.825,3.088001807142858
14903,1.063,1.3773264014285715
18810,0.578,0.8371421190476191
9660,0.575,0.755888928571429
14410,2.38,2.796713046428572
8025,2.189,2.2535735079365073
5042,1.186,1.211094083333333
6619,3.091,3.6364822100793632
852,2.132,2.029052107142858
11276,1.802,1.8554904642857146
8937,4.708,3.82232200547619
12209,3.372,1.8256552023809514
12110,0.953,1.0245327738095238
1339,1.039,1.2936637222222225
20325,5.00001,2.723972637380951
14339,2.15,2.0041387857142854
3461,1.894,2.319569559523809
4772,1.714,1.613480626984127
15991,3.57,3.450048972857143
736,1.962,2.0453275000000004
4930,0.985,1.0103472103174602
3931,1.788,2.0371437976190476
10144,2.266,2.67669996984127
7885,1.714,1.9953438412698405
450,2.714,2.3257871845238087
12620,2.168,2.6742410460317454
3341,0.679,1.0525084476190478
11976,1.713,1.4918627976190482
4770,1.109,1.389930682539682
3538,3.325,2.577883092063492
14054,1.5,1.4218005476190472
19027,1.734,2.5288459619047625
18545,2.375,2.423207035714285
2988,0.658,0.7004883809523809
3463,1.731,1.8729506666666667
16072,3.212,3.340123267857143
17594,2.65,3.9247295761904764
1144,0.875,0.9787003095238096
3507,2.103,2.3366358968253973
17952,2.478,2.791695535714287
5732,3.757,4.059315699920635
1237,1.137,1.2443829047619048
17155,5.00001,4.063275626587299
2950,0.456,0.512959
9585,1.306,1.1867729285714288
8280,1.986,2.060849602380953
8888,4.367,4.3275314503968225
12792,0.926,1.168205
41,1.5,1.7567653079365078
8756,3.599,2.718762433333333
14469,5.00001,4.8946530895238025
9443,0.938,1.0441947622222225
12822,3.833,3.587538026388888
13119,1.917,1.5751555238095236
17645,2.672,2.469693037878788
16704,2.802,2.4046083333333343
2034,0.521,0.5641566190476192
1123,1.102,1.1049440714285717
2315,1.646,1.1441919325396825
9298,3.248,3.4561717173809514
12969,1.227,1.3858237142857144
14399,2.167,2.5337846587301582
2617,0.736,1.0741335119047621
16825,2.541,2.507412
7356,1.875,1.5153050833333332
1347,1.66,2.248392611428572
16553,1.579,1.650499972222222
8466,1.938,1.9796392404761898
2312,1.408,1.1585528531746032
2534,0.953,0.8067090357142855
20500,2.27,2.6468010238095236
17061,2.656,2.6305733769841275
17397,0.902,1.2056480023809524
6880,1.832,1.9052931111111115
15138,1.846,1.763060357142857
90,1.625,2.015698569047619
12482,1.25,1.6079355771428576
35,0.972,1.3264291428571426
4356,3.553,2.7795760880952383
9902,1.362,1.420346880952381
4836,1.25,1.561416313492063
18391,3.056,3.0296131804761903
7348,1.766,1.5218328055555554
8665,3.486,3.032430008333333
705,2.992,2.329383234126984
2207,0.721,1.8043167380952376
7518,1.095,1.6298681984126984
6693,2.811,3.021328180952382
7881,1.563,1.9539645681818183
10992,2.342,2.3860284047619036
3211,0.597,0.707187785714286
15077,2.5,2.813779277777777
4291,2.033,2.561059423809525
6659,1.731,1.9629295999999994
15609,3.003,2.7050414285714286
8509,2.38,2.323351444444444
17752,1.79,1.7576595
7802,1.66,1.8663075634920632
6188,1.607,1.8967628571428576
15430,1.475,1.674844607142857
5952,1.921,1.9049206984126983
2002,0.564,0.5193085714285713
4325,3.048,3.332041612777776
3993,4.398,3.9211478673809537
3265,1.375,1.185248392857143
15521,1.375,1.1560753309523806
4774,1.346,1.607557285714285
15821,2.625,2.51271080952381
12846,0.834,0.9609483134920631
2676,1.135,0.9177905436507936
3207,0.714,0.9277935277777779
19094,2.045,2.073549214285714
6913,2.824,3.2366441440476192
7466,1.457,1.6019073333333336
18224,2.647,2.762653163412698
16861,2.75,2.7221704809307368
15551,1.716,1.6386175595238095
12068,2.167,1.9993798190476177
7782,1.807,2.078416464285715
1866,2.125,1.0547678928571433
2221,1.677,2.7071460976190487
2930,0.425,0.5085187023809525
14639,2.384,2.6109321672619052
13008,1.44,0.8346449682539684
2929,0.436,0.5111578452380952
10424,3.635,2.69486000452381
651,1.862,2.1076507619047615
2699,0.675,0.6444076349206351
11624,1.596,2.5511110214285706
3806,1.956,2.037302988095237
15013,1.548,1.8423220119047616
4015,4.507,4.578381308333331
12639,0.699,0.6758759365079365
14233,1.322,1.324602345238096
10598,3.28,3.691039863095239
16114,2.728,2.7858129523809527
12319,0.663,1.2474372223809522
12813,1.293,1.4403600952380955
19981,0.771,0.8587354285714287
17,1.555,1.6891619047619049
4438,1.26,1.504902781746031
17653,2.403,2.0126415595238085
7172,1.33,1.3687653134920634
12834,0.949,1.1728232261904763
8197,2.039,2.649011058441557
2724,0.61,0.7216211504761907
6002,1.392,1.330791297619047
4822,2.292,2.294540642460318
14684,2.606,3.531175880912698
4337,2.511,2.3524089935714283
17592,3.276,2.275299333333333
647,1.679,1.9361216904761904
14572,2.12,2.3009920705128204
10881,2.333,2.178872666666666
9334,2.554,2.832969959999998
1321,0.675,0.9256327023809525
14355,1.62,2.6884857796428583
16733,1.172,1.0731886857142856
1905,1.097,1.2248344563492066
20578,2.75,1.0354596666666664
10034,1.118,1.3546165595238093
14568,1.66,1.9014356190476187
19884,0.927,0.9584436746031748
20304,1.86,2.0016349880952378
3315,0.973,1.2371989761904765
5719,2.413,2.866518766666665
17629,2.585,2.465734841269841
1429,1.382,1.6697699309523824
20480,1.961,2.7094405654761897
17023,4.192,4.63069168666666
217,1.388,1.4223531152380948
15804,3.766,4.755087387380947
8103,1.651,1.6776573174603175
15300,1.818,1.8457660628571426
1396,2.118,1.670960134920635
7589,1.125,1.5309499571428575
14213,1.443,1.2499532857142852
14708,2.22,2.4151356785714295
2725,0.536,0.7068742576190477
1739,1.308,1.3482456666666667
19124,2.276,2.996164497619047
15736,2.75,2.625802557738096
8421,1.919,1.8620271230158716
13553,0.641,0.7208067261904759
12321,0.681,0.9841256523809521
17647,2.552,2.39227613095238
20497,2.441,2.6338994047619053
18178,3.37,2.7602135428571426
5635,2.083,1.7517443333333336
16012,5.00001,4.881308844999991
11761,1.721,1.8118481746031745
19979,1.289,0.7878727539682544
16600,1.449,1.05935210981241
13809,0.72,0.7408879469047619
18893,1.429,1.5473517619047614
18044,4.361,2.968823846428571
7828,2.042,1.793792630952381
10193,1.957,2.295951630952381
12667,0.905,1.1805723214285715
11309,2.361,1.8468169285714284
6178,1.869,1.926575916666667
1838,1.625,1.8373083571428568
20111,1.125,1.4382687579365083
2879,0.58,0.5510265238095239
8034,3.074,3.935168188968252
8929,3.538,4.594538790357137
9272,2.909,2.7627086583333336
14378,3.586,3.2989608857142865
387,2.462,2.2590450595238103
20021,0.721,1.2629363571428571
19048,1.075,1.2516921038961042
13636,0.786,0.7620936190476186
20292,1.876,1.8498717380952385
1035,0.979,1.2902840833333336
8046,1.866,2.371747571428572
7753,1.969,2.0766688571428573
2448,1.115,0.9567167420634921
841,1.563,1.8352502857142858
7638,2.182,2.656674347619047
10149,2.935,4.506192095562769
16408,0.59,0.9926475714285711
5566,1.628,1.420301226190476
4921,1.029,1.034235452380953
2767,0.543,0.9579436444444448
13268,1.663,1.4476744285714285
4572,1.525,1.8639594285714285
3425,1.426,1.6832945476190477
7293,1.5,1.3817576071428561
12767,0.844,0.8973897698412698
4339,2.1,2.0296527047619035
9682,1.375,1.3974496190476196
16088,3.5,3.088461513095238
11709,1.719,1.2769198571428573
3434,1.431,1.613556154761905
7691,4.523,3.8403872130952386
13352,1.76,1.6193768690476187
12864,1.127,1.1780868095238093
2065,0.684,0.8313843650793649
11337,1.907,1.828662337301587
14717,3.318,4.142189554285713
1444,1.84,2.0083659999999997
9680,1.625,1.3369487142857142
1372,1.294,1.4401346230158725
278,1.728,1.3974280000000006
14530,1.911,1.721554345238095
11388,2.949,3.0685043380952366
19345,1.886,1.9223962063492075
19984,0.638,1.2878375658730155
513,4.661,4.586785574166663
4170,1.868,2.0879551666666667
14912,1.393,1.3752073571428574
4333,3.303,2.4718913150793655
17598,2.848,2.9862881916666675
6903,1.988,2.083512404761906
2380,0.693,0.7904061190476195
14044,1.455,1.515994273809524
7771,1.662,1.730895392857143
11373,2.738,2.6091629073809512
16508,1.49,1.392587369047619
17899,2.154,2.267213026190476
5548,2.878,3.683423981349207
8064,4.063,2.6335671169913435
20257,1.603,1.560242194047619
10613,2.4,3.1665089452380952
12800,0.609,0.8580913650793651
7301,1.423,1.5117649523809524
19740,0.848,1.0352808492063494
20306,2.054,2.0302013904761913
15828,3.968,3.600538895
19246,1.354,1.9192646769841273
13431,1.154,1.4413586904761906
9189,1.625,2.728745441547619
4032,4.25,2.470310583333335
14827,1.143,0.9701034285714285
18347,5.00001,4.921057041666658
6577,5.00001,4.8949398283333245
19999,0.487,0.6097397976190476
17945,2.947,3.020802452380953
6667,3.005,2.376983821428571
15276,3.432,1.8986771190476197
15490,0.92,1.6451440466666665
17619,2.781,2.8766320476190486
6074,3.809,4.011243440714285
10774,3.398,2.7861062159523806
12598,0.968,1.0644700952380959
4641,2.7,2.0436267142857134
1705,1.9,2.1728927857142857
6195,1.813,1.9196660555555551
2571,1.006,1.031017107142857
13170,1.708,1.5289157103174602
476,1.527,1.581612938888888
3769,3.536,2.745641094523809
17524,2.0,2.303212346428572
11643,2.134,2.848095306507937
19322,1.531,1.504802436507936
3860,3.797,2.8598008590476183
14429,2.75,2.307915382539683
3043,0.786,1.4772872301587305
6084,1.883,2.3942582619047625
11960,1.38,1.4756613214285712
17145,5.00001,4.862221179999993
7700,1.974,1.8414394682539676
10827,2.446,2.877406261991341
7646,1.653,1.6511334317460316
970,3.004,3.177322790476191
12863,0.882,1.0360528095238093
15230,5.00001,4.896569250714276
9892,1.631,1.3739633690476192
17687,1.919,2.0197012404761896
18636,3.553,3.435342670436508
17002,4.303,3.326946650793652
2935,0.427,0.5296570833333332
16890,3.781,3.724106628333333
15535,2.64,2.4291637023809525
7513,1.119,1.7996728888888895
20263,2.245,2.0273393928571424
4489,1.25,1.6643402738095245
3352,0.641,0.800679904761905
12324,0.884,0.9811110000000002
9397,3.892,3.590980694285715
20574,1.938,1.0750381666666666
4688,5.00001,4.427794737301586
14805,1.875,3.6218143100000004
733,2.103,2.0738958452380953
15513,2.128,2.091609833333334
4579,1.775,2.1863025773809532
13363,1.813,1.5019875793650797
15139,1.595,1.5466191984126982
8398,1.775,1.7875153730158726
12059,1.161,1.2600539603174605
17139,5.00001,3.884630360238095
6141,1.625,1.5696860000000001
4472,1.355,1.5907181309523808
14840,0.996,1.1549037103174604
12882,1.185,1.243625761904762
12613,1.569,1.4577298730158728
7462,1.472,1.543641000000001
1065,0.858,0.9202202857142858
4702,5.00001,3.304905449682538
13820,1.709,1.8137173571428569
8180,2.579,3.531381374285715
7019,1.643,1.6640107857142854
15759,4.389,3.833339420476191
13604,0.98,1.0561741825396824
7895,2.887,2.855722238095238
11012,2.032,2.5762877174025984
6462,2.836,2.8036021138095233
5916,1.625,2.96551839952381
9500,0.953,1.0015887857142858
1441,1.617,1.5698219523809536
3710,1.875,1.6715909999999996
6246,1.58,1.5779530071428567
8623,4.561,2.8285710714285712
3000,1.029,1.36041680952381
19162,1.654,2.013939023809524
2444,0.544,0.5025977992063494
4505,1.472,1.4778765634920636
5000,0.95,1.0158414960317461
2687,1.43,2.449610287460318
19696,0.972,1.3564085714285716
13462,1.129,1.2136521904761903
10219,1.733,1.7497343476190474
18480,3.931,2.8097133690476177
12283,0.63,0.8228225357142859
7886,2.973,2.6974648809523827
8507,2.421,1.9397135952380955
14929,2.939,3.2894210579365084
7517,1.131,1.3919274523809522
8481,1.372,1.2497679880952377
10272,2.971,1.7461519285714298
921,2.435,2.41392857142857
1086,0.988,0.8397744523809524
8178,2.448,2.461468687698413
12694,3.278,3.2840797283333343
15831,4.375,3.653058050396825
9430,1.635,1.647756738095238
5081,1.024,1.352339309523809
12832,1.122,1.0857431071428572
1362,1.659,2.1516313095238084
5852,2.5,2.622828547619047
6425,1.581,1.7755116666666664
18801,0.875,1.0714599841269838
14055,1.35,1.4317489904761909
2232,0.795,1.4410878174603172
16395,1.621,1.3401883571428561
6803,2.284,2.010324261904762
9646,1.406,1.7218425158730155
3256,0.713,1.6489485099206345
10883,2.663,2.63979276984127
19786,0.813,0.7716102142857144
9150,1.85,2.232962661428571
8621,3.293,3.3148816642857146
4450,1.688,1.5004046428571427
7539,1.104,1.4988052936507938
5485,5.00001,4.566606709444441
2129,0.857,1.5385286904761903
2414,0.633,0.5504662539682539
17493,5.00001,4.9538984433333235
4192,1.838,2.113760604761905
7201,1.507,1.32349530952381
20276,2.429,2.4542931142857136
5453,3.267,2.7132228222222223
6798,2.204,1.9079297738095233
17758,2.407,2.185195285714286
18080,5.00001,4.903145556666659
18901,0.984,1.1116211190476193
6424,1.669,1.8488343809523808
1383,2.054,1.972495059523809
5148,0.901,0.985031702380952
12083,1.898,1.756589666883117
12104,1.625,1.1865877142857144
9178,3.337,2.556235798412697
2635,0.851,1.066119753968254
7553,1.344,1.2531917777777783
7831,1.446,1.8005709880952387
6664,2.15,1.9789359904761903
169,0.975,1.2255707023809521
4410,2.1,2.9087600404761895
20390,3.12,2.9998578523809516
17218,3.0,2.8731787266666675
10880,2.024,1.9162752023809524
17949,2.541,3.3587797261904764
11936,1.16,1.5316148057142858
6422,1.67,1.8126129000000004
16962,3.969,3.2940837451803753
15370,2.27,1.9125968333333325
5282,5.00001,4.012064494682539
11010,5.00001,4.741524750714282
6677,1.99,2.0762736904761905
9800,3.691,4.8488267928571345
16186,0.225,1.245076125
13345,0.957,1.0455386071428574
137,3.659,4.293291394523807
8028,2.158,2.2987806249999996
6532,2.055,1.7055750952380944
14485,5.00001,4.668947509999996
19336,2.508,1.9671349444444446
5528,3.636,3.8727319483333345
10423,2.942,2.8655900311111133
19589,1.714,1.5278308452380949
8698,2.613,2.201278103174601
13289,1.149,1.3647349761904755
3934,2.584,2.144280488095238
3263,1.063,0.8467526190476192
5194,0.989,1.1073752976190478
10341,2.42,2.1450031309523805
7836,1.461,1.7232602878787873
9889,1.546,1.864970642857143
19422,1.975,1.9392115132034633
9338,2.896,3.082211711190476
15364,3.257,2.245298547619049
2992,0.533,0.6475253333333333
9605,0.878,1.0744441904761906
6418,1.783,1.894014194761904
1397,1.971,1.9294691785714286
7792,1.234,1.4884330714285712
6757,2.929,3.1728958428571428
7613,1.098,1.2707558452380951
5098,1.242,1.7321541547619046
3068,0.573,0.5432539444444443
18517,4.047,3.3804398059523812
10436,1.875,2.607568362698414
2512,0.637,0.7955926825396825
9240,1.012,1.1914758690476193
15682,5.0,4.765013258214279
20610,0.455,0.6442349841269841
8310,4.635,3.732091096626982
14960,1.813,2.449096226190476
6377,3.074,2.6579803242857154
17183,3.718,4.035442651190475
2495,0.56,0.8336726428571427
11648,2.893,2.2580943333333336
13194,1.282,1.5828694523809523
19305,2.714,2.5427353333333325
7811,1.821,1.8503845952380962
17704,2.194,2.3025039523809507
2085,0.784,1.0192789047619042
12162,0.961,1.1295996547619047
17039,3.947,3.9683485273809516
8138,2.225,2.270342
3100,0.875,1.8433515023809521
14229,1.375,1.5769014880952386
10282,2.461,1.9233107095238084
3686,1.757,1.628924440476191
6138,1.641,1.6600743809523812
12030,1.328,1.180695059523809
19962,1.292,0.8374438571428573
8492,2.241,1.915562472222223
12596,1.039,0.8306325714285714
14002,1.128,1.3109781071428572
8825,2.438,2.8596116357936507
13488,0.886,0.9522128888888886
14923,1.861,2.44889726984127
14000,1.861,1.2957501547619048
19405,1.609,1.4416760555555554
6602,1.492,1.4662420238095235
18781,0.764,0.7425325476190474
16936,5.00001,3.6143969402380947
13054,0.956,1.355577285714286
16934,2.375,1.9068627142857135
8801,4.183,3.8925201084126964
714,1.975,2.159933798095238
2678,0.664,0.7944862976190479
8678,2.69,3.419686467460317
4021,2.19,3.3400539511904777
13381,1.569,1.5752300595238093
15103,1.342,1.518081044011544
14497,2.042,1.7895198214285712
8262,2.188,3.0613981457142865
11698,1.818,2.6882116550793653
6892,1.685,1.978185506493506
6,2.992,2.4068013452380956
7220,1.66,1.495691301587302
14932,1.935,1.512797388095238
15819,2.125,2.3925907976190475
18473,3.862,2.525228478571429
6863,2.684,2.0165065
8365,1.281,2.384721503968253
17475,2.712,2.5815576483333325
12862,0.884,1.0891281984126986
16316,1.015,1.021557904761905
4068,4.955,3.7474218021428585
6237,1.673,1.5523475476190478
11833,1.413,1.8297419642857153
5277,5.00001,5.000009999999989
20451,3.213,3.4578816630952396
13671,0.821,1.0200517658730162
7277,0.929,1.2238996916666667
10228,1.68,1.4917514404761905
18943,1.35,1.465796619047619
20166,2.431,2.35370923047619
13966,1.571,1.5545658896825398
1023,0.979,1.1960319523809522
5598,1.777,2.018333380952381
16445,1.318,1.4159004761904759
5332,2.688,3.139166600595238
17299,3.143,2.186011189047619
19138,1.836,2.143172317460318
12428,1.0,0.6761636742857143
20397,2.322,2.3420739206349213
13745,1.381,1.337137107142857
6527,1.625,1.4383331428571433
4028,4.573,3.088811004285713
12022,1.392,1.4392532619047622
5885,2.445,2.832802940952382
3242,0.616,0.5716603015873016
8454,2.37,2.1316832301587305
16533,1.125,1.3904196349206344
13728,1.223,1.4730243412698412
6451,5.00001,2.657218535714285
12146,1.101,1.4253931785714278
9376,3.009,2.9783168646825398
13334,1.675,1.4117422380952376
3848,2.464,2.9120974428571436
18392,2.793,3.548302792857142
10445,4.14,3.0346038051587305
2111,0.587,0.5323049761904761
11583,2.949,3.6436202009523804
5532,3.652,3.408348509999999
18176,3.683,3.331089824761904
3926,2.392,2.0555879285714287
10898,1.214,1.7264137777777764
10407,2.15,2.1718003333333327
11942,1.139,1.2715615476190474
6864,2.364,2.4377272142857147
14046,1.717,1.8539413769841273
558,2.485,2.906826195238095
18703,0.582,0.6724111626984128
19995,0.678,0.5670678333333331
9656,0.757,0.9915610357142852
6095,1.78,1.8935760238095227
2727,0.604,0.5939777777777778
11524,2.261,2.9333821916666665
7873,1.795,1.9996177698412705
17354,1.582,1.9897386190476185
15186,2.786,2.829318046428571
16953,4.808,3.867130358333331
6846,1.923,1.9076317813852812
20525,1.417,1.197570095238095
17797,3.308,3.0391203333333348
14305,1.0,1.0617734404761896
7567,1.032,1.241788484126984
19851,0.535,0.5643016666666664
4165,1.857,1.6182185238095244
10810,1.929,1.790850785714285
10184,2.56,2.825867130952381
6134,1.385,1.6137024184704183
13901,0.696,1.0028183809523812
5048,2.468,3.7320108183333316
1470,2.659,2.9414734230158732
8213,1.625,1.3446187619047618
15726,3.227,3.7237794646825404
17119,1.489,1.7684863888888884
6407,4.29,4.414205193095237
18321,5.00001,4.6592777166666615
13241,2.541,2.880902989285714
15843,3.281,3.2480284007142854
4401,1.691,2.1748277500000004
7721,2.554,2.3568843333333334
20519,0.764,1.0028350595238096
15115,1.514,1.8195335714285716
6335,3.111,2.9119697698412694
9331,1.875,1.8855675873015878
6815,2.132,2.173674694444443
4824,2.083,1.7988168809523812
7100,2.028,2.2592524999999997
2252,0.901,2.167442908982684
14105,0.924,1.113791380952381
11782,1.365,1.1678290436507937
1869,0.922,1.0536192142857141
20099,0.794,0.7883157857142858
14129,0.955,1.0452223333333328
10843,2.492,2.3388728809523815
13300,1.117,1.2482331071428576
4821,1.906,1.6816343391053385
9868,1.918,2.248757845238095
8760,5.00001,4.390320312301585
3023,0.508,0.6978629523809523
16562,1.635,1.1043234166666667
15834,3.689,3.8599348038095225
1199,0.57,0.6701421190476188
19392,0.75,1.084263478571429
9162,2.29,2.5995159880952383
1277,3.409,3.5711165790079367
17092,2.766,2.7882823285714284
19455,1.884,1.934251321428572
16289,0.739,0.771095666666667
715,1.5,2.0023817500000005
1670,1.471,1.5967464669047615
11188,1.863,1.8308500476190468
8503,2.349,2.256377226190476
14100,1.225,1.3795072229437233
9349,3.989,3.213419667857142
361,2.5,3.3572313638095235
13328,1.136,1.6556141549206351
3975,2.448,2.5387233095238093
5871,2.25,2.1200897765873017
6955,1.869,2.9399273719696963
8703,3.097,3.4445155216666676
13098,1.306,1.5352570476190472
16844,3.423,2.7001892142857145
19544,0.65,0.741805273809524
10281,2.789,2.348712321428573
4842,1.688,2.2649477978571433
17215,4.184,3.7645156940476174
13531,1.09,1.4404977380952382
3458,1.601,1.8039177380952374
17036,3.45,3.3663261000000007
5412,4.188,3.505781788095238
8019,2.091,2.329330077976192
1157,0.975,1.0864592936507933
10166,5.00001,4.8382298131818136
12821,1.086,0.826626095238095
6301,1.333,1.6396952380952379
20035,0.509,0.6028023928571428
18184,3.116,3.1523446500000007
8618,3.655,3.4317485176190496
460,1.75,2.4461036416666664
7955,1.703,1.4023640839682543
20187,2.795,2.249763404761904
12154,1.259,1.4509591166666667
13384,1.557,1.6108901071428567
14258,0.833,0.8806673412698416
291,1.563,2.1963389230158734
6003,2.148,2.759340657142857
19824,1.103,0.835480380952381
9463,1.65,0.9669805119047623
16005,3.495,3.4749512289682527
15693,5.00001,5.000009999999989
10027,1.257,1.2036998293650791
13220,1.931,2.2123825952380956
6735,5.00001,4.98174057999999
6097,1.996,2.3199875238095236
4680,5.00001,3.659092954761904
9936,1.634,1.8756455928571432
7359,1.375,1.5650612380952384
16547,1.215,1.3826518571428574
8670,3.812,3.557873091904762
18869,1.119,1.672195571428572
19717,0.58,0.8301759603174603
9222,0.638,1.0675069523809522
5472,3.632,3.060942702380952
18554,2.064,1.9471269801587303
10434,3.708,2.4731859449999996
3310,0.818,0.9134964642857148
18151,2.715,2.507098138888889
900,1.97,2.207475154761904
2279,0.734,0.8886169999999999
4058,3.017,3.34975792404762
9059,1.196,1.7015936309523818
17812,2.581,2.240522654761905
5887,0.175,3.145000926428571
15321,1.457,1.8532965850000005
259,1.02,0.9887930317460318
11504,4.0,3.776455789523809
20019,0.992,0.9652458412698411
1647,4.854,3.968037214523809
11020,4.771,4.737863781190474
2910,0.669,0.5934227023809524
10154,3.754,4.496285416666664
230,1.696,2.1104589833333334
20362,2.476,2.634237466666667
11199,1.647,1.6951515833333333
3784,3.094,2.9107729896825405
14538,1.853,1.759014523809524
5572,2.302,2.367114214285714
7324,1.561,1.5895672023809524
11478,3.025,3.248342258809524
13908,0.978,1.1476288690476186
17927,2.513,2.9557622985714294
16769,2.813,2.748295216666666
14800,1.531,1.293902817460317
15829,3.556,3.962089155714284
9572,1.013,1.0773301746031745
7702,2.66,2.253895952380952
19646,1.607,1.5525021428571433
5460,3.058,2.868247120634922
12280,1.475,1.1381288373015874
11149,1.863,1.7969091392496384
17116,1.626,1.6507247023809521
6388,4.847,3.8589962867857137
14409,1.75,2.0555273833333336
12128,1.272,1.2714604761904762
10168,3.651,3.0217908777777778
11747,2.365,1.8816386309523814
17616,2.14,2.0536653095238093
17570,2.258,2.9112032190476196
2626,1.289,1.2762262857142859
14694,0.735,1.5641490166666663
9757,1.147,1.7123446904761908
17553,1.75,1.9081221277777773
3585,3.181,2.2141262817460308
16057,3.312,3.218517583333333
20228,1.925,2.4027725103174595
15533,1.595,1.3974744000000001
7796,1.627,1.7246230833333336
12637,0.673,1.0157236309523807
12932,2.129,1.7546419523809533
15056,1.406,1.6106837857142853
13337,1.865,1.4557216666666664
9362,3.932,4.033284092857143
16262,0.553,0.7118284523809523
5345,4.098,3.6599109043650793
6482,1.918,1.9478367857142853
16447,0.995,1.285629734126984
10221,1.75,1.9341373695238098
12044,1.58,1.577972333333334
4936,1.069,1.103266380952381
7704,2.772,2.3590650476190467
5671,3.267,2.950966869047619
2066,0.96,0.6918739761904762
3472,4.318,4.974010786666656
19189,1.722,1.8931555476190491
13060,1.125,1.3488584999999997
13980,2.25,1.2386280130952385
18456,2.595,2.2104961468253967
16097,2.915,2.924488383333333
3226,0.504,0.6935074841269844
17488,1.5,2.6017657199999995
8157,2.246,2.5589779964285713
19004,1.306,1.3895635411255416
19990,0.697,0.8173039603174604
18634,3.53,2.6285348476190467
18126,2.312,2.6487972776984128
6224,2.051,1.8230692261904757
18319,3.981,4.00657116388889
6105,1.413,1.5435193412698411
16306,1.733,1.4589554047619047
1957,1.279,1.1764255476190477
487,2.895,2.104889865079365
16384,0.959,1.0643829285714281
20569,1.334,1.5175261428571443
8091,1.468,1.6941209166666666
5848,1.813,2.2417379523809515
12300,0.546,0.8022053214285715
20028,0.555,0.5522035912698413
11044,1.5,1.7814752380952381
12696,1.028,0.9362290119047623
6023,0.933,1.036550785714286
13660,1.231,1.372214761904762
13213,2.318,1.5876862142857144
10928,1.595,1.6673236190476188
2783,1.083,1.1647671428571424
20045,0.431,0.49105049206349205
19869,1.056,0.9264510714285721
6309,1.683,1.6366290595238095
17413,0.283,1.2777763333333332
10511,2.829,2.5678482460317458
20253,2.343,2.0126567380952394
19052,2.125,1.0346527301587303
4336,2.056,2.0176265142857144
19666,1.5,1.8866978543650803
1020,1.93,1.9065455833333331
9188,0.14999,2.4678156190476193
6484,1.7,1.6594241666666667
14540,1.683,1.718437714285714
3274,0.935,1.1609552182539682
20491,1.918,2.122544876190476
11145,1.815,2.311170714285714
3882,1.954,2.0096451333333336
15105,1.219,1.558833333333333
15418,1.426,1.9672709678571434
4877,1.583,1.40749385952381
7427,1.653,1.4546497499999995
4525,1.55,1.479146335714285
16365,0.921,1.0225776626984129
2736,0.681,0.6329119761904762
9282,2.763,2.6369274595238097
134,3.352,4.050643861190475
15168,1.211,1.2721702976190477
16403,1.771,1.4482184404761902
5597,1.875,1.7851529571428566
12585,1.92,1.8411888214285717
5701,3.012,2.909035965476192
13348,1.591,1.4774799682539674
16912,5.00001,4.999164949999989
16976,2.737,2.4896430952380952
18399,2.339,2.4130531111111115
15624,5.00001,2.726424218571429
8132,2.228,2.4612208119047616
13789,1.402,1.6168759892857147
10906,1.598,1.6557397380952383
4972,1.188,1.2452082103174602
8941,5.00001,3.7442465654761903
12700,1.055,1.462554321428572
4205,2.178,2.077667207936508
4590,1.875,2.0928015533333326
1579,2.873,3.3982463095238087
2968,1.31,2.1323143166666663
12554,0.558,0.6102652380952381
6290,1.619,1.731863777777778
485,2.536,2.396869453571428
7786,1.55,1.5477486388888892
967,3.115,3.571844924047618
11838,0.878,0.8503467023809524
9469,1.058,1.0155593690476195
10110,1.37,1.629855436507937
6544,1.563,1.5651628769841273
7306,1.547,1.4826196785714285
1947,1.674,1.4977765714285716
16131,4.578,4.190688667619045
8645,5.00001,3.8171328621428553
2225,1.883,3.7212863404761896
4328,4.429,3.2579802177777766
3533,5.00001,4.998491193333322
8870,5.00001,4.600264526349202
18515,1.875,1.72564555952381
19815,0.574,0.5411201785714285
18349,3.875,2.186269466666665
10510,2.72,2.7946364960317465
14165,1.676,1.2686848928571428
6921,4.037,2.9497499242063467
4448,1.917,1.4466827142857133
10418,5.00001,3.0035899238095243
6173,1.871,1.9277009880952378
19053,0.964,1.3618989880952375
9444,0.924,1.2391461785714284
20266,2.139,2.098275150952381
13522,1.55,2.317488233766234
6114,1.33,1.612916976190476
4602,2.75,1.8097392476190464
6978,2.385,2.30969892952381
16415,1.583,1.2601727619047616
2549,0.705,0.856533099206349
11025,2.223,1.7962931904761916
18159,4.119,3.7483984293650776
3704,1.851,2.0396841031746034
8188,5.00001,3.321159217936507
14875,1.398,1.3820060476190474
16694,1.781,1.9498185952380953
19210,1.593,2.0261273733333325
7285,1.25,1.098425121933622
14585,1.971,2.251676285714286
13551,0.64,0.7495915634920634
7884,1.946,2.103397035714285
9999,1.625,1.2530377499999996
2904,0.844,0.514952384920635
20588,0.613,1.0801694047619046
16961,3.682,3.492063315
12143,1.221,1.3072846785714283
19663,0.861,1.4921925896825399
601,2.099,2.2186050000000006
7047,1.708,1.655530333333333
16716,1.75,1.6889577142857148
14298,1.266,1.2926855238095234
3728,2.822,3.098552411904761
20313,2.077,1.9720258214285715
19149,1.042,1.815418424603175
20247,2.143,3.4792911642857147
2167,0.803,0.7695290952380951
16703,2.731,1.8978091309523808
17902,2.375,2.2590938452380955
19546,0.738,1.0731379571428576
18412,1.844,1.8268223253968252
4322,3.42,2.9416463371428576
14999,1.297,1.4715560119047615
18407,2.24,2.591820419047619
20526,1.569,1.26001244047619
17318,3.949,2.521674357142856
15510,1.577,1.9755439761904758
2624,1.199,1.115377821428571
8602,3.169,3.615153091666666
8195,2.125,2.5054485928571433
2545,0.683,0.7660863702380949
15032,1.651,1.8312405476190476
5168,0.936,0.979418726190476
16227,0.888,1.0130055476190476
741,1.847,1.987066845238096
411,3.271,3.4816848521428585
13189,1.343,1.0842409365079368
17237,5.00001,2.9542578371428574
16334,1.621,1.6245989761904758
18065,5.00001,5.000009999999989
18654,2.292,2.1597284642857133
2497,1.125,0.8424664722222225
8709,3.542,2.4210186190476186
17057,3.621,3.3559848027777788
16423,1.625,0.9876102976190475
4902,1.005,1.2214157460317459
2760,0.677,0.8059274047619046
2075,0.571,0.6084473452380952
12005,1.648,2.486906880952382
4193,2.042,2.0896171428571426
18250,3.424,3.2714023440476208
7344,1.815,1.5955850158730167
4059,3.045,2.7795533404761903
17875,2.353,2.25658011904762
3105,1.053,2.3607834761904756
14362,2.914,2.992322668571428
17124,1.596,1.722075857142857
14250,1.118,1.0681542380952382
16318,1.196,1.4130229166666677
16705,3.297,1.9178425976190479
286,1.367,1.5524949523809521
1323,1.014,0.9943215079365076
19473,1.186,1.112023777777778
18880,1.333,1.5485841845238093
19844,0.525,0.531352355952381
18400,2.346,2.4312440238095236
72,0.75,0.8749299007936512
6325,1.763,1.6748560000000003
410,3.468,3.100042809761905
9147,2.518,2.914201117261904
2078,0.542,0.6563112357142858
2012,0.675,1.357416511904762
13191,1.425,1.6741505833333346
16368,1.016,1.1707841904761904
8144,2.273,3.010725565714287
16150,3.372,4.117329886316738
9289,1.188,2.1487154642857136
2522,0.675,0.8044690714285714
10090,2.02,2.4104036523809524
14240,0.942,1.0035910714285712
12830,0.962,0.9611973452380951
16033,2.25,2.548679507936508
6076,2.587,2.2732091361111113
12315,1.031,1.0877590531135533
4504,1.172,1.5009413095238089
12123,1.648,1.6808051619047624
15003,1.44,1.63033569047619
6692,5.00001,3.924268847619049
10049,1.554,1.720942452380953
12029,1.147,1.1973358214285716
7177,1.231,1.448599134920635
17381,2.268,2.186242547619048
10008,1.804,1.6605353571428574
6613,3.109,3.8541369320634917
7000,1.488,1.6284643849206346
2298,0.847,1.1255823142857144
3168,0.637,0.7254123214285716
6369,2.62,2.3341716190476185
8590,4.381,4.271053335158728
7738,2.265,2.390849646825396
12246,0.876,1.059592714285714
8603,3.455,3.6575114884920636
9091,1.401,1.079484023809524
5385,3.667,3.033368378571428
14085,2.708,3.0515887004761906
6100,1.688,1.9752481666666675
17223,2.938,3.682705850238094
18445,2.518,2.6425148357142856
1071,0.851,0.9232477402597397
19311,2.675,2.832486534920635
3429,1.409,1.4896656428571424
7712,2.855,2.0213457539682538
19352,1.513,1.1827441587301593
15658,2.25,2.543604759285715
2830,0.446,0.7018678214285713
4265,4.5,2.3262669849206357
16460,2.293,3.094690502380952
2045,2.25,0.6676163095238095
4771,1.38,1.8492377857142852
19883,0.969,0.8311887499999999
20161,1.612,2.133975514285714
10052,1.443,1.1968220476190472
8922,4.5,2.947917906349206
205,1.225,1.448027415952381
5925,2.487,2.2486185952380957
9895,1.342,1.453949554112554
10480,3.481,3.433163833333333
3351,0.783,1.1789494999999994
13464,1.078,1.0366056785714282
7181,1.469,1.3502882499999995
16617,1.883,1.9696196428571426
15314,1.625,1.592967261666667
2677,0.586,0.5986582777777777
17550,1.837,1.8539397976190473
16174,1.804,1.8489472142857144
14080,1.75,1.7396209285714281
15180,1.372,2.2099662351010108
1731,1.1,2.404624190476191
14931,2.334,2.3292833277777776
10022,1.283,1.3685791904761908
4556,3.5,2.372833803809524
697,1.552,1.6970409761904763
1005,2.567,3.041416584047619
12521,0.859,1.0198116666666668
12291,0.732,0.8074732738095238
14426,2.583,2.3780081190476183
2771,0.628,0.6599346539682539
11513,4.85,3.2740911216666664
4880,1.24,1.4168400000000003
15110,1.585,1.6910264047619052
5140,0.973,1.012661079365079
7765,1.867,1.9152001547619049
18004,3.441,3.4973057052380936
14535,1.667,1.7019165634920632
1029,1.089,1.1175609642857145
10734,4.829,4.285744274285712
9109,2.044,3.305793307380951
8545,2.307,2.1692710714285712
16276,0.53,0.724414253968254
15296,1.785,1.7261386857142864
9857,5.00001,3.3834020419047635
9418,5.00001,4.411329032936502
19876,0.849,0.7002712023809523
5438,5.00001,3.753418636666664
17804,2.468,2.5654765000000004
8214,1.563,1.5084790952380944
4828,2.346,1.7745572857142862
19799,0.488,0.907481761904762
8336,1.458,1.759319972222223
17496,2.715,2.4433374626190467
8858,5.00001,3.988320903809525
13955,0.875,1.4615584476190475
2101,0.691,0.5788917142857144
13195,1.393,1.4233035714285713
101,2.734,2.7234031097619043
14959,2.297,2.0524765476190474
19763,0.682,0.641031126984127
19465,1.143,1.437363142857142
2743,1.599,2.4879901666666666
13600,1.166,1.0922050396825396
17779,2.099,2.0532859761904767
18695,0.689,0.6562291666666665
9068,1.014,1.1517256190476197
7077,2.14,2.127913404761905
17718,3.553,3.448226154166666
7530,0.903,1.327075142857143
3617,1.593,1.627505666666667
2730,0.639,0.7956669666666667
396,2.182,2.3266712857142857
1664,2.536,2.990912245
5201,0.813,1.1929210995238093
14656,1.886,2.1567185158730164
9687,1.654,2.3287047761904764
1476,1.063,1.5307145793650787
8517,2.101,2.405138761904762
3415,1.476,1.466389273809523
17487,1.125,2.764174131190476
635,1.75,1.7618170238095234
817,1.566,1.7075842499999996
7486,1.173,1.389555138888889
4672,2.292,2.1888495476190473
11316,3.5,2.0186749920634917
50,1.719,1.7692845499999998
20141,1.993,2.119904554761906
12591,2.516,3.279518147142858
8827,3.0,3.292429793095238
4596,1.589,1.767780785714286
707,2.168,2.4600776928571424
1686,1.98,2.348830928571429
15846,3.561,4.0642293378571415
11659,1.923,2.2883207793650797
8955,3.145,2.454040571428572
2777,0.5,0.6270165634920634
14570,1.625,1.891089428571429
724,1.671,1.7476659404761907
16349,1.388,1.203297821428572
6932,1.476,1.5720920714285713
836,2.385,2.1419394047619047
19530,1.107,1.4051699285714283
20370,3.338,3.182310273809523
433,1.921,2.075928527777777
9140,2.94,2.437632313095237
7361,1.545,1.5151977857142862
3609,1.519,1.5607987261904765
17106,5.00001,4.886240324999991
16790,3.229,2.532657317460318
20298,1.656,2.4718614128571423
13166,2.212,2.0620221666666656
7924,1.704,1.7552598253968252
11764,1.987,2.1277852063492055
8409,1.625,1.3328382619047618
16951,4.112,3.5711359523809523
17745,3.355,3.3666703273809526
13342,1.491,1.4743678214285714
8925,3.815,3.8394084423809507
6842,1.839,1.8497688599999995
1158,0.912,1.6226199047619045
128,4.115,3.755684665873017
8020,2.203,2.625445190476191
3502,1.581,1.4723826428571427
11858,0.696,0.8704800238095239
10329,2.705,2.9528788343434345
7695,2.616,2.686389358333333
123,3.895,3.5043432701984134
1247,0.75,1.0249747023809521
820,1.776,2.0308626547619038
10010,1.704,1.450613
7431,1.542,1.4559124920634923
7167,1.319,1.4625780357142855
19764,0.444,0.6066785873015875
7217,1.45,1.442422714285714
10830,2.241,2.738618284523809
10083,1.875,1.904665280952381
5787,1.929,2.1046893333333343
11973,0.886,1.1056153095238097
7755,1.839,1.9414363055555555
20467,2.25,2.5763079761904755
13963,1.828,1.6658818928571433
19453,1.376,1.6466974761904762
18513,2.653,2.3125764761904763
2948,0.366,0.701728323809524
13093,1.255,1.448077071428572
15068,1.386,1.9274151190476192
9801,4.871,3.7798684169047614
17686,1.786,1.6659020158730158
13663,1.345,1.9096628571428576
10127,3.067,3.438772095238095
7599,1.158,1.662004823809524
5160,0.914,1.3100143333333336
15570,2.109,1.9978741428571427
963,2.592,2.7207592976190464
15542,3.473,3.643321554126984
3014,1.684,2.288154561666667
1959,1.509,1.4648269523809523
13871,1.135,1.2055807738095234
20369,3.026,2.9845955702380955
20271,4.233,2.9472659714285716
8570,4.922,4.2820876132539665
8114,1.906,1.8328019047619046
10865,2.45,1.9022326309523807
16245,0.557,0.793281261904762
3077,0.84,1.2971443611111113
10249,2.75,2.6764217380952373
13039,1.896,1.8639686746031747
17944,2.759,2.6588754860317465
15225,3.198,3.2171751333333343
930,2.917,2.417052384920634
3156,0.679,0.7279643214285717
3633,1.89,1.8142729166666667
18877,0.9,1.2073492619047623
15904,3.35,3.3220045297619043
4201,1.767,1.8889796277056263
9238,0.985,1.088515366666667
5570,2.006,2.386856825396825
2152,0.602,0.7294089761904763
12551,1.919,1.846196309523809
11146,1.911,2.0778801111111114
927,3.373,3.0683870590476188
8833,2.25,3.491197072222222
4610,2.906,2.298015153571429
12231,1.215,1.291462535714286
17005,2.932,3.1415114190476188
12058,1.07,1.2555679857142856
8952,2.664,2.3101120634920638
16412,0.769,1.2216453095238096
13769,2.203,1.6630511287878786
14108,1.011,1.0960986031746027
9387,4.746,3.664298561904762
13906,0.653,0.6880499722222221
15527,1.137,1.2392590119047617
9705,2.142,2.2326854523809527
7117,2.167,2.2649944523809524
11635,1.984,1.9996492460317468
6434,2.122,2.3029064642857153
15765,2.227,3.7657132816666654
13150,2.659,2.269599928571429
19801,0.375,0.803618282857143
15873,2.65,2.6147567742857154
11800,1.087,1.1240911341991342
2943,0.467,0.5296420833333336
10529,1.875,2.091310980158731
19714,0.616,0.7047695793650794
8722,3.43,3.2791152222222224
6186,1.66,1.8742184206349206
5354,5.00001,2.7552565
10172,1.375,2.0405800595238093
10036,0.906,0.9815837023809526
2805,0.77,0.9287921269841268
3433,1.481,1.4980501547619038
16225,0.916,1.3865418333333326
12200,1.509,1.847847142857143
8486,1.551,1.4862747499999998
13631,0.892,0.8599182142857142
6653,2.154,2.165586960079365
19757,0.551,0.6681605357142858
11176,1.974,1.8840961111111114
14048,1.544,1.655351358730159
1837,1.417,1.7089861428571427
16355,0.984,0.8087259523809525
13967,1.526,1.753946976190476
4982,1.096,1.209368952380952
19075,1.713,1.8111592063492066
12412,1.041,0.926019357142857
3616,1.539,1.5263152023809519
8679,2.7,2.378259642857143
7907,2.865,2.79837630952381
18478,3.35,2.242224138095237
8369,1.377,1.6155832380952382
4140,2.32,2.3064050238095235
16151,3.938,3.5139638319841264
12628,0.703,0.8810443564213566
7300,1.417,1.5014198174603177
7305,1.563,1.587913162698412
8317,4.5,2.9974163664285713
15532,1.998,1.929447380952381
20553,0.953,1.1786663412698417
9560,0.869,1.0663946666666668
6888,1.875,1.6787256626984117
16664,2.218,2.0787315238095228
12419,0.588,0.7469237142857142
8054,1.344,1.5521149226190472
584,2.386,2.63979703968254
11318,1.609,1.7199598809523797
12919,1.364,1.87925
7834,1.44,1.561107087301587
14727,1.593,1.871888833333334
6969,1.553,1.7225047857142857
1765,1.426,2.3120485350000006
16440,1.207,1.1714757142857142
6126,1.262,1.7534152500000002
7947,2.134,2.1799082738095246
13052,1.169,1.3497163073593075
3498,1.858,1.8273831190476193
1557,3.56,4.060384162380953
16325,1.5,1.4561933047619042
19781,0.889,0.8732218452380951
17254,2.591,2.554768333095238
8187,5.00001,4.14828541285714
13468,1.276,1.183167309523809
16248,0.699,1.0539120357142855
10993,1.37,1.9170165952380953
16115,2.737,2.6674609083333327
13785,0.92,1.0220231071428574
7936,1.183,1.5433521349206345
20376,4.108,4.611830156428566
13872,1.005,1.0562853571428574
15755,4.929,4.113749666349204
13463,1.185,1.1794736587301584
11941,1.135,1.2443603571428574
2157,0.899,1.9729146190476192
8573,5.00001,4.212693591349207
18357,5.00001,4.989463216666656
18611,1.463,3.013399068095238
14214,1.135,1.1601239285714289
8980,2.75,2.074751365238096
14249,1.025,1.1660942337662341
15128,1.471,1.7571998809523806
11099,2.25,1.9813691952380952
11793,1.394,1.6767272261904762
20283,1.758,1.6412437460317464
2814,0.57,0.7538029047619048
11685,2.696,1.7642807380952383
1697,2.729,2.5925029638095247
2740,0.762,0.932239916666667
10376,4.841,4.471041200833334
7231,1.806,1.54472792063492
11223,2.38,2.300011761904762
14284,1.375,1.3051116785714283
11770,1.863,1.5115147716450215
14581,1.929,2.072791764285714
1066,0.845,0.6608579841269845
14742,1.076,1.6425710476190476
19880,0.555,0.6264035476190477
18009,2.653,2.5771248333333343
14368,3.883,4.046848085952379
14817,4.827,3.9328479875757556
735,1.981,2.786348238095237
2439,0.927,0.7531645887445887
17284,3.462,3.5644902416666673
2498,0.388,0.6734696904761905
12555,0.567,0.5904077857142859
18908,1.237,1.5116243666666673
12532,0.938,0.7838860714285716
14757,0.932,1.2135357976190475
2782,0.44,0.7313104166666667
2136,0.692,1.039608988095238
20249,3.018,2.5148921238095236
5371,2.542,2.063630246753246
1698,2.098,2.479017499999999
6352,1.845,1.8504940396825396
12858,0.734,0.8511714285714285
8748,3.39,3.2991230714285718
2039,0.931,0.9380776428571426
13359,2.023,2.0684669404761906
2360,1.333,0.8627851190476191
14953,2.707,2.744574166666668
9826,2.402,2.860295375
13388,1.393,1.315121257936507
12561,0.57,0.7066364603174605
20087,1.707,1.402407583333333
4973,1.192,1.2016059285714282
8394,1.773,1.7579919761904768
5557,2.896,2.7823830011904764
12692,2.976,2.841619374285715
19502,1.099,1.2790872857142859
19436,1.475,1.7727058452380953
18721,0.787,1.0113503214285715
7660,1.603,1.8320205238095244
19514,0.777,1.150312091269841
18266,4.735,4.540131925476187
6919,5.00001,4.748216293095233
1219,1.331,1.342665833333334
19825,0.935,0.7602646071428569
18202,2.801,2.859501817460318
16605,2.567,2.1801902777777773
11398,2.88,2.5581409285714285
15530,1.611,1.7730882
13346,1.37,1.7591323190476194
3302,0.62,0.8921744976190475
18308,4.438,4.483798394444444
14001,0.683,1.1872386879870127
6067,2.621,2.654119666666667
19381,1.094,1.341872045238096
17105,4.093,3.975604734920633
6483,1.752,1.7354924523809532
8375,1.477,1.7408127150072144
14360,2.875,2.069524730952381
14120,0.932,1.1282373095238094
19043,0.938,1.398898464285714
3468,1.724,1.7734313571428575
17094,3.186,3.0929173183333334
15025,1.852,1.818004166666666
19685,0.652,0.6552533253968253
19700,1.797,1.1789053452380953
6503,1.592,1.6259402460317467
8056,1.519,1.8833844825396826
20600,0.717,1.2957797301587306
13367,2.452,1.7916034976190476
8986,2.283,3.783209548571428
8951,1.964,2.0785689761904766
13163,1.924,2.1552008333333337
2046,0.659,0.6743614761904763
6706,2.823,1.9773608571428565
9729,1.853,1.952610785714286
14255,0.886,0.9750768928571429
9652,0.675,0.7408469404761907
12745,1.434,0.9950648492063497
20557,1.194,1.045072464285714
3817,2.158,2.8829695576190475
10352,2.574,2.6354186984126993
18317,3.734,2.6180681722222228
5621,1.523,1.2510260238095237
6832,2.457,2.201526333333334
3059,0.8,0.6702125833333333
14248,1.372,1.378412388888889
17834,2.669,2.5647925952380954
8715,3.953,3.53485461920635
20473,2.221,2.260782448412699
5306,5.00001,2.7611885360714283
9796,5.00001,3.9207569476190467
3579,2.329,2.337011309523809
16043,2.597,3.2152883428571437
15442,2.157,1.899630636666667
17831,2.432,2.329322166666667
7115,2.214,1.884808053333333
3287,1.125,1.2675150273809523
18557,3.885,1.898896915476191
14454,4.1,3.475055593333331
7958,1.63,2.0426718333333325
14405,5.0,4.470904750238091
20162,2.313,2.381622621904762
3213,0.761,0.9321069285714287
5449,4.586,2.9721774442857134
10309,3.663,3.5995854647619048
9000,2.968,2.448986524166667
3047,0.586,0.5435482857142859
11890,0.848,0.9407731666666669
6020,1.173,1.8339309444444445
1891,1.266,1.2315227380952385
8380,1.708,1.7379403333333336
13729,1.493,1.5141693134920635
1026,1.19,1.226149527777778
16130,3.75,3.512652173030304
11557,2.849,2.9232091547619037
13126,1.701,1.1934188690476193
18337,5.00001,3.072185753809523
15595,0.987,1.4495567166666663
13897,0.608,0.7011758928571432
7200,1.428,1.3782619999999997
18528,2.239,2.249868785714285
4639,1.375,2.112822588095237
16070,2.978,3.0469683000000005
14844,1.127,1.1491773174603175
19384,1.133,1.0054825476190474
13879,1.214,1.415321357142857
10346,2.484,2.586725575396826
9806,4.078,4.096411741666667
18629,3.566,3.8139155137301595
16379,1.063,1.0289538690476192
11955,1.214,1.2171105000000002
9431,2.409,1.9169619523809516
10431,2.471,1.7263529238095245
19743,1.379,1.0976944783549782
1194,0.863,0.7763743095238097
17236,5.00001,3.810597628333334
8008,2.163,2.3068222738095234
10494,3.056,3.294643148809525
631,1.583,2.0500481666666666
10649,4.521,4.127085509285713
196,0.95,1.3194889130952385
1119,1.057,0.874494706349206
2290,0.846,0.7998646507936504
15403,2.401,1.6066683817460312
13225,1.625,1.7901922142857147
11974,0.966,1.2856128226190477
13823,0.922,0.8459898773809522
4168,2.282,2.0746583095238096
17387,1.137,1.523171678571428
2184,0.69,0.6941165844155844
18342,5.00001,4.407618134047615
17064,2.25,2.1094887778388274
13260,1.74,1.5643587580952376
9416,5.00001,4.490012938333327
274,2.53,3.1978434561904754
14709,2.776,3.5413629703968246
7094,2.852,2.709417166666667
1804,0.903,1.0489365952380951
15366,1.899,1.6593341916666657
10853,3.166,2.824154319047618
10305,3.019,2.7022082857142853
13856,0.931,0.9830611468253969
5144,0.942,0.9680727619047618
10977,2.138,2.2554705952380947
6223,1.875,1.8597981666666663
15716,5.00001,4.2305404319047595
15842,3.257,3.269155183809524
15264,3.0,2.4522370031746035
1776,1.439,1.658896256349207
15617,5.00001,4.824935254999992
14927,2.641,2.5850288057142854
2701,0.623,0.8144505
10019,1.388,1.2862099404761909
7506,1.054,1.274251071428571
2702,0.635,0.7334631071428569
12069,5.00001,1.8258280500000004
13133,0.978,1.105255619047619
13441,1.274,1.4350082499999997
285,1.353,1.5635975714285721
9693,1.561,1.3476111428571422
5754,4.468,4.751686559999995
20604,0.65,0.8628945714285714
7443,1.518,1.6869086666666657
14081,1.922,1.9248462857142854
8390,1.531,1.9448453467532465
15033,1.658,1.8124533214285714
549,2.542,2.853230678571429
18025,2.342,2.7556872610317464
16182,1.125,0.9369929007936507
2909,1.187,1.2084892341269837
17518,2.409,2.3257325238095246
17597,2.833,3.5661137649999985
19542,4.5,1.5139976802380957
3048,0.521,0.5976324642857143
9623,0.559,0.6720289404761907
9442,0.881,1.2427912023809526
6466,2.489,1.979520630952381
18820,0.686,1.5430064785714288
6647,1.563,1.6750034761904764
16815,2.727,3.106685033333333
5376,3.404,3.4036644619047625
6600,2.188,2.1269874896825396
2452,0.701,0.7948946031746028
14810,5.00001,3.2365920519047626
1979,1.625,2.0733613690476185
13855,1.118,1.1031327499999999
19493,1.102,1.4320574603174605
2067,0.742,0.6188910595238096
14771,1.032,1.1715371944444444
16726,1.721,1.9567571587301595
13486,1.32,1.1282139777777775
3268,1.663,1.232764384920635
19930,1.073,1.0660735158730161
12250,1.079,0.9779429365079365
16323,0.946,1.0955170795238096
9566,0.661,0.9789509761904762
7666,1.582,1.6250039920634924
9231,0.958,0.9776144523809525
12131,1.17,1.137567380952381
19259,1.709,1.8096927619047614
11872,0.929,1.2327406761904764
11127,1.625,1.637795861111111
7245,1.938,1.6629084523809525
4980,1.346,1.0821303571428575
12534,1.231,0.7626316428571427
13657,1.157,1.527142428571429
1358,0.835,1.0005931309523814
3070,0.622,0.5564604047619047
19935,0.744,0.9330924007936511
7861,1.801,1.8838449166666664
15073,1.958,2.268808639682539
6551,5.00001,4.974284883333325
12063,1.443,1.3834659047619047
16454,1.254,1.074795880952381
2255,0.808,0.7828145119047624
2266,0.659,0.7010775476190476
8097,1.579,1.6449939047619049
14463,5.00001,2.981134820714286
17566,1.808,2.2903222380952384
8193,2.362,2.5567835714285714
7590,1.03,1.0516537813852815
10990,2.169,1.774328451298701
8829,3.833,2.9469702619047613
4630,5.00001,2.5446858088095237
11839,0.835,0.8788694271284271
19236,2.144,2.105540452380953
18840,1.0,1.057714380952381
12634,0.788,0.8948971507936505
13602,0.976,1.0068021666666664
3755,1.784,2.426428642857143
20392,2.871,3.258034856269841
10242,2.701,3.2525848522727276
9152,1.855,2.1900695071428573
3204,0.906,1.2079794238095238
17554,2.136,1.851492214285714
16516,1.243,1.2211497023809519
14471,2.05,1.2146554642857141
6463,2.567,2.641467200952381
4007,3.927,4.286556119999999
14614,1.333,1.3864859999999999
18924,1.871,1.9097307142857138
8692,2.554,3.41839436984127
16870,3.474,3.2731721730952392
16461,1.717,1.7223290476190476
49,1.125,2.1235529097619046
13916,0.826,0.9101396428571427
2932,0.486,0.494177746031746
2966,1.341,2.552355892857143
7826,2.258,2.196223285714286
6730,5.00001,4.876505794999993
4724,4.7,4.25895808095238
6788,2.258,2.1518374047619044
4742,1.58,2.0278141174603173
12950,1.171,1.378901261904762
18468,4.163,4.075324321349205
9440,1.208,1.1695574603174608
8029,2.263,2.3058945238095236
12784,1.222,1.2349668452380953
1303,1.0,1.1668928690476192
17065,2.295,2.0245152088744587
19595,1.958,0.8385925833333334
19389,0.85,2.115192051111111
7716,2.647,2.317649321428571
18085,4.555,4.193064637619048
11537,1.76,1.8330251984126988
9616,0.811,0.9952155
1373,1.664,2.0305184722222216
2998,0.826,0.8371237500000003
8271,2.722,2.227276047619047
8288,2.711,3.69163290547619
18179,2.394,2.4883350248917746
7453,1.718,1.9797468095238093
1135,1.218,1.0151751904761905
15326,1.736,1.7014907301587296
10201,2.393,2.61702815690476
3050,0.588,0.7141676428571428
426,2.875,2.588133272857143
9253,0.707,1.0691796984126984
3694,1.817,1.7817502619047618
16219,1.137,1.307961880952381
8039,2.241,2.3053469047619046
1588,3.513,4.221150490000002
17298,3.013,2.510718061688312
339,0.807,1.6448453218253969
12133,1.526,1.7075466190476185
11647,2.374,2.544631206349206
14235,1.794,1.669403571428572
6392,5.00001,4.734283821666662
19272,1.702,2.0232984920634927
10908,1.653,1.4584441536796533
17652,2.259,2.193300792777778
11359,1.597,1.538754420634921
5527,3.635,4.039212675833331
7326,1.321,1.4213406428571427
16138,3.768,4.052436213214283
3314,0.969,0.8101268400000002
15802,3.162,3.694055497063492
16051,3.238,3.4278973333333305
5286,3.875,4.303961751547615
19285,1.491,1.4599835912698413
5259,5.00001,4.999931934999989
10812,2.25,1.618188948809524
3649,1.788,2.024548773809524
54,0.875,1.0764685714285713
2973,1.301,1.1666399285714286
8631,5.00001,4.397579933571428
10163,3.49,3.1056897329365087
2959,0.73,0.7722111320346321
15250,2.447,2.3371557057142867
6455,2.754,2.2334219285714285
15957,2.462,2.5224609402380964
10365,2.362,2.3395948
401,2.322,2.9785535476190486
13982,0.533,0.9145933396825398
7294,1.631,1.532653119047618
13905,0.724,0.954427888095238
11076,2.345,2.2746857499999997
19434,1.5,1.5938757214285721
4981,1.161,1.1073214047619047
8253,1.813,2.010009071428571
9737,1.21,1.4608890714285718
18870,0.887,1.0524901904761905
11236,1.825,1.897420726190476
19251,1.974,2.115578361587302
7554,1.281,1.3833660476190475
18790,0.765,0.957531011904762
20405,3.0,3.0299319642857148
10519,5.00001,4.498479220714285
5905,1.603,1.5511210238095237
17822,3.356,3.4916813666666684
14063,1.576,1.543676
19191,1.906,2.1614746785714285
10696,1.808,2.2373798420634916
1722,1.042,1.0524635714285713
13306,1.118,1.4481336904761901
664,1.941,1.9967406666666667
17031,2.538,3.41383318452381
13084,1.295,2.291110638888889
11937,1.176,1.7191979047619048
16055,3.398,3.5299243645238096
8285,3.429,3.2373187984920624
6218,1.955,1.860102761904762
19689,0.838,0.7981582929292927
18956,0.942,1.1221752380952388
3269,1.406,1.2366728095238095
3948,1.609,2.4447189201298714
19289,1.693,1.785848428571429
10462,2.759,2.619790740476192
8251,1.462,1.362935190476191
5800,2.023,1.9317223214285713
9893,1.54,1.4885343571428573
13309,1.355,1.4230510873015871
16752,2.359,2.331879333333333
13308,1.288,1.2655872142857147
17682,2.496,1.9741318650793644
10500,3.0,2.80956510357143
13086,1.341,1.684011
9406,3.086,3.488253810952379
5642,3.5,3.1076659126984127
18868,1.108,1.4025784523809526
608,1.908,2.2795664747619044
13405,1.088,1.122110388888889
13113,1.444,1.5914246857142857
19,1.629,1.4026606785714284
1338,1.639,1.751649023809524
14264,0.98,0.9805169999999996
7474,1.327,1.4087945912698416
9751,2.831,2.650078748809525
16947,4.072,3.3665870297619045
11547,2.482,2.6153758333333332
19804,0.645,0.9438784047619049
18292,5.00001,3.0846205616666658
10653,1.944,2.8662026626984134
4783,1.375,1.6323334523809523
6006,1.273,1.2929511626984125
2487,0.853,0.9108297063492067
3702,1.949,1.9333198690476179
16624,2.211,2.562315992380953
6098,1.922,1.9875613466810955
4625,4.045,3.002800324956709
19680,0.735,0.7346505595238096
19301,2.337,2.1643056190476195
11909,1.188,1.1974651031746029
19521,0.7,1.1560002142857144
15531,1.828,1.6610764126984126
3486,5.00001,4.929807755952372
5005,1.577,2.096426944444445
16392,2.479,2.723964553095239
18364,5.00001,3.853659597857142
20156,3.579,2.7564889226190483
2425,0.569,0.5645963253968254
10584,3.024,3.338538663492063
12986,1.254,1.3264769047619047
18631,3.864,2.892588981904762
15421,1.756,1.6071339285714288
12032,1.105,1.310796001190476
4101,3.867,4.474299070158729
13141,1.375,1.7322939285714276
17864,2.287,2.438608642857143
8403,1.494,1.8373058030952376
2958,0.737,0.7269738185425686
15614,5.00001,4.135649379999998
11917,1.321,1.4632875753968255
18731,0.865,1.184077587301587
3800,4.179,3.468271903333333
15484,1.726,1.8784698095238093
16409,0.997,0.8824298174603178
10709,0.725,0.955364556277056
7628,1.808,2.020435147619047
19058,3.084,2.6719681190476208
18094,2.883,2.597100309523809
14024,3.022,3.6792238104761896
10963,2.888,3.5785647102380933
13174,1.0,1.2225728226190475
15933,2.33,2.3971738333333334
14740,1.369,1.3545083650793643
3798,2.094,2.4330612387301582
20342,2.466,2.567517953571429
9260,0.652,1.022265976190476
17024,4.912,3.556927069404761
9020,3.567,2.9466371938095244
8374,1.643,2.4360304761904756
13619,0.882,0.9166980476190476
1983,1.559,1.257831797619048
13372,1.917,1.630805402380953
19039,0.844,1.755675882738096
19089,1.901,2.138341960317461
12842,1.125,1.0577776309523808
17696,1.152,1.6327501468253964
15482,1.746,1.9547055476190476
16607,1.135,1.6899427261904765
17671,1.524,2.2709485595238097
12934,2.503,2.3726088595238086
657,1.837,2.0737525158730157
9014,5.00001,2.711814611904762
9293,3.109,2.8816203333333332
751,2.306,2.0532087499999996
2081,0.685,1.1594868214285712
17012,2.674,2.8027008452380953
10268,1.453,1.7915451825396829
16982,2.82,2.809292571428571
19378,2.821,1.522801759285714
5763,1.898,1.7988431904761897
843,2.544,2.4441869880952374
16603,1.617,1.7554468452380962
19215,1.888,1.7752729523809514
14487,5.00001,3.613262982857143
12831,0.944,0.7636260555555555
8723,3.428,2.4270194761904755
3410,1.915,2.8509385461904757
16652,2.096,1.937772123333333
6847,2.35,1.8754235714285719
5861,2.314,3.57136705190476
9935,1.302,1.809310601190476
20265,2.082,2.039116357142857
5351,5.00001,4.922772191666657
3652,1.686,2.05876898095238
553,2.281,2.1616425357142854
13089,1.269,1.7296653174603178
12824,1.355,1.2875552857142856
9097,1.567,2.024068952380951
13253,2.086,2.412337321428572
18476,4.367,2.4622312142857146
19872,0.71,0.5617846071428574
11850,0.888,0.887163
576,3.416,3.756816977341269
7578,1.202,1.1008788095238096
7290,1.482,1.5503664484126987
18320,5.00001,3.960574883333332
15778,3.75,2.80299279547619
47,1.375,1.4776467119047623
13825,0.648,0.8813098904761901
19240,2.318,2.6685990976190475
8416,1.607,1.642773873333333
10597,2.51,2.469847208333333
9981,1.425,2.024508571428571
16324,1.765,2.0381490238095243
20346,1.771,2.313958057936507
6366,3.118,3.515250792619048
16224,0.846,1.2564389285714286
1215,1.226,1.1771456904761906
10119,1.982,2.24626492063492
10730,5.0,4.381062103611111
10404,2.798,2.9727740841269843
18411,1.95,2.217277711904761
1944,2.028,1.793855511904762
16966,3.541,3.6969138711904765
1450,2.595,2.8306908428571433
17292,5.00001,3.124644229206347
10299,2.724,3.055732683253968
14563,1.839,1.7905576166666668
17960,2.858,2.548201761904761
10819,2.25,2.1597200793650795
5760,2.926,2.7056448809523808
2403,0.552,0.5267163968253971
11391,2.62,2.2460473650793653
14206,1.589,1.689273190476191
8341,1.721,2.0146938333333337
11152,1.917,2.0717879761904756
9849,2.25,2.1907673238095238
12849,1.083,1.1511436904761905
12524,1.136,1.0886461309523814
15099,1.0,1.3593318412698414
20124,1.917,2.147307548095238
13755,1.172,0.8801068690476193
6045,1.106,1.048324214285714
2168,0.802,0.8509100595238094
4848,0.981,1.2751646547619044
9816,2.538,2.550178047619047
19861,0.481,0.529937357142857
13274,1.928,1.5923332023809522
15041,1.328,1.259439988095238
11333,1.963,1.859156559523809
10501,3.208,2.7055306452380954
5380,3.194,3.13716031920635
18616,2.037,2.4475778690476186
16177,2.071,2.601652181428571
1213,0.799,1.0885176785714286
4347,5.00001,4.133535160238091
16637,3.3,2.1879815555555564
8100,1.39,1.4551359523809526
11057,1.875,1.8751264512987018
12715,4.483,3.2869142885714298
14604,1.763,1.806403416666667
5561,1.759,1.0202036190476196
9645,1.042,1.298661634920635
6535,1.622,1.617926261904762
6239,1.668,1.6109606190476191
7751,1.612,1.6492242857142856
4197,1.531,1.506484428571429
14653,1.569,1.1817420555555558
6550,1.581,1.7403901904761898
2540,0.769,0.8257155595238092
744,1.654,1.645411642857143
19620,0.735,1.9195342519047613
2912,1.184,1.7061665476190482
6137,1.424,1.7771621666666673
10290,2.803,2.8357110809523807
1038,1.072,1.5176733571428573
7134,1.833,1.783984192380953
18726,0.988,0.721147015873016
5662,2.345,2.098542142857143
20256,1.435,1.526729178571428
5071,1.08,1.5339010607142853
9668,0.978,1.0434483095238092
13504,0.705,0.7849766626984127
15572,2.259,1.9088121047619042
16813,2.398,2.5624902615079366
12151,1.364,1.8486091047619049
729,1.806,1.7663809285714296
5576,2.396,1.985254678571429
18430,2.657,2.5817820714285715
1640,2.042,1.8420602857142858
5026,1.225,1.719927178571429
14580,2.04,2.5438250948196237
11616,1.953,1.840479452380953
18640,2.158,2.1730188888888877
10645,5.00001,4.93156205499999
18764,0.758,0.704836123015873
542,2.654,3.445399281269839
146,2.737,3.989129751190473
4989,1.164,1.1492943571428575
16215,0.594,0.7910727142857145
241,1.37,1.0573523095238093
18746,1.192,0.739217369047619
3595,2.442,2.664856816666668
8404,1.7,1.6083942857142852
10360,2.803,3.212001219047618
5714,2.85,3.8101391023809503
12401,1.026,1.7185939047619052
1952,1.205,1.1262432023809523
15800,3.616,4.183401519047617
1594,4.553,4.28631202845238
9161,2.134,2.3023146785714297
8478,1.58,2.0220871666666667
10087,2.17,2.0723568690476193
2680,0.637,0.6056213571428571
844,2.443,2.91753209047619
4779,1.511,1.7403106547619038
11919,1.108,1.0874485238095242
4653,4.338,4.674351236309519
1783,0.729,0.978805261904762
7608,1.085,1.3083147857142858
0,4.526,4.2737568661904755
10155,4.676,4.896868129047611
15362,2.633,2.275614428571428
16623,2.668,2.045698071428572
18086,5.00001,4.831170941666658
2144,0.723,0.7108491626984126
3665,1.515,1.6357404206349202
